game_id,opponent,player_id,player_name,scored
202310160WSH,WSH,anderra01,Rasmus Andersson,0
202310160WSH,WSH,backlmi01,Mikael Backlund,0
202310160WSH,WSH,colembl01,Blake Coleman,0
202310160WSH,WSH,coronma01,Matthew Coronato,0
202310160WSH,WSH,dubedi01,Dillon DubÃ©,1
202310160WSH,WSH,duehrwa01,Walker Duehr,0
202310160WSH,WSH,gilbede01,Dennis Gilbert,0
202310160WSH,WSH,greeraj01,A.J. Greer,0
202310160WSH,WSH,hanifno01,Noah Hanifin,0
202310160WSH,WSH,huberjo01,Jonathan Huberdeau,0
202310160WSH,WSH,kadrina01,Nazem Kadri,0
202310160WSH,WSH,lindhel01,Elias Lindholm,0
202310160WSH,WSH,mangian01,Andrew Mangiapane,0
202310160WSH,WSH,ruzicad01,Adam RuÅ¾iÄka,1
202310160WSH,WSH,sharaye01,Yegor Sharangovich,0
202310160WSH,WSH,tanevch01,Chris Tanev,0
202310160WSH,WSH,weegama01,MacKenzie Weegar,0
202310160WSH,WSH,zadorni01,Nikita Zadorov,0
202310160WSH,WSH,marksja02,Jacob MarkstrÃ¶m,0
202310160WSH,CGY,alexeal01,Alexander Alexeyev,0
202310160WSH,CGY,backsni02,Nicklas BÃ¤ckstrÃ¶m,0
202310160WSH,CGY,carlsjo01,John Carlson,0
202310160WSH,CGY,dowdni01,Nic Dowd,0
202310160WSH,CGY,feherma01,Martin FehÃ©rvÃ¡ry,0
202310160WSH,CGY,jenseni02,Nick Jensen,0
202310160WSH,CGY,kuzneev01,Evgeny Kuznetsov,0
202310160WSH,CGY,malenbe01,Beck Malenstyn,0
202310160WSH,CGY,mcmicco01,Connor McMichael,1
202310160WSH,CGY,milanso01,Sonny Milano,0
202310160WSH,CGY,oshietj01,T.J. Oshie,0
202310160WSH,CGY,ovechal01,Alex Ovechkin,0
202310160WSH,CGY,phillma01,Matthew Phillips,1
202310160WSH,CGY,protaal01,Aliaksei Protas,0
202310160WSH,CGY,sandira01,Rasmus Sandin,0
202310160WSH,CGY,stromdy01,Dylan Strome,0
202310160WSH,CGY,vanritr01,Trevor van Riemsdyk,0
202310160WSH,CGY,wilsoto01,Tom Wilson,0
202310160WSH,CGY,kuempda01,Darcy Kuemper,0
