game_id,opponent,player_id,player_name,scored
202310200NYI,NYI,bahlke01,Kevin Bahl,0
202310200NYI,NYI,bastina01,Nathan Bastian,0
202310200NYI,NYI,brattje01,Jesper Bratt,0
202310200NYI,NYI,hamildo01,Dougie Hamilton,1
202310200NYI,NYI,hischni01,Nico Hischier,0
202310200NYI,NYI,holtzal01,Alexander Holtz,0
202310200NYI,NYI,hugheja03,Jack Hughes,1
202310200NYI,NYI,hughelu01,Luke Hughes,1
202310200NYI,NYI,lazarcu01,Curtis Lazar,0
202310200NYI,NYI,marinjo01,John Marino,0
202310200NYI,NYI,mcleomi01,Michael McLeod,0
202310200NYI,NYI,meierti01,Timo Meier,0
202310200NYI,NYI,merceda01,Dawson Mercer,0
202310200NYI,NYI,palaton01,OndÅej PalÃ¡t,0
202310200NYI,NYI,siegejo01,Jonas Siegenthaler,0
202310200NYI,NYI,smithbr05,Brendan Smith,0
202310200NYI,NYI,tiernch01,Chris Tierney,0
202310200NYI,NYI,toffoty01,Tyler Toffoli,1
202310200NYI,NYI,schmiak01,Akira Schmid,0
202310200NYI,NJD,ahose02,Sebastian Aho,0
202310200NYI,NJD,barzama01,Mathew Barzal,0
202310200NYI,NJD,boldusa01,Samuel Bolduc,0
202310200NYI,NJD,cizikca01,Casey Cizikas,0
202310200NYI,NJD,cluttca01,Cal Clutterbuck,0
202310200NYI,NJD,dobsono01,Noah Dobson,0
202310200NYI,NJD,engvapi01,Pierre Engvall,0
202310200NYI,NJD,faschhu01,Hudson Fasching,0
202310200NYI,NJD,holmssi01,Simon HolmstrÃ¶m,0
202310200NYI,NJD,horvabo01,Bo Horvat,1
202310200NYI,NJD,leean01,Anders Lee,0
202310200NYI,NJD,martima02,Matt Martin,0
202310200NYI,NJD,nelsobr01,Brock Nelson,1
202310200NYI,NJD,pageaje01,Jean-Gabriel Pageau,0
202310200NYI,NJD,palmiky01,Kyle Palmieri,0
202310200NYI,NJD,pelecad01,Adam Pelech,0
202310200NYI,NJD,pulocry01,Ryan Pulock,0
202310200NYI,NJD,romanal01,Alexander Romanov,0
202310200NYI,NJD,sorokil01,Ilya Sorokin,0
