game_id,opponent,player_id,player_name,scored
202311190MIN,MIN,benoisi01,Simon Benoit,0
202311190MIN,MIN,bertuty01,Tyler Bertuzzi,0
202311190MIN,MIN,broditj01,T.J. Brodie,0
202311190MIN,MIN,domima01,Max Domi,0
202311190MIN,MIN,giordma01,Mark Giordano,0
202311190MIN,MIN,gregono01,Noah Gregor,0
202311190MIN,MIN,jarnkca01,Calle JÃ¤rnkrok,0
202311190MIN,MIN,kampfda01,David KÃ¤mpf,0
202311190MIN,MIN,kniesma01,Matthew Knies,1
202311190MIN,MIN,lageswi01,William Lagesson,0
202311190MIN,MIN,marnemi01,Mitch Marner,0
202311190MIN,MIN,matthau01,Auston Matthews,1
202311190MIN,MIN,mccabja01,Jake McCabe,0
202311190MIN,MIN,mcmanbo02,Bobby McMann,0
202311190MIN,MIN,nylanwi01,William Nylander,1
202311190MIN,MIN,riellmo01,Morgan Rielly,1
202311190MIN,MIN,roberni01,Nicholas Robertson,0
202311190MIN,MIN,tavarjo01,John Tavares,0
202311190MIN,MIN,wolljo01,Joseph Woll,0
202311190MIN,TOR,bogosza01,Zach Bogosian,0
202311190MIN,TOR,boldyma01,Matt Boldy,0
202311190MIN,TOR,brodijo01,Jonas Brodin,0
202311190MIN,TOR,dewarco01,Connor Dewar,0
202311190MIN,TOR,duhaibr01,Brandon Duhaime,0
202311190MIN,TOR,eriksjo02,Joel Eriksson Ek,0
202311190MIN,TOR,faberbr01,Brock Faber,0
202311190MIN,TOR,foligma01,Marcus Foligno,0
202311190MIN,TOR,gaudrfr01,FrÃ©dÃ©rick Gaudreau,0
202311190MIN,TOR,hartmry01,Ryan Hartman,0
202311190MIN,TOR,johanma03,Marcus Johansson,0
202311190MIN,TOR,kapriki01,Kirill Kaprizov,0
202311190MIN,TOR,maroopa01,Pat Maroon,0
202311190MIN,TOR,merrijo01,Jonathon Merrill,1
202311190MIN,TOR,middlja01,Jacob Middleton,1
202311190MIN,TOR,rossima01,Marco Rossi,0
202311190MIN,TOR,spurgja01,Jared Spurgeon,0
202311190MIN,TOR,zuccama01,Mats Zuccarello,1
202311190MIN,TOR,fleurma01,Marc-AndrÃ© Fleury,0
