game_id,opponent,player_id,player_name,scored
202311180VAN,VAN,bellepi01,Pierre-Ãdouard Bellemare,0
202311180VAN,VAN,beniema01,Matthew Beniers,1
202311180VAN,VAN,bjorkol01,Oliver Bjorkstrand,0
202311180VAN,VAN,borgewi01,William Borgen,0
202311180VAN,VAN,dumoubr01,Brian Dumoulin,0
202311180VAN,VAN,dunnvi02,Vince Dunn,0
202311180VAN,VAN,eberljo01,Jordan Eberle,1
202311180VAN,VAN,gourdya01,Yanni Gourde,1
202311180VAN,VAN,kartyty01,Tye Kartye,0
202311180VAN,VAN,larssad01,Adam Larsson,0
202311180VAN,VAN,mccanja01,Jared McCann,0
202311180VAN,VAN,oleksja01,Jamie Oleksiak,1
202311180VAN,VAN,schulju01,Justin Schultz,0
202311180VAN,VAN,schwaja01,Jaden Schwartz,0
202311180VAN,VAN,tanevbr01,Brandon Tanev,0
202311180VAN,VAN,tolvaee01,Eeli Tolvanen,0
202311180VAN,VAN,wennbal01,Alexander Wennberg,0
202311180VAN,VAN,yamamka01,Kailer Yamamoto,0
202311180VAN,VAN,grubaph01,Philipp Grubauer,0
202311180VAN,SEA,beauvan01,Anthony Beauvillier,0
202311180VAN,SEA,bluegte01,Teddy Blueger,0
202311180VAN,SEA,boesebr01,Brock Boeser,0
202311180VAN,SEA,coleia01,Ian Cole,0
202311180VAN,SEA,digiuph01,Phillip Di Giuseppe,0
202311180VAN,SEA,garlaco01,Conor Garland,0
202311180VAN,SEA,hirosak01,Akito Hirose,0
202311180VAN,SEA,hoglani01,Nils HÃ¶glander,1
202311180VAN,SEA,hronefi01,Filip Hronek,0
202311180VAN,SEA,hughequ01,Quinn Hughes,1
202311180VAN,SEA,joshuda01,Dakota Joshua,0
202311180VAN,SEA,juulsno01,Noah Juulsen,0
202311180VAN,SEA,kuzmean01,Andrei Kuzmenko,0
202311180VAN,SEA,laffesa01,Sam Lafferty,0
202311180VAN,SEA,mikheil01,Ilya Mikheyev,0
202311180VAN,SEA,millejt01,J.T. Miller,1
202311180VAN,SEA,myersty01,Tyler Myers,0
202311180VAN,SEA,petteel01,Elias Pettersson,0
202311180VAN,SEA,demkoth01,Thatcher Demko,0
