game_id,opponent,player_id,player_name,scored
202311140MTL,MTL,anderra01,Rasmus Andersson,0
202311140MTL,MTL,backlmi01,Mikael Backlund,0
202311140MTL,MTL,colembl01,Blake Coleman,0
202311140MTL,MTL,desimni01,Nick DeSimone,0
202311140MTL,MTL,dubedi01,Dillon DubÃ©,0
202311140MTL,MTL,greeraj01,A.J. Greer,0
202311140MTL,MTL,hanifno01,Noah Hanifin,0
202311140MTL,MTL,huberjo01,Jonathan Huberdeau,0
202311140MTL,MTL,kadrina01,Nazem Kadri,1
202311140MTL,MTL,lindhel01,Elias Lindholm,0
202311140MTL,MTL,mangian01,Andrew Mangiapane,0
202311140MTL,MTL,pospima01,Martin Pospisil,0
202311140MTL,MTL,ruzicad01,Adam RuÅ¾iÄka,0
202311140MTL,MTL,sharaye01,Yegor Sharangovich,0
202311140MTL,MTL,tanevch01,Chris Tanev,0
202311140MTL,MTL,weegama01,MacKenzie Weegar,0
202311140MTL,MTL,zadorni01,Nikita Zadorov,0
202311140MTL,MTL,zaryco01,Connor Zary,1
202311140MTL,MTL,marksja02,Jacob MarkstrÃ¶m,0
202311140MTL,CGY,anderjo05,Josh Anderson,0
202311140MTL,CGY,barroju01,Justin Barron,0
202311140MTL,CGY,caufico01,Cole Caufield,0
202311140MTL,CGY,dvorach01,Christian Dvorak,0
202311140MTL,CGY,evansja02,Jake Evans,0
202311140MTL,CGY,gallabr01,Brendan Gallagher,0
202311140MTL,CGY,guhleka01,Kaiden Guhle,0
202311140MTL,CGY,harvera01,RafaÃ«l Harvey-Pinard,0
202311140MTL,CGY,kovacjo01,Johnathan Kovacevic,0
202311140MTL,CGY,lindsgu01,Gustav LindstrÃ¶m,1
202311140MTL,CGY,mathemi01,Mike Matheson,0
202311140MTL,CGY,monahse01,Sean Monahan,0
202311140MTL,CGY,newhoal01,Alex Newhook,0
202311140MTL,CGY,pearsta01,Tanner Pearson,0
202311140MTL,CGY,slafkju01,Juraj Slafkovsky,0
202311140MTL,CGY,suzukni01,Nick Suzuki,0
202311140MTL,CGY,xhekaar01,Arber Xhekaj,0
202311140MTL,CGY,yloneje01,Jesse YlÃ¶nen,0
202311140MTL,CGY,montesa01,Sam Montembeault,0
