game_id,opponent,player_id,player_name,scored
202310300TBL,TBL,bellepi01,Pierre-Ãdouard Bellemare,0
202310300TBL,TBL,beniema01,Matthew Beniers,0
202310300TBL,TBL,bjorkol01,Oliver Bjorkstrand,0
202310300TBL,TBL,borgewi01,William Borgen,0
202310300TBL,TBL,dumoubr01,Brian Dumoulin,1
202310300TBL,TBL,dunnvi02,Vince Dunn,0
202310300TBL,TBL,eberljo01,Jordan Eberle,0
202310300TBL,TBL,gourdya01,Yanni Gourde,1
202310300TBL,TBL,kartyty01,Tye Kartye,0
202310300TBL,TBL,larssad01,Adam Larsson,0
202310300TBL,TBL,mccanja01,Jared McCann,1
202310300TBL,TBL,oleksja01,Jamie Oleksiak,0
202310300TBL,TBL,schulju01,Justin Schultz,0
202310300TBL,TBL,schwaja01,Jaden Schwartz,0
202310300TBL,TBL,shorede01,Devin Shore,0
202310300TBL,TBL,tolvaee01,Eeli Tolvanen,0
202310300TBL,TBL,wennbal01,Alexander Wennberg,0
202310300TBL,TBL,yamamka01,Kailer Yamamoto,1
202310300TBL,TBL,grubaph01,Philipp Grubauer,0
202310300TBL,SEA,barreal01,Alex BarrÃ©-Boulet,1
202310300TBL,SEA,cernaer01,Erik ÄernÃ¡k,0
202310300TBL,SEA,cirelan01,Anthony Cirelli,0
202310300TBL,SEA,eyssimi01,Michael Eyssimont,0
202310300TBL,SEA,fleurha01,Haydn Fleury,0
202310300TBL,SEA,glendlu01,Luke Glendening,0
202310300TBL,SEA,hagelbr01,Brandon Hagel,1
202310300TBL,SEA,hedmavi01,Victor Hedman,0
202310300TBL,SEA,jeannta01,Tanner Jeannot,1
202310300TBL,SEA,kucheni01,Nikita Kucherov,0
202310300TBL,SEA,merelwa01,Waltteri Merela,0
202310300TBL,SEA,paulni01,Nick Paul,0
202310300TBL,SEA,perbini01,Nicklaus Perbix,0
202310300TBL,SEA,pointbr01,Brayden Point,0
202310300TBL,SEA,raddyda01,Darren Raddysh,0
202310300TBL,SEA,sergami01,Mikhail Sergachev,0
202310300TBL,SEA,shearco01,Conor Sheary,0
202310300TBL,SEA,stamkst01,Steven Stamkos,0
202310300TBL,SEA,johanjo03,Jonas Johansson,0
