game_id,opponent,player_id,player_name,scored
202310300WPG,WPG,boninni01,Nick Bonino,0
202310300WPG,WPG,chytifi01,Filip Chytil,0
202310300WPG,WPG,cuyllwi01,William Cuylle,0
202310300WPG,WPG,foxad01,Adam Fox,0
202310300WPG,WPG,goodrba01,Barclay Goodrow,0
202310300WPG,WPG,gustaer02,Erik Gustafsson,0
202310300WPG,WPG,kakkoka01,Kaapo Kakko,0
202310300WPG,WPG,kreidch01,Chris Kreider,1
202310300WPG,WPG,lafreal01,Alexis LafreniÃ¨re,0
202310300WPG,WPG,lindgry01,Ryan Lindgren,0
202310300WPG,WPG,milleka01,K'Andre Miller,0
202310300WPG,WPG,panarar01,Artemi Panarin,1
202310300WPG,WPG,schnebr01,Braden Schneider,0
202310300WPG,WPG,trochvi01,Vincent Trocheck,0
202310300WPG,WPG,troubja01,Jacob Trouba,0
202310300WPG,WPG,veseyji02,Jimmy Vesey,0
202310300WPG,WPG,wheelbl01,Blake Wheeler,0
202310300WPG,WPG,zibanmi01,Mika Zibanejad,1
202310300WPG,WPG,shestig01,Igor Shesterkin,0
202310300WPG,NYR,applema01,Mason Appleton,0
202310300WPG,NYR,barromo01,Morgan Barron,0
202310300WPG,NYR,connoky01,Kyle Connor,0
202310300WPG,NYR,demeldy01,Dylan DeMelo,0
202310300WPG,NYR,dillobr01,Brenden Dillon,0
202310300WPG,NYR,ehlerni01,Nikolaj Ehlers,1
202310300WPG,NYR,gustada01,David Gustafsson,1
202310300WPG,NYR,iafalal01,Alex Iafallo,0
202310300WPG,NYR,kuparra01,Rasmus Kupari,0
202310300WPG,NYR,lowryad01,Adam Lowry,0
202310300WPG,NYR,morrijo04,Josh Morrissey,0
202310300WPG,NYR,namesvl01,Vladislav Namestnikov,0
202310300WPG,NYR,niedeni01,Nino Niederreiter,0
202310300WPG,NYR,perfeco01,Cole Perfetti,0
202310300WPG,NYR,pionkne01,Neal Pionk,0
202310300WPG,NYR,sambedy01,Dylan Samberg,0
202310300WPG,NYR,scheima01,Mark Scheifele,0
202310300WPG,NYR,schmina01,Nate Schmidt,0
202310300WPG,NYR,helleco01,Connor Hellebuyck,0
