game_id,opponent,player_id,player_name,scored
202312150ARI,ARI,addisca01,Calen Addison,0
202312150ARI,ARI,baileju01,Justin Bailey,0
202312150ARI,ARI,barabal01,Alexander Barabanov,0
202312150ARI,ARI,burroky01,Kyle Burroughs,0
202312150ARI,ARI,duclaan01,Anthony Duclair,0
202312150ARI,ARI,eklunwi01,William Eklund,0
202312150ARI,ARI,ferrama01,Mario Ferraro,0
202312150ARI,ARI,granlmi01,Mikael Granlund,0
202312150ARI,ARI,hertlto01,TomÃ¡Å¡ Hertl,0
202312150ARI,ARI,hoffmmi02,Mike Hoffman,0
202312150ARI,ARI,kuninlu01,Luke Kunin,0
202312150ARI,ARI,labanke01,Kevin Labanc,0
202312150ARI,ARI,okhotni01,Nikita Okhotyuk,0
202312150ARI,ARI,ruttaja02,Jan Rutta,0
202312150ARI,ARI,smithgi01,Givani Smith,0
202312150ARI,ARI,thrunhe01,Henry Thrun,0
202312150ARI,ARI,zadinfi01,Filip Zadina,0
202312150ARI,ARI,zettefa01,Fabian Zetterlund,0
202312150ARI,ARI,kahkoka01,Kaapo KÃ¤hkÃ¶nen,0
202312150ARI,SJS,bjugsni01,Nick Bjugstad,0
202312150ARI,SJS,carcomi01,Michael Carcone,0
202312150ARI,SJS,coolelo01,Logan Cooley,0
202312150ARI,SJS,crousla01,Lawson Crouse,0
202312150ARI,SJS,dermotr01,Travis Dermott,0
202312150ARI,SJS,dumbama01,Mathew Dumba,0
202312150ARI,SJS,kellecl01,Clayton Keller,0
202312150ARI,SJS,kerfoal01,Alexander Kerfoot,0
202312150ARI,SJS,kessemi01,Michael Kesselring,0
202312150ARI,SJS,maccema01,Matias Maccelli,1
202312150ARI,SJS,mcbaija03,Jack McBain,0
202312150ARI,SJS,moserja01,J.J. Moser,0
202312150ARI,SJS,obrieli01,Liam O'Brien,0
202312150ARI,SJS,sanfoza01,Zach Sanford,0
202312150ARI,SJS,schmani01,Nick Schmaltz,0
202312150ARI,SJS,stechtr01,Troy Stecher,0
202312150ARI,SJS,valimju01,Juuso VÃ¤limÃ¤ki,0
202312150ARI,SJS,zuckeja01,Jason Zucker,0
202312150ARI,SJS,ingraco01,Connor Ingram,0
