game_id,opponent,player_id,player_name,scored
202312160CGY,CGY,cernaer01,Erik ÄernÃ¡k,0
202312160CGY,CGY,cirelan01,Anthony Cirelli,0
202312160CGY,CGY,dehaaca01,Calvin de Haan,0
202312160CGY,CGY,eyssimi01,Michael Eyssimont,0
202312160CGY,CGY,glendlu01,Luke Glendening,0
202312160CGY,CGY,hagelbr01,Brandon Hagel,0
202312160CGY,CGY,hedmavi01,Victor Hedman,0
202312160CGY,CGY,jeannta01,Tanner Jeannot,0
202312160CGY,CGY,kucheni01,Nikita Kucherov,0
202312160CGY,CGY,mottety01,Tyler Motte,0
202312160CGY,CGY,paulni01,Nick Paul,0
202312160CGY,CGY,perbini01,Nicklaus Perbix,0
202312160CGY,CGY,pointbr01,Brayden Point,1
202312160CGY,CGY,raddyda01,Darren Raddysh,0
202312160CGY,CGY,sergami01,Mikhail Sergachev,0
202312160CGY,CGY,shearco01,Conor Sheary,0
202312160CGY,CGY,stamkst01,Steven Stamkos,1
202312160CGY,CGY,watsoau01,Austin Watson,0
202312160CGY,CGY,vasilan02,Andrei Vasilevskiy,0
202312160CGY,TBL,anderra01,Rasmus Andersson,0
202312160CGY,TBL,backlmi01,Mikael Backlund,0
202312160CGY,TBL,colembl01,Blake Coleman,0
202312160CGY,TBL,desimni01,Nick DeSimone,0
202312160CGY,TBL,dubedi01,Dillon DubÃ©,0
202312160CGY,TBL,gilbede01,Dennis Gilbert,0
202312160CGY,TBL,greeraj01,A.J. Greer,1
202312160CGY,TBL,hanifno01,Noah Hanifin,0
202312160CGY,TBL,huberjo01,Jonathan Huberdeau,0
202312160CGY,TBL,kadrina01,Nazem Kadri,0
202312160CGY,TBL,lindhel01,Elias Lindholm,0
202312160CGY,TBL,mangian01,Andrew Mangiapane,0
202312160CGY,TBL,oestejo01,Jordan Oesterle,0
202312160CGY,TBL,pospima01,Martin Pospisil,0
202312160CGY,TBL,ruzicad01,Adam RuÅ¾iÄka,0
202312160CGY,TBL,sharaye01,Yegor Sharangovich,1
202312160CGY,TBL,weegama01,MacKenzie Weegar,1
202312160CGY,TBL,zaryco01,Connor Zary,1
202312160CGY,TBL,vladada01,Daniel VladaÅ,0
