game_id,opponent,player_id,player_name,scored
202311110TOR,TOR,beauvan01,Anthony Beauvillier,0
202311110TOR,TOR,boesebr01,Brock Boeser,0
202311110TOR,TOR,coleia01,Ian Cole,0
202311110TOR,TOR,digiuph01,Phillip Di Giuseppe,0
202311110TOR,TOR,friedma01,Mark Friedman,0
202311110TOR,TOR,garlaco01,Conor Garland,0
202311110TOR,TOR,hoglani01,Nils HÃ¶glander,0
202311110TOR,TOR,hronefi01,Filip Hronek,0
202311110TOR,TOR,hughequ01,Quinn Hughes,0
202311110TOR,TOR,joshuda01,Dakota Joshua,0
202311110TOR,TOR,kuzmean01,Andrei Kuzmenko,0
202311110TOR,TOR,laffesa01,Sam Lafferty,0
202311110TOR,TOR,mikheil01,Ilya Mikheyev,0
202311110TOR,TOR,millejt01,J.T. Miller,1
202311110TOR,TOR,myersty01,Tyler Myers,0
202311110TOR,TOR,petteel01,Elias Pettersson,0
202311110TOR,TOR,soucyca01,Carson Soucy,0
202311110TOR,TOR,suterpi01,Pius Suter,1
202311110TOR,TOR,demkoth01,Thatcher Demko,0
202311110TOR,VAN,bertuty01,Tyler Bertuzzi,0
202311110TOR,VAN,broditj01,T.J. Brodie,0
202311110TOR,VAN,domima01,Max Domi,0
202311110TOR,VAN,giordma01,Mark Giordano,0
202311110TOR,VAN,gregono01,Noah Gregor,1
202311110TOR,VAN,jarnkca01,Calle JÃ¤rnkrok,0
202311110TOR,VAN,kampfda01,David KÃ¤mpf,1
202311110TOR,VAN,klingjo01,John Klingberg,0
202311110TOR,VAN,kniesma01,Matthew Knies,1
202311110TOR,VAN,lageswi01,William Lagesson,0
202311110TOR,VAN,marnemi01,Mitch Marner,0
202311110TOR,VAN,matthau01,Auston Matthews,0
202311110TOR,VAN,mccabja01,Jake McCabe,0
202311110TOR,VAN,mcmanbo02,Bobby McMann,0
202311110TOR,VAN,nylanwi01,William Nylander,1
202311110TOR,VAN,riellmo01,Morgan Rielly,0
202311110TOR,VAN,roberni01,Nicholas Robertson,1
202311110TOR,VAN,tavarjo01,John Tavares,0
202311110TOR,VAN,samsoil01,Ilya Samsonov,0
