game_id,opponent,player_id,player_name,scored
202310240CGY,CGY,boninni01,Nick Bonino,0
202310240CGY,CGY,chytifi01,Filip Chytil,0
202310240CGY,CGY,cuyllwi01,William Cuylle,0
202310240CGY,CGY,foxad01,Adam Fox,0
202310240CGY,CGY,goodrba01,Barclay Goodrow,0
202310240CGY,CGY,gustaer02,Erik Gustafsson,1
202310240CGY,CGY,kakkoka01,Kaapo Kakko,0
202310240CGY,CGY,kreidch01,Chris Kreider,1
202310240CGY,CGY,lafreal01,Alexis LafreniÃ¨re,1
202310240CGY,CGY,lindgry01,Ryan Lindgren,0
202310240CGY,CGY,milleka01,K'Andre Miller,0
202310240CGY,CGY,panarar01,Artemi Panarin,0
202310240CGY,CGY,schnebr01,Braden Schneider,0
202310240CGY,CGY,trochvi01,Vincent Trocheck,0
202310240CGY,CGY,troubja01,Jacob Trouba,0
202310240CGY,CGY,veseyji02,Jimmy Vesey,0
202310240CGY,CGY,wheelbl01,Blake Wheeler,0
202310240CGY,CGY,zibanmi01,Mika Zibanejad,0
202310240CGY,CGY,shestig01,Igor Shesterkin,0
202310240CGY,NYR,backlmi01,Mikael Backlund,0
202310240CGY,NYR,colembl01,Blake Coleman,1
202310240CGY,NYR,coronma01,Matthew Coronato,0
202310240CGY,NYR,dubedi01,Dillon DubÃ©,0
202310240CGY,NYR,duehrwa01,Walker Duehr,0
202310240CGY,NYR,gilbede01,Dennis Gilbert,0
202310240CGY,NYR,hanifno01,Noah Hanifin,0
202310240CGY,NYR,huberjo01,Jonathan Huberdeau,0
202310240CGY,NYR,huntdr01,Dryden Hunt,0
202310240CGY,NYR,kadrina01,Nazem Kadri,0
202310240CGY,NYR,lindhel01,Elias Lindholm,0
202310240CGY,NYR,mangian01,Andrew Mangiapane,0
202310240CGY,NYR,oestejo01,Jordan Oesterle,0
202310240CGY,NYR,ruzicad01,Adam RuÅ¾iÄka,0
202310240CGY,NYR,sharaye01,Yegor Sharangovich,0
202310240CGY,NYR,tanevch01,Chris Tanev,0
202310240CGY,NYR,weegama01,MacKenzie Weegar,0
202310240CGY,NYR,zadorni01,Nikita Zadorov,0
202310240CGY,NYR,marksja02,Jacob MarkstrÃ¶m,0
