game_id,opponent,player_id,player_name,scored
202312110COL,COL,anderra01,Rasmus Andersson,0
202312110COL,COL,backlmi01,Mikael Backlund,0
202312110COL,COL,colembl01,Blake Coleman,1
202312110COL,COL,dubedi01,Dillon DubÃ©,0
202312110COL,COL,gilbede01,Dennis Gilbert,0
202312110COL,COL,greeraj01,A.J. Greer,0
202312110COL,COL,hanifno01,Noah Hanifin,0
202312110COL,COL,huberjo01,Jonathan Huberdeau,0
202312110COL,COL,kadrina01,Nazem Kadri,1
202312110COL,COL,lindhel01,Elias Lindholm,0
202312110COL,COL,mangian01,Andrew Mangiapane,1
202312110COL,COL,pospima01,Martin Pospisil,0
202312110COL,COL,ruzicad01,Adam RuÅ¾iÄka,0
202312110COL,COL,sharaye01,Yegor Sharangovich,1
202312110COL,COL,solovil01,Ilya Solovyov,0
202312110COL,COL,tanevch01,Chris Tanev,0
202312110COL,COL,weegama01,MacKenzie Weegar,0
202312110COL,COL,zaryco01,Connor Zary,1
202312110COL,COL,vladada01,Daniel VladaÅ,0
202312110COL,CGY,byrambo01,Bowen Byram,0
202312110COL,CGY,coglian01,Andrew Cogliano,0
202312110COL,CGY,coltoro01,Ross Colton,1
202312110COL,CGY,drouijo01,Jonathan Drouin,0
202312110COL,CGY,johanry01,Ryan Johansen,0
202312110COL,CGY,johnsja02,Jack Johnson,0
202312110COL,CGY,mackina01,Nathan MacKinnon,1
202312110COL,CGY,makarca01,Cale Makar,1
202312110COL,CGY,malinsa01,Sam Malinski,0
202312110COL,CGY,mansojo01,Josh Manson,0
202312110COL,CGY,meyerbe01,Ben Meyers,1
202312110COL,CGY,nichuva01,Valeri Nichushkin,0
202312110COL,CGY,oconnlo01,Logan O'Connor,0
202312110COL,CGY,olofsfr01,Fredrik Olofsson,0
202312110COL,CGY,rantami01,Mikko Rantanen,1
202312110COL,CGY,tatarto01,TomÃ¡Å¡ Tatar,1
202312110COL,CGY,toewsde01,Devon Toews,0
202312110COL,CGY,woodmi01,Miles Wood,0
202312110COL,CGY,georgal01,Alexandar Georgiev,0
202312110COL,CGY,prosviv01,Ivan Prosvetov,0
