game_id,opponent,player_id,player_name,scored
202311240CHI,CHI,bertuty01,Tyler Bertuzzi,0
202311240CHI,CHI,broditj01,T.J. Brodie,0
202311240CHI,CHI,domima01,Max Domi,0
202311240CHI,CHI,giordma01,Mark Giordano,0
202311240CHI,CHI,gregono01,Noah Gregor,0
202311240CHI,CHI,jarnkca01,Calle JÃ¤rnkrok,1
202311240CHI,CHI,kampfda01,David KÃ¤mpf,0
202311240CHI,CHI,kniesma01,Matthew Knies,0
202311240CHI,CHI,lageswi01,William Lagesson,0
202311240CHI,CHI,marnemi01,Mitch Marner,0
202311240CHI,CHI,matthau01,Auston Matthews,0
202311240CHI,CHI,mccabja01,Jake McCabe,0
202311240CHI,CHI,nylanwi01,William Nylander,0
202311240CHI,CHI,reavery01,Ryan Reaves,1
202311240CHI,CHI,riellmo01,Morgan Rielly,0
202311240CHI,CHI,roberni01,Nicholas Robertson,1
202311240CHI,CHI,tavarjo01,John Tavares,0
202311240CHI,CHI,timmico01,Conor Timmins,0
202311240CHI,CHI,samsoil01,Ilya Samsonov,0
202311240CHI,TOR,anderjo08,Joey Anderson,0
202311240CHI,TOR,bedarco01,Connor Bedard,0
202311240CHI,TOR,dickija01,Jason Dickinson,1
202311240CHI,TOR,donatry01,Ryan Donato,0
202311240CHI,TOR,foligni01,Nick Foligno,0
202311240CHI,TOR,guttmco01,Cole Guttman,0
202311240CHI,TOR,johnsre01,Reese Johnson,0
202311240CHI,TOR,johnsty01,Tyler Johnson,0
202311240CHI,TOR,jonesse01,Seth Jones,0
202311240CHI,TOR,kaisewy01,Wyatt Kaiser,0
202311240CHI,TOR,katchbo01,Boris Katchouk,0
202311240CHI,TOR,korchke01,Kevin Korchinski,1
202311240CHI,TOR,kurasph01,Philipp Kurashev,0
202311240CHI,TOR,murphco02,Connor Murphy,0
202311240CHI,TOR,phillis01,Isaak Phillips,0
202311240CHI,TOR,raddyta01,Taylor Raddysh,0
202311240CHI,TOR,reichlu01,Lukas Reichel,0
202311240CHI,TOR,vlasial01,Alex Vlasic,0
202311240CHI,TOR,soderar01,Arvid SÃ¶derblom,0
