game_id,opponent,player_id,player_name,scored
202311200DAL,DAL,boninni01,Nick Bonino,0
202311200DAL,DAL,cuyllwi01,William Cuylle,0
202311200DAL,DAL,goodrba01,Barclay Goodrow,1
202311200DAL,DAL,gustaer02,Erik Gustafsson,0
202311200DAL,DAL,jonesza01,Zachary Jones,0
202311200DAL,DAL,kakkoka01,Kaapo Kakko,1
202311200DAL,DAL,kreidch01,Chris Kreider,0
202311200DAL,DAL,lafreal01,Alexis LafreniÃ¨re,0
202311200DAL,DAL,lindgry01,Ryan Lindgren,0
202311200DAL,DAL,milleka01,K'Andre Miller,0
202311200DAL,DAL,panarar01,Artemi Panarin,0
202311200DAL,DAL,pitlity01,Tyler Pitlick,0
202311200DAL,DAL,schnebr01,Braden Schneider,0
202311200DAL,DAL,trochvi01,Vincent Trocheck,1
202311200DAL,DAL,troubja01,Jacob Trouba,0
202311200DAL,DAL,veseyji02,Jimmy Vesey,0
202311200DAL,DAL,wheelbl01,Blake Wheeler,0
202311200DAL,DAL,zibanmi01,Mika Zibanejad,0
202311200DAL,DAL,shestig01,Igor Shesterkin,0
202311200DAL,NYR,bennja01,Jamie Benn,1
202311200DAL,NYR,dadonev01,Evgenii Dadonov,0
202311200DAL,NYR,duchema01,Matt Duchene,0
202311200DAL,NYR,faksara01,Radek Faksa,0
202311200DAL,NYR,hakanja01,Jani HakanpÃ¤Ã¤,0
202311200DAL,NYR,hanlejo01,Joel Hanley,0
202311200DAL,NYR,heiskmi01,Miro Heiskanen,0
202311200DAL,NYR,hintzro01,Roope Hintz,1
202311200DAL,NYR,johnswy01,Wyatt Johnston,0
202311200DAL,NYR,lindees01,Esa Lindell,0
202311200DAL,NYR,lundkni01,Nils Lundkvist,0
202311200DAL,NYR,marchma01,Mason Marchment,1
202311200DAL,NYR,paveljo01,Joe Pavelski,1
202311200DAL,NYR,roberja01,Jason Robertson,0
202311200DAL,NYR,seguity01,Tyler Seguin,1
202311200DAL,NYR,smithcr01,Craig Smith,0
202311200DAL,NYR,steelsa01,Sam Steel,1
202311200DAL,NYR,suterry01,Ryan Suter,0
202311200DAL,NYR,wedgesc01,Scott Wedgewood,0
