game_id,opponent,player_id,player_name,scored
202312050NYI,NYI,addisca01,Calen Addison,0
202312050NYI,NYI,baileju01,Justin Bailey,0
202312050NYI,NYI,barabal01,Alexander Barabanov,0
202312050NYI,NYI,burroky01,Kyle Burroughs,0
202312050NYI,NYI,duclaan01,Anthony Duclair,0
202312050NYI,NYI,eklunwi01,William Eklund,1
202312050NYI,NYI,ferrama01,Mario Ferraro,0
202312050NYI,NYI,granlmi01,Mikael Granlund,0
202312050NYI,NYI,hertlto01,TomÃ¡Å¡ Hertl,1
202312050NYI,NYI,hoffmmi02,Mike Hoffman,0
202312050NYI,NYI,labanke01,Kevin Labanc,1
202312050NYI,NYI,macdoja02,Jacob MacDonald,0
202312050NYI,NYI,okhotni01,Nikita Okhotyuk,0
202312050NYI,NYI,ruttaja02,Jan Rutta,0
202312050NYI,NYI,sturmni01,Nico Sturm,0
202312050NYI,NYI,vlasima01,Marc-Ãdouard Vlasic,0
202312050NYI,NYI,zadinfi01,Filip Zadina,0
202312050NYI,NYI,zettefa01,Fabian Zetterlund,0
202312050NYI,NYI,kahkoka01,Kaapo KÃ¤hkÃ¶nen,0
202312050NYI,SJS,barzama01,Mathew Barzal,0
202312050NYI,SJS,boldusa01,Samuel Bolduc,0
202312050NYI,SJS,cizikca01,Casey Cizikas,0
202312050NYI,SJS,cluttca01,Cal Clutterbuck,0
202312050NYI,SJS,dobsono01,Noah Dobson,0
202312050NYI,SJS,engvapi01,Pierre Engvall,0
202312050NYI,SJS,faschhu01,Hudson Fasching,0
202312050NYI,SJS,gauthju01,Julien Gauthier,1
202312050NYI,SJS,holmssi01,Simon HolmstrÃ¶m,0
202312050NYI,SJS,horvabo01,Bo Horvat,0
202312050NYI,SJS,leean01,Anders Lee,0
202312050NYI,SJS,mayfisc01,Scott Mayfield,0
202312050NYI,SJS,nelsobr01,Brock Nelson,1
202312050NYI,SJS,pageaje01,Jean-Gabriel Pageau,0
202312050NYI,SJS,palmiky01,Kyle Palmieri,0
202312050NYI,SJS,pulocry01,Ryan Pulock,1
202312050NYI,SJS,reillmi01,Mike Reilly,1
202312050NYI,SJS,romanal01,Alexander Romanov,0
202312050NYI,SJS,sorokil01,Ilya Sorokin,0
