game_id,opponent,player_id,player_name,scored
202312020PIT,PIT,atkinca01,Cam Atkinson,0
202312020PIT,PIT,brinkbo01,Bobby Brink,0
202312020PIT,PIT,coutuse01,Sean Couturier,0
202312020PIT,PIT,deslani01,Nicolas Deslauriers,0
202312020PIT,PIT,farabjo01,Joel Farabee,0
202312020PIT,PIT,foersty01,Tyson Foerster,1
202312020PIT,PIT,frostmo01,Morgan Frost,0
202312020PIT,PIT,hathaga01,Garnet Hathaway,0
202312020PIT,PIT,konectr01,Travis Konecny,0
202312020PIT,PIT,laughsc01,Scott Laughton,1
202312020PIT,PIT,poehlry01,Ryan Poehling,0
202312020PIT,PIT,ristora01,Rasmus Ristolainen,0
202312020PIT,PIT,sanhetr01,Travis Sanheim,0
202312020PIT,PIT,seeleni01,Nick Seeler,0
202312020PIT,PIT,staalma01,Marc Staal,0
202312020PIT,PIT,tippeow01,Owen Tippett,1
202312020PIT,PIT,walkese01,Sean Walker,0
202312020PIT,PIT,yorkca01,Cameron York,0
202312020PIT,PIT,erssosa01,Samuel Ersson,0
202312020PIT,PHI,carteje01,Jeff Carter,0
202312020PIT,PHI,crosbsi01,Sidney Crosby,0
202312020PIT,PHI,ellerla01,Lars Eller,0
202312020PIT,PHI,gravery01,Ryan Graves,0
202312020PIT,PHI,guentja01,Jake Guentzel,1
202312020PIT,PHI,harkija01,Jansen Harkins,0
202312020PIT,PHI,hinosvi01,Vinnie Hinostroza,0
202312020PIT,PHI,karlser01,Erik Karlsson,0
202312020PIT,PHI,koppajo01,Joona Koppanen,0
202312020PIT,PHI,letankr01,Kris Letang,1
202312020PIT,PHI,ludvijo01,John Ludvig,0
202312020PIT,PHI,malkiev01,Evgeni Malkin,0
202312020PIT,PHI,oconndr01,Drew O'Connor,0
202312020PIT,PHI,pettema01,Marcus Pettersson,0
202312020PIT,PHI,rustbr01,Bryan Rust,0
202312020PIT,PHI,sheary01,Ryan Shea,0
202312020PIT,PHI,smithre01,Reilly Smith,0
202312020PIT,PHI,zohorra01,Radim Zohorna,0
202312020PIT,PHI,jarrytr01,Tristan Jarry,0
