game_id,opponent,player_id,player_name,scored
202312180CGY,CGY,barkoal01,Aleksander Barkov,0
202312180CGY,CGY,bennesa01,Sam Bennett,0
202312180CGY,CGY,cousini01,Nick Cousins,0
202312180CGY,CGY,ekblaaa01,Aaron Ekblad,0
202312180CGY,CGY,ekmanol01,Oliver Ekman-Larsson,0
202312180CGY,CGY,forslgu02,Gustav Forsling,0
202312180CGY,CGY,kulikdm01,Dmitry Kulikov,0
202312180CGY,CGY,lockwwi01,William Lockwood,0
202312180CGY,CGY,lombery01,Ryan Lomberg,0
202312180CGY,CGY,lorenst01,Steven Lorentz,0
202312180CGY,CGY,luostee01,Eetu Luostarinen,0
202312180CGY,CGY,mikkoni01,Niko Mikkola,0
202312180CGY,CGY,montobr01,Brandon Montour,0
202312180CGY,CGY,reinhsa01,Sam Reinhart,1
202312180CGY,CGY,rodriev01,Evan Rodrigues,0
202312180CGY,CGY,stenlke01,Kevin Stenlund,0
202312180CGY,CGY,tkachma01,Matthew Tkachuk,0
202312180CGY,CGY,verhaca01,Carter Verhaeghe,0
202312180CGY,CGY,stolaan01,Anthony Stolarz,0
202312180CGY,FLA,anderra01,Rasmus Andersson,0
202312180CGY,FLA,backlmi01,Mikael Backlund,1
202312180CGY,FLA,colembl01,Blake Coleman,1
202312180CGY,FLA,desimni01,Nick DeSimone,0
202312180CGY,FLA,dubedi01,Dillon DubÃ©,0
202312180CGY,FLA,gilbede01,Dennis Gilbert,0
202312180CGY,FLA,greeraj01,A.J. Greer,0
202312180CGY,FLA,hanifno01,Noah Hanifin,0
202312180CGY,FLA,huberjo01,Jonathan Huberdeau,0
202312180CGY,FLA,kadrina01,Nazem Kadri,0
202312180CGY,FLA,lindhel01,Elias Lindholm,0
202312180CGY,FLA,mangian01,Andrew Mangiapane,0
202312180CGY,FLA,pospima01,Martin Pospisil,1
202312180CGY,FLA,ruzicad01,Adam RuÅ¾iÄka,0
202312180CGY,FLA,sharaye01,Yegor Sharangovich,0
202312180CGY,FLA,tanevch01,Chris Tanev,0
202312180CGY,FLA,weegama01,MacKenzie Weegar,0
202312180CGY,FLA,zaryco01,Connor Zary,0
202312180CGY,FLA,marksja02,Jacob MarkstrÃ¶m,0
