game_id,opponent,player_id,player_name,scored
202310140DET,DET,cernaer01,Erik ÄernÃ¡k,0
202310140DET,DET,cirelan01,Anthony Cirelli,0
202310140DET,DET,dehaaca01,Calvin de Haan,0
202310140DET,DET,eyssimi01,Michael Eyssimont,0
202310140DET,DET,fleurha01,Haydn Fleury,0
202310140DET,DET,glendlu01,Luke Glendening,0
202310140DET,DET,hagelbr01,Brandon Hagel,1
202310140DET,DET,hedmavi01,Victor Hedman,1
202310140DET,DET,jeannta01,Tanner Jeannot,0
202310140DET,DET,kucheni01,Nikita Kucherov,0
202310140DET,DET,merelwa01,Waltteri Merela,0
202310140DET,DET,paulni01,Nick Paul,0
202310140DET,DET,perbini01,Nicklaus Perbix,0
202310140DET,DET,pointbr01,Brayden Point,0
202310140DET,DET,raddyda01,Darren Raddysh,0
202310140DET,DET,sergami01,Mikhail Sergachev,0
202310140DET,DET,shearco01,Conor Sheary,0
202310140DET,DET,stamkst01,Steven Stamkos,1
202310140DET,DET,johanjo03,Jonas Johansson,0
202310140DET,TBL,chiarbe01,Ben Chiarot,0
202310140DET,TBL,comphj.01,J.T. Compher,1
202310140DET,TBL,coppan01,Andrew Copp,0
202310140DET,TBL,debrial01,Alex DeBrincat,1
202310140DET,TBL,fischch01,Christian Fischer,0
202310140DET,TBL,gostish01,Shayne Gostisbehere,0
202310140DET,TBL,hollju01,Justin Holl,0
202310140DET,TBL,kostikl01,Klim Kostin,0
202310140DET,TBL,larkidy01,Dylan Larkin,0
202310140DET,TBL,maattol01,Olli MÃ¤Ã¤ttÃ¤,0
202310140DET,TBL,perroda01,David Perron,0
202310140DET,TBL,petryje01,Jeff Petry,0
202310140DET,TBL,rasmumi01,Michael Rasmussen,0
202310140DET,TBL,raymolu01,Lucas Raymond,1
202310140DET,TBL,seidemo01,Moritz Seider,1
202310140DET,TBL,spronda01,Daniel Sprong,1
202310140DET,TBL,velenjo01,Joe Veleno,0
202310140DET,TBL,walmaja01,Jake Walman,0
202310140DET,TBL,hussovi01,Ville Husso,0
