game_id,opponent,player_id,player_name,scored
202310140STL,STL,bellepi01,Pierre-Ãdouard Bellemare,0
202310140STL,STL,beniema01,Matthew Beniers,0
202310140STL,STL,bjorkol01,Oliver Bjorkstrand,0
202310140STL,STL,borgewi01,William Borgen,0
202310140STL,STL,burakan01,AndrÃ© Burakovsky,0
202310140STL,STL,dumoubr01,Brian Dumoulin,0
202310140STL,STL,dunnvi02,Vince Dunn,0
202310140STL,STL,eberljo01,Jordan Eberle,0
202310140STL,STL,gourdya01,Yanni Gourde,0
202310140STL,STL,kartyty01,Tye Kartye,0
202310140STL,STL,larssad01,Adam Larsson,0
202310140STL,STL,mccanja01,Jared McCann,0
202310140STL,STL,oleksja01,Jamie Oleksiak,0
202310140STL,STL,schulju01,Justin Schultz,0
202310140STL,STL,schwaja01,Jaden Schwartz,1
202310140STL,STL,tolvaee01,Eeli Tolvanen,0
202310140STL,STL,wennbal01,Alexander Wennberg,0
202310140STL,STL,yamamka01,Kailer Yamamoto,0
202310140STL,STL,daccojo01,Joey Daccord,0
202310140STL,SEA,blaissa01,Sammy Blais,0
202310140STL,SEA,buchnpa01,Pavel Buchnevich,0
202310140STL,SEA,faulkju01,Justin Faulk,0
202310140STL,SEA,hayeske01,Kevin Hayes,0
202310140STL,SEA,kapanka01,Kasperi Kapanen,0
202310140STL,SEA,krugto01,Torey Krug,0
202310140STL,SEA,kyroujo01,Jordan Kyrou,1
202310140STL,SEA,leddyni01,Nick Leddy,0
202310140STL,SEA,neighja01,Jake Neighbours,0
202310140STL,SEA,parayco01,Colton Parayko,0
202310140STL,SEA,saadbr01,Brandon Saad,0
202310140STL,SEA,scandma01,Marco Scandella,0
202310140STL,SEA,schenbr01,Brayden Schenn,0
202310140STL,SEA,sundqos01,Oskar Sundqvist,0
202310140STL,SEA,thomaro01,Robert Thomas,0
202310140STL,SEA,toropal01,Alexey Toropchenko,0
202310140STL,SEA,tuckety01,Tyler Tucker,0
202310140STL,SEA,vranaja01,Jakub VrÃ¡na,0
202310140STL,SEA,binnijo01,Jordan Binnington,0
