game_id,opponent,player_id,player_name,scored
202310260DAL,DAL,bertuty01,Tyler Bertuzzi,1
202310260DAL,DAL,broditj01,T.J. Brodie,0
202310260DAL,DAL,domima01,Max Domi,0
202310260DAL,DAL,giordma01,Mark Giordano,0
202310260DAL,DAL,gregono01,Noah Gregor,0
202310260DAL,DAL,holmbpo01,Pontus Holmberg,0
202310260DAL,DAL,jarnkca01,Calle JÃ¤rnkrok,0
202310260DAL,DAL,kampfda01,David KÃ¤mpf,0
202310260DAL,DAL,klingjo01,John Klingberg,0
202310260DAL,DAL,kniesma01,Matthew Knies,0
202310260DAL,DAL,liljeti01,Timothy Liljegren,0
202310260DAL,DAL,marnemi01,Mitch Marner,1
202310260DAL,DAL,matthau01,Auston Matthews,0
202310260DAL,DAL,mccabja01,Jake McCabe,0
202310260DAL,DAL,nylanwi01,William Nylander,0
202310260DAL,DAL,reavery01,Ryan Reaves,0
202310260DAL,DAL,riellmo01,Morgan Rielly,1
202310260DAL,DAL,tavarjo01,John Tavares,1
202310260DAL,DAL,wolljo01,Joseph Woll,0
202310260DAL,TOR,bennja01,Jamie Benn,0
202310260DAL,TOR,dadonev01,Evgenii Dadonov,0
202310260DAL,TOR,dellaty01,Ty Dellandrea,0
202310260DAL,TOR,duchema01,Matt Duchene,0
202310260DAL,TOR,faksara01,Radek Faksa,0
202310260DAL,TOR,hakanja01,Jani HakanpÃ¤Ã¤,0
202310260DAL,TOR,harleth01,Thomas Harley,0
202310260DAL,TOR,heiskmi01,Miro Heiskanen,0
202310260DAL,TOR,hintzro01,Roope Hintz,0
202310260DAL,TOR,johnswy01,Wyatt Johnston,0
202310260DAL,TOR,lindees01,Esa Lindell,0
202310260DAL,TOR,lundkni01,Nils Lundkvist,0
202310260DAL,TOR,marchma01,Mason Marchment,1
202310260DAL,TOR,paveljo01,Joe Pavelski,0
202310260DAL,TOR,roberja01,Jason Robertson,0
202310260DAL,TOR,seguity01,Tyler Seguin,0
202310260DAL,TOR,smithcr01,Craig Smith,0
202310260DAL,TOR,suterry01,Ryan Suter,0
202310260DAL,TOR,wedgesc01,Scott Wedgewood,0
