game_id,opponent,player_id,player_name,scored
202312140PHI,PHI,aubekni01,Nicolas AubÃ©-Kubel,0
202312140PHI,PHI,carlsjo01,John Carlson,0
202312140PHI,PHI,dowdni01,Nic Dowd,0
202312140PHI,PHI,edmunjo01,Joel Edmundson,0
202312140PHI,PHI,feherma01,Martin FehÃ©rvÃ¡ry,0
202312140PHI,PHI,jenseni02,Nick Jensen,0
202312140PHI,PHI,malenbe01,Beck Malenstyn,0
202312140PHI,PHI,manthan01,Anthony Mantha,0
202312140PHI,PHI,mcmicco01,Connor McMichael,1
202312140PHI,PHI,oshietj01,T.J. Oshie,0
202312140PHI,PHI,ovechal01,Alex Ovechkin,0
202312140PHI,PHI,phillma01,Matthew Phillips,0
202312140PHI,PHI,protaal01,Aliaksei Protas,0
202312140PHI,PHI,sandira01,Rasmus Sandin,0
202312140PHI,PHI,snivejo01,Joe Snively,0
202312140PHI,PHI,stromdy01,Dylan Strome,1
202312140PHI,PHI,vanritr01,Trevor van Riemsdyk,0
202312140PHI,PHI,wilsoto01,Tom Wilson,1
202312140PHI,PHI,lindgch01,Charlie Lindgren,0
202312140PHI,WSH,atkinca01,Cam Atkinson,0
202312140PHI,WSH,brinkbo01,Bobby Brink,1
202312140PHI,WSH,coutuse01,Sean Couturier,0
202312140PHI,WSH,deslani01,Nicolas Deslauriers,0
202312140PHI,WSH,farabjo01,Joel Farabee,1
202312140PHI,WSH,foersty01,Tyson Foerster,0
202312140PHI,WSH,frostmo01,Morgan Frost,0
202312140PHI,WSH,hathaga01,Garnet Hathaway,0
202312140PHI,WSH,konectr01,Travis Konecny,0
202312140PHI,WSH,laughsc01,Scott Laughton,0
202312140PHI,WSH,poehlry01,Ryan Poehling,0
202312140PHI,WSH,ristora01,Rasmus Ristolainen,0
202312140PHI,WSH,sanhetr01,Travis Sanheim,0
202312140PHI,WSH,seeleni01,Nick Seeler,0
202312140PHI,WSH,staalma01,Marc Staal,0
202312140PHI,WSH,tippeow01,Owen Tippett,1
202312140PHI,WSH,walkese01,Sean Walker,0
202312140PHI,WSH,yorkca01,Cameron York,0
202312140PHI,WSH,erssosa01,Samuel Ersson,0
