game_id,opponent,player_id,player_name,scored
202312090DAL,DAL,barbaiv01,Ivan Barbashev,0
202312090DAL,DAL,carriwi01,William Carrier,0
202312090DAL,DAL,cottepa01,Paul Cotter,1
202312090DAL,DAL,dorofpa01,Pavel Dorofeyev,1
202312090DAL,DAL,eicheja01,Jack Eichel,0
202312090DAL,DAL,hagueni01,Nicolas Hague,0
202312090DAL,DAL,howdebr01,Brett Howden,0
202312090DAL,DAL,huttobe01,Ben Hutton,0
202312090DAL,DAL,karlswi01,William Karlsson,0
202312090DAL,DAL,koleske01,Keegan Kolesar,0
202312090DAL,DAL,korczka01,Kaedan Korczak,0
202312090DAL,DAL,audymjo01,Jonathan Marchessault,0
202312090DAL,DAL,mcnabbr01,Brayden McNabb,0
202312090DAL,DAL,pietral01,Alex Pietrangelo,0
202312090DAL,DAL,royni01,Nicolas Roy,1
202312090DAL,DAL,stephch02,Chandler Stephenson,1
202312090DAL,DAL,stonema01,Mark Stone,1
202312090DAL,DAL,whiteza01,Zach Whitecloud,1
202312090DAL,DAL,thomplo01,Logan Thompson,0
202312090DAL,VEG,bennja01,Jamie Benn,0
202312090DAL,VEG,dadonev01,Evgenii Dadonov,1
202312090DAL,VEG,dellaty01,Ty Dellandrea,0
202312090DAL,VEG,duchema01,Matt Duchene,0
202312090DAL,VEG,faksara01,Radek Faksa,0
202312090DAL,VEG,hakanja01,Jani HakanpÃ¤Ã¤,0
202312090DAL,VEG,harleth01,Thomas Harley,0
202312090DAL,VEG,heiskmi01,Miro Heiskanen,0
202312090DAL,VEG,johnswy01,Wyatt Johnston,0
202312090DAL,VEG,lindees01,Esa Lindell,0
202312090DAL,VEG,lundkni01,Nils Lundkvist,0
202312090DAL,VEG,marchma01,Mason Marchment,0
202312090DAL,VEG,paveljo01,Joe Pavelski,0
202312090DAL,VEG,roberja01,Jason Robertson,0
202312090DAL,VEG,seguity01,Tyler Seguin,0
202312090DAL,VEG,smithcr01,Craig Smith,0
202312090DAL,VEG,steelsa01,Sam Steel,0
202312090DAL,VEG,suterry01,Ryan Suter,0
202312090DAL,VEG,oettija01,Jake Oettinger,0
