game_id,opponent,player_id,player_name,scored
202312090DET,DET,bathedr01,Drake Batherson,0
202312090DET,DET,bernaja01,Jacob Bernard-Docker,0
202312090DET,DET,branner01,Erik BrÃ¤nnstrÃ¶m,0
202312090DET,DET,chartro01,Rourke Chartier,0
202312090DET,DET,chychja01,Jakob Chychrun,0
202312090DET,DET,giroucl01,Claude Giroux,1
202312090DET,DET,greigri01,Ridly Greig,0
202312090DET,DET,hamontr01,Travis Hamonic,0
202312090DET,DET,josepma01,Mathieu Joseph,0
202312090DET,DET,kellypa01,Parker Kelly,0
202312090DET,DET,kubaldo01,Dominik KubalÃ­k,1
202312090DET,DET,norrijo01,Joshua Norris,0
202312090DET,DET,sandeja01,Jake Sanderson,1
202312090DET,DET,smejkji01,Jiri Smejkal,0
202312090DET,DET,stuetti02,Tim StÃ¼tzle,1
202312090DET,DET,tarasvl01,Vladimir Tarasenko,1
202312090DET,DET,tkachbr01,Brady Tkachuk,0
202312090DET,DET,zubar01,Artem Zub,0
202312090DET,DET,korpijo01,Joonas Korpisalo,0
202312090DET,OTT,chiarbe01,Ben Chiarot,0
202312090DET,OTT,coppan01,Andrew Copp,0
202312090DET,OTT,debrial01,Alex DeBrincat,0
202312090DET,OTT,fabbrro01,Robby Fabbri,0
202312090DET,OTT,fischch01,Christian Fischer,0
202312090DET,OTT,gostish01,Shayne Gostisbehere,0
202312090DET,OTT,hollju01,Justin Holl,0
202312090DET,OTT,kanepa01,Patrick Kane,1
202312090DET,OTT,larkidy01,Dylan Larkin,0
202312090DET,OTT,maattol01,Olli MÃ¤Ã¤ttÃ¤,0
202312090DET,OTT,perroda01,David Perron,0
202312090DET,OTT,petryje01,Jeff Petry,0
202312090DET,OTT,rasmumi01,Michael Rasmussen,0
202312090DET,OTT,raymolu01,Lucas Raymond,0
202312090DET,OTT,seidemo01,Moritz Seider,0
202312090DET,OTT,spronda01,Daniel Sprong,0
202312090DET,OTT,velenjo01,Joe Veleno,0
202312090DET,OTT,walmaja01,Jake Walman,0
202312090DET,OTT,lyonal01,Alex Lyon,0
202312090DET,OTT,reimeja01,James Reimer,0
