game_id,opponent,player_id,player_name,scored
202312020CGY,CGY,amanni01,Nils Ãman,0
202312020CGY,CGY,bluegte01,Teddy Blueger,0
202312020CGY,CGY,boesebr01,Brock Boeser,0
202312020CGY,CGY,coleia01,Ian Cole,0
202312020CGY,CGY,garlaco01,Conor Garland,0
202312020CGY,CGY,hoglani01,Nils HÃ¶glander,0
202312020CGY,CGY,hronefi01,Filip Hronek,0
202312020CGY,CGY,hughequ01,Quinn Hughes,1
202312020CGY,CGY,joshuda01,Dakota Joshua,0
202312020CGY,CGY,juulsno01,Noah Juulsen,0
202312020CGY,CGY,karlsli01,Linus Karlsson,0
202312020CGY,CGY,kuzmean01,Andrei Kuzmenko,0
202312020CGY,CGY,laffesa01,Sam Lafferty,1
202312020CGY,CGY,mikheil01,Ilya Mikheyev,1
202312020CGY,CGY,millejt01,J.T. Miller,0
202312020CGY,CGY,myersty01,Tyler Myers,0
202312020CGY,CGY,petteel01,Elias Pettersson,1
202312020CGY,CGY,zadorni01,Nikita Zadorov,0
202312020CGY,CGY,demkoth01,Thatcher Demko,0
202312020CGY,VAN,anderra01,Rasmus Andersson,0
202312020CGY,VAN,backlmi01,Mikael Backlund,1
202312020CGY,VAN,colembl01,Blake Coleman,0
202312020CGY,VAN,dubedi01,Dillon DubÃ©,0
202312020CGY,VAN,gilbede01,Dennis Gilbert,0
202312020CGY,VAN,greeraj01,A.J. Greer,0
202312020CGY,VAN,hanifno01,Noah Hanifin,0
202312020CGY,VAN,huberjo01,Jonathan Huberdeau,0
202312020CGY,VAN,kadrina01,Nazem Kadri,0
202312020CGY,VAN,lindhel01,Elias Lindholm,1
202312020CGY,VAN,mangian01,Andrew Mangiapane,0
202312020CGY,VAN,oestejo01,Jordan Oesterle,0
202312020CGY,VAN,pospima01,Martin Pospisil,0
202312020CGY,VAN,ruzicad01,Adam RuÅ¾iÄka,0
202312020CGY,VAN,sharaye01,Yegor Sharangovich,0
202312020CGY,VAN,tanevch01,Chris Tanev,0
202312020CGY,VAN,weegama01,MacKenzie Weegar,0
202312020CGY,VAN,zaryco01,Connor Zary,0
202312020CGY,VAN,marksja02,Jacob MarkstrÃ¶m,0
