game_id,opponent,player_id,player_name,scored
202310190MIN,MIN,andermi02,Michael Anderson,0
202310190MIN,MIN,byfiequ01,Quinton Byfield,0
202310190MIN,MIN,danauph01,Phillip Danault,0
202310190MIN,MIN,doughdr01,Drew Doughty,0
202310190MIN,MIN,duboipi01,Pierre-Luc Dubois,1
202310190MIN,MIN,engluan01,Andreas Englund,0
202310190MIN,MIN,fialake01,Kevin Fiala,0
202310190MIN,MIN,gavrivl01,Vladislav Gavrikov,1
202310190MIN,MIN,grundca01,Carl GrundstrÃ¶m,1
202310190MIN,MIN,kaliyar01,Arthur Kaliyev,0
202310190MIN,MIN,kempead01,Adrian Kempe,1
202310190MIN,MIN,kopitan01,AnÅ¾e Kopitar,0
202310190MIN,MIN,laferal01,Alex Laferriere,0
202310190MIN,MIN,lewistr01,Trevor Lewis,0
202310190MIN,MIN,lizotbl01,Blake Lizotte,1
202310190MIN,MIN,mooretr01,Trevor Moore,1
202310190MIN,MIN,royma04,Matt Roy,0
202310190MIN,MIN,spencjo01,Jordan Spence,0
202310190MIN,MIN,talboca01,Cam Talbot,0
202310190MIN,LAK,addisca01,Calen Addison,0
202310190MIN,LAK,brodijo01,Jonas Brodin,0
202310190MIN,LAK,dewarco01,Connor Dewar,1
202310190MIN,LAK,duhaibr01,Brandon Duhaime,0
202310190MIN,LAK,eriksjo02,Joel Eriksson Ek,1
202310190MIN,LAK,faberbr01,Brock Faber,0
202310190MIN,LAK,foligma01,Marcus Foligno,0
202310190MIN,LAK,gaudrfr01,FrÃ©dÃ©rick Gaudreau,0
202310190MIN,LAK,hartmry01,Ryan Hartman,0
202310190MIN,LAK,johanma03,Marcus Johansson,0
202310190MIN,LAK,kapriki01,Kirill Kaprizov,1
202310190MIN,LAK,maroopa01,Pat Maroon,0
202310190MIN,LAK,mermida01,Dakota Mermis,0
202310190MIN,LAK,merrijo01,Jonathon Merrill,0
202310190MIN,LAK,middlja01,Jacob Middleton,0
202310190MIN,LAK,rossima01,Marco Rossi,0
202310190MIN,LAK,walkesa01,Samuel Walker,0
202310190MIN,LAK,zuccama01,Mats Zuccarello,0
202310190MIN,LAK,fleurma01,Marc-AndrÃ© Fleury,0
