game_id,opponent,player_id,player_name,scored
202310310VAN,VAN,barrity01,Tyson Barrie,0
202310310VAN,VAN,carrial01,Alexandre Carrier,0
202310310VAN,VAN,evanglu01,Luke Evangelista,0
202310310VAN,VAN,fabbrda01,Dante Fabbro,1
202310310VAN,VAN,fagemsa01,Samuel Fagemo,0
202310310VAN,VAN,forsbfi01,Filip Forsberg,0
202310310VAN,VAN,foudyli01,Liam Foudy,0
202310310VAN,VAN,josiro01,Roman Josi,0
202310310VAN,VAN,lauzoje01,Jeremy Lauzon,0
202310310VAN,VAN,mcdonry01,Ryan McDonagh,0
202310310VAN,VAN,novakth01,Thomas Novak,0
202310310VAN,VAN,nyquigu01,Gustav Nyquist,0
202310310VAN,VAN,oreilry01,Ryan O'Reilly,0
202310310VAN,VAN,parssju01,Juuso PÃ¤rssinen,0
202310310VAN,VAN,sherwki01,Kiefer Sherwood,0
202310310VAN,VAN,sissoco01,Colton Sissons,1
202310310VAN,VAN,smithco02,Cole Smith,0
202310310VAN,VAN,treniya01,Yakov Trenin,0
202310310VAN,VAN,lankike01,Kevin Lankinen,0
202310310VAN,NSH,beauvan01,Anthony Beauvillier,0
202310310VAN,NSH,boesebr01,Brock Boeser,0
202310310VAN,NSH,coleia01,Ian Cole,0
202310310VAN,NSH,digiuph01,Phillip Di Giuseppe,0
202310310VAN,NSH,friedma01,Mark Friedman,0
202310310VAN,NSH,garlaco01,Conor Garland,0
202310310VAN,NSH,hoglani01,Nils HÃ¶glander,0
202310310VAN,NSH,hronefi01,Filip Hronek,0
202310310VAN,NSH,hughequ01,Quinn Hughes,0
202310310VAN,NSH,joshuda01,Dakota Joshua,0
202310310VAN,NSH,kuzmean01,Andrei Kuzmenko,0
202310310VAN,NSH,laffesa01,Sam Lafferty,1
202310310VAN,NSH,mikheil01,Ilya Mikheyev,0
202310310VAN,NSH,millejt01,J.T. Miller,1
202310310VAN,NSH,myersty01,Tyler Myers,0
202310310VAN,NSH,petteel01,Elias Pettersson,1
202310310VAN,NSH,soucyca01,Carson Soucy,0
202310310VAN,NSH,suterpi01,Pius Suter,0
202310310VAN,NSH,demkoth01,Thatcher Demko,0
