game_id,opponent,player_id,player_name,scored
202311190PHI,PHI,beanja01,Jake Bean,0
202311190PHI,PHI,boqviad01,Adam Boqvist,0
202311190PHI,PHI,chinaye01,Yegor Chinakhov,0
202311190PHI,PHI,danfoju01,Justin Danforth,0
202311190PHI,PHI,fantiad01,Adam Fantilli,0
202311190PHI,PHI,gaudrjo01,Johnny Gaudreau,0
202311190PHI,PHI,gudbrer01,Erik Gudbranson,0
202311190PHI,PHI,jennebo01,Boone Jenner,1
202311190PHI,PHI,jiricda01,David JiÅÃ­Äek,0
202311190PHI,PHI,kuralse01,Sean Kuraly,0
202311190PHI,PHI,marchki01,Kirill Marchenko,0
202311190PHI,PHI,olivima01,Mathieu Olivier,0
202311190PHI,PHI,provoiv01,Ivan Provorov,0
202311190PHI,PHI,severda01,Damon Severson,0
202311190PHI,PHI,sillico01,Cole Sillinger,0
202311190PHI,PHI,texieal01,Alexandre Texier,1
202311190PHI,PHI,vorondi01,Dmitri Voronkov,0
202311190PHI,PHI,werenza01,Zach Werenski,0
202311190PHI,PHI,martisp01,Spencer Martin,0
202311190PHI,CBJ,atkinca01,Cam Atkinson,0
202311190PHI,CBJ,belpelo01,Louis Belpedio,0
202311190PHI,CBJ,brinkbo01,Bobby Brink,1
202311190PHI,CBJ,catesno01,Noah Cates,0
202311190PHI,CBJ,coutuse01,Sean Couturier,0
202311190PHI,CBJ,deslani01,Nicolas Deslauriers,0
202311190PHI,CBJ,farabjo01,Joel Farabee,1
202311190PHI,CBJ,foersty01,Tyson Foerster,0
202311190PHI,CBJ,hathaga01,Garnet Hathaway,0
202311190PHI,CBJ,konectr01,Travis Konecny,1
202311190PHI,CBJ,laughsc01,Scott Laughton,0
202311190PHI,CBJ,poehlry01,Ryan Poehling,1
202311190PHI,CBJ,sanhetr01,Travis Sanheim,0
202311190PHI,CBJ,seeleni01,Nick Seeler,0
202311190PHI,CBJ,tippeow01,Owen Tippett,0
202311190PHI,CBJ,walkese01,Sean Walker,0
202311190PHI,CBJ,yorkca01,Cameron York,1
202311190PHI,CBJ,zamulye01,Yegor Zamula,0
202311190PHI,CBJ,erssosa01,Samuel Ersson,0
