game_id,opponent,player_id,player_name,scored
202312100EDM,EDM,bahlke01,Kevin Bahl,0
202312100EDM,EDM,bastina01,Nathan Bastian,0
202312100EDM,EDM,brattje01,Jesper Bratt,1
202312100EDM,EDM,hischni01,Nico Hischier,0
202312100EDM,EDM,holtzal01,Alexander Holtz,0
202312100EDM,EDM,hugheja03,Jack Hughes,0
202312100EDM,EDM,hughelu01,Luke Hughes,0
202312100EDM,EDM,lazarcu01,Curtis Lazar,0
202312100EDM,EDM,marinjo01,John Marino,0
202312100EDM,EDM,mcleomi01,Michael McLeod,0
202312100EDM,EDM,meierti01,Timo Meier,0
202312100EDM,EDM,merceda01,Dawson Mercer,0
202312100EDM,EDM,milleco02,Colin Miller,0
202312100EDM,EDM,nemecsi01,Simon Nemec,0
202312100EDM,EDM,palaton01,OndÅej PalÃ¡t,0
202312100EDM,EDM,siegejo01,Jonas Siegenthaler,0
202312100EDM,EDM,tiernch01,Chris Tierney,0
202312100EDM,EDM,toffoty01,Tyler Toffoli,0
202312100EDM,EDM,schmiak01,Akira Schmid,0
202312100EDM,NJD,bouchev01,Evan Bouchard,1
202312100EDM,NJD,brownco02,Connor Brown,0
202312100EDM,NJD,cecico01,Cody Ceci,0
202312100EDM,NJD,deshavi01,Vincent Desharnais,0
202312100EDM,NJD,draisle01,Leon Draisaitl,0
202312100EDM,NJD,ekholma01,Mattias Ekholm,0
202312100EDM,NJD,foegewa01,Warren Foegele,0
202312100EDM,NJD,gagnesa01,Sam Gagner,0
202312100EDM,NJD,hamblja01,James Hamblin,0
202312100EDM,NJD,hymanza01,Zach Hyman,0
202312100EDM,NJD,janmama02,Mattias Janmark,0
202312100EDM,NJD,kaneev01,Evander Kane,1
202312100EDM,NJD,kulakbr01,Brett Kulak,0
202312100EDM,NJD,mcdavco01,Connor McDavid,1
202312100EDM,NJD,mcleory01,Ryan McLeod,0
202312100EDM,NJD,nugenry01,Ryan Nugent-Hopkins,0
202312100EDM,NJD,nurseda01,Darnell Nurse,0
202312100EDM,NJD,ryande01,Derek Ryan,1
202312100EDM,NJD,pickaca01,Calvin Pickard,0
