game_id,opponent,player_id,player_name,scored
202310260CAR,CAR,bellepi01,Pierre-Ãdouard Bellemare,0
202310260CAR,CAR,beniema01,Matthew Beniers,0
202310260CAR,CAR,bjorkol01,Oliver Bjorkstrand,1
202310260CAR,CAR,borgewi01,William Borgen,0
202310260CAR,CAR,dumoubr01,Brian Dumoulin,0
202310260CAR,CAR,dunnvi02,Vince Dunn,0
202310260CAR,CAR,eberljo01,Jordan Eberle,0
202310260CAR,CAR,gourdya01,Yanni Gourde,0
202310260CAR,CAR,kartyty01,Tye Kartye,0
202310260CAR,CAR,larssad01,Adam Larsson,0
202310260CAR,CAR,mccanja01,Jared McCann,0
202310260CAR,CAR,oleksja01,Jamie Oleksiak,0
202310260CAR,CAR,schulju01,Justin Schultz,0
202310260CAR,CAR,schwaja01,Jaden Schwartz,0
202310260CAR,CAR,shorede01,Devin Shore,1
202310260CAR,CAR,tolvaee01,Eeli Tolvanen,0
202310260CAR,CAR,wennbal01,Alexander Wennberg,0
202310260CAR,CAR,yamamka01,Kailer Yamamoto,0
202310260CAR,CAR,daccojo01,Joey Daccord,0
202310260CAR,SEA,ahose01,Sebastian Aho,0
202310260CAR,SEA,buntimi01,Michael Bunting,0
202310260CAR,SEA,burnsbr01,Brent Burns,0
202310260CAR,SEA,chatfja01,Jalen Chatfield,0
202310260CAR,SEA,deangan01,Tony DeAngelo,0
202310260CAR,SEA,druryja01,Jack Drury,0
202310260CAR,SEA,fastje01,Jesper Fast,0
202310260CAR,SEA,jarvise01,Seth Jarvis,0
202310260CAR,SEA,kotkaje01,Jesperi Kotkaniemi,1
202310260CAR,SEA,lemiebr01,Brendan Lemieux,0
202310260CAR,SEA,martijo01,Jordan Martinook,0
202310260CAR,SEA,necasma01,Martin NeÄas,1
202310260CAR,SEA,noesest01,Stefan Noesen,0
202310260CAR,SEA,orlovdm01,Dmitry Orlov,0
202310260CAR,SEA,skjeibr01,Brady Skjei,0
202310260CAR,SEA,slavija01,Jaccob Slavin,0
202310260CAR,SEA,staaljo01,Jordan Staal,0
202310260CAR,SEA,teravte01,Teuvo TerÃ¤vÃ¤inen,0
202310260CAR,SEA,anderfr01,Frederik Andersen,0
