game_id,opponent,player_id,player_name,scored
202310110LAK,LAK,byrambo01,Bowen Byram,0
202310110LAK,LAK,coltoro01,Ross Colton,0
202310110LAK,LAK,drouijo01,Jonathan Drouin,0
202310110LAK,LAK,girarsa01,Samuel Girard,0
202310110LAK,LAK,johanry01,Ryan Johansen,0
202310110LAK,LAK,johnsja02,Jack Johnson,0
202310110LAK,LAK,lehkoar01,Artturi Lehkonen,0
202310110LAK,LAK,macdeku01,Kurtis MacDermid,0
202310110LAK,LAK,mackina01,Nathan MacKinnon,1
202310110LAK,LAK,makarca01,Cale Makar,1
202310110LAK,LAK,mansojo01,Josh Manson,0
202310110LAK,LAK,nichuva01,Valeri Nichushkin,0
202310110LAK,LAK,oconnlo01,Logan O'Connor,0
202310110LAK,LAK,olofsfr01,Fredrik Olofsson,0
202310110LAK,LAK,rantami01,Mikko Rantanen,1
202310110LAK,LAK,tatarto01,TomÃ¡Å¡ Tatar,0
202310110LAK,LAK,toewsde01,Devon Toews,0
202310110LAK,LAK,woodmi01,Miles Wood,1
202310110LAK,LAK,georgal01,Alexandar Georgiev,0
202310110LAK,COL,andermi02,Michael Anderson,0
202310110LAK,COL,bjornto01,Tobias BjÃ¶rnfot,0
202310110LAK,COL,byfiequ01,Quinton Byfield,1
202310110LAK,COL,danauph01,Phillip Danault,0
202310110LAK,COL,doughdr01,Drew Doughty,0
202310110LAK,COL,duboipi01,Pierre-Luc Dubois,0
202310110LAK,COL,engluan01,Andreas Englund,0
202310110LAK,COL,fialake01,Kevin Fiala,0
202310110LAK,COL,gavrivl01,Vladislav Gavrikov,0
202310110LAK,COL,grundca01,Carl GrundstrÃ¶m,1
202310110LAK,COL,kempead01,Adrian Kempe,0
202310110LAK,COL,kopitan01,AnÅ¾e Kopitar,0
202310110LAK,COL,laferal01,Alex Laferriere,0
202310110LAK,COL,lewistr01,Trevor Lewis,0
202310110LAK,COL,lizotbl01,Blake Lizotte,0
202310110LAK,COL,mooretr01,Trevor Moore,0
202310110LAK,COL,royma04,Matt Roy,0
202310110LAK,COL,talboca01,Cam Talbot,0
