game_id,opponent,player_id,player_name,scored
202311060VAN,VAN,bouchev01,Evan Bouchard,0
202311060VAN,VAN,cecico01,Cody Ceci,0
202311060VAN,VAN,deshavi01,Vincent Desharnais,0
202311060VAN,VAN,draisle01,Leon Draisaitl,1
202311060VAN,VAN,ekholma01,Mattias Ekholm,1
202311060VAN,VAN,foegewa01,Warren Foegele,0
202311060VAN,VAN,gagnesa01,Sam Gagner,0
202311060VAN,VAN,hamblja01,James Hamblin,0
202311060VAN,VAN,hollody01,Dylan Holloway,0
202311060VAN,VAN,hymanza01,Zach Hyman,0
202311060VAN,VAN,kaneev01,Evander Kane,0
202311060VAN,VAN,kulakbr01,Brett Kulak,0
202311060VAN,VAN,lavoira01,Raphael Lavoie,0
202311060VAN,VAN,mcdavco01,Connor McDavid,0
202311060VAN,VAN,mcleory01,Ryan McLeod,0
202311060VAN,VAN,nugenry01,Ryan Nugent-Hopkins,0
202311060VAN,VAN,nurseda01,Darnell Nurse,0
202311060VAN,VAN,ryande01,Derek Ryan,0
202311060VAN,VAN,skinnst01,Stuart Skinner,0
202311060VAN,EDM,beauvan01,Anthony Beauvillier,0
202311060VAN,EDM,boesebr01,Brock Boeser,1
202311060VAN,EDM,coleia01,Ian Cole,0
202311060VAN,EDM,digiuph01,Phillip Di Giuseppe,0
202311060VAN,EDM,friedma01,Mark Friedman,0
202311060VAN,EDM,garlaco01,Conor Garland,0
202311060VAN,EDM,hoglani01,Nils HÃ¶glander,1
202311060VAN,EDM,hronefi01,Filip Hronek,0
202311060VAN,EDM,hughequ01,Quinn Hughes,1
202311060VAN,EDM,joshuda01,Dakota Joshua,0
202311060VAN,EDM,kuzmean01,Andrei Kuzmenko,0
202311060VAN,EDM,laffesa01,Sam Lafferty,0
202311060VAN,EDM,mikheil01,Ilya Mikheyev,0
202311060VAN,EDM,millejt01,J.T. Miller,1
202311060VAN,EDM,myersty01,Tyler Myers,0
202311060VAN,EDM,petteel01,Elias Pettersson,0
202311060VAN,EDM,soucyca01,Carson Soucy,0
202311060VAN,EDM,suterpi01,Pius Suter,1
202311060VAN,EDM,demkoth01,Thatcher Demko,0
