game_id,opponent,player_id,player_name,scored
202311180NJD,NJD,boninni01,Nick Bonino,0
202311180NJD,NJD,cuyllwi01,William Cuylle,0
202311180NJD,NJD,goodrba01,Barclay Goodrow,0
202311180NJD,NJD,gustaer02,Erik Gustafsson,0
202311180NJD,NJD,jonesza01,Zachary Jones,0
202311180NJD,NJD,kakkoka01,Kaapo Kakko,0
202311180NJD,NJD,kreidch01,Chris Kreider,0
202311180NJD,NJD,lafreal01,Alexis LafreniÃ¨re,0
202311180NJD,NJD,lindgry01,Ryan Lindgren,0
202311180NJD,NJD,milleka01,K'Andre Miller,0
202311180NJD,NJD,panarar01,Artemi Panarin,1
202311180NJD,NJD,pitlity01,Tyler Pitlick,0
202311180NJD,NJD,schnebr01,Braden Schneider,0
202311180NJD,NJD,trochvi01,Vincent Trocheck,0
202311180NJD,NJD,troubja01,Jacob Trouba,0
202311180NJD,NJD,veseyji02,Jimmy Vesey,1
202311180NJD,NJD,wheelbl01,Blake Wheeler,1
202311180NJD,NJD,zibanmi01,Mika Zibanejad,0
202311180NJD,NJD,shestig01,Igor Shesterkin,0
202311180NJD,NYR,bahlke01,Kevin Bahl,0
202311180NJD,NYR,bastina01,Nathan Bastian,0
202311180NJD,NYR,brattje01,Jesper Bratt,0
202311180NJD,NYR,hamildo01,Dougie Hamilton,0
202311180NJD,NYR,haulaer01,Erik Haula,1
202311180NJD,NYR,holtzal01,Alexander Holtz,0
202311180NJD,NYR,hugheja03,Jack Hughes,1
202311180NJD,NYR,hughelu01,Luke Hughes,0
202311180NJD,NYR,lazarcu01,Curtis Lazar,0
202311180NJD,NYR,marinjo01,John Marino,0
202311180NJD,NYR,mcleomi01,Michael McLeod,0
202311180NJD,NYR,merceda01,Dawson Mercer,0
202311180NJD,NYR,milleco02,Colin Miller,0
202311180NJD,NYR,nosekto01,TomÃ¡Å¡ Nosek,0
202311180NJD,NYR,palaton01,OndÅej PalÃ¡t,1
202311180NJD,NYR,siegejo01,Jonas Siegenthaler,0
202311180NJD,NYR,smithbr05,Brendan Smith,0
202311180NJD,NYR,toffoty01,Tyler Toffoli,0
202311180NJD,NYR,vanecvi01,VÃ­tek VanÄÄek,0
