game_id,opponent,player_id,player_name,scored
202312190NJD,NJD,atkinca01,Cam Atkinson,0
202312190NJD,NJD,brinkbo01,Bobby Brink,0
202312190NJD,NJD,coutuse01,Sean Couturier,0
202312190NJD,NJD,deslani01,Nicolas Deslauriers,0
202312190NJD,NJD,farabjo01,Joel Farabee,0
202312190NJD,NJD,foersty01,Tyson Foerster,0
202312190NJD,NJD,frostmo01,Morgan Frost,0
202312190NJD,NJD,hathaga01,Garnet Hathaway,0
202312190NJD,NJD,konectr01,Travis Konecny,0
202312190NJD,NJD,laughsc01,Scott Laughton,0
202312190NJD,NJD,poehlry01,Ryan Poehling,1
202312190NJD,NJD,ristora01,Rasmus Ristolainen,0
202312190NJD,NJD,sanhetr01,Travis Sanheim,0
202312190NJD,NJD,seeleni01,Nick Seeler,0
202312190NJD,NJD,tippeow01,Owen Tippett,1
202312190NJD,NJD,walkese01,Sean Walker,0
202312190NJD,NJD,yorkca01,Cameron York,0
202312190NJD,NJD,zamulye01,Yegor Zamula,0
202312190NJD,NJD,erssosa01,Samuel Ersson,0
202312190NJD,PHI,bahlke01,Kevin Bahl,0
202312190NJD,PHI,bastina01,Nathan Bastian,0
202312190NJD,PHI,brattje01,Jesper Bratt,1
202312190NJD,PHI,haulaer01,Erik Haula,0
202312190NJD,PHI,hischni01,Nico Hischier,0
202312190NJD,PHI,holtzal01,Alexander Holtz,0
202312190NJD,PHI,hugheja03,Jack Hughes,0
202312190NJD,PHI,hughelu01,Luke Hughes,0
202312190NJD,PHI,lazarcu01,Curtis Lazar,0
202312190NJD,PHI,marinjo01,John Marino,0
202312190NJD,PHI,mcleomi01,Michael McLeod,1
202312190NJD,PHI,meierti01,Timo Meier,0
202312190NJD,PHI,merceda01,Dawson Mercer,0
202312190NJD,PHI,nemecsi01,Simon Nemec,0
202312190NJD,PHI,palaton01,OndÅej PalÃ¡t,0
202312190NJD,PHI,siegejo01,Jonas Siegenthaler,0
202312190NJD,PHI,smithbr05,Brendan Smith,0
202312190NJD,PHI,toffoty01,Tyler Toffoli,0
202312190NJD,PHI,vanecvi01,VÃ­tek VanÄÄek,0
