game_id,opponent,player_id,player_name,scored
202312050OTT,OTT,boninni01,Nick Bonino,0
202312050OTT,OTT,brodzjo01,Jonny Brodzinski,0
202312050OTT,OTT,cuyllwi01,William Cuylle,0
202312050OTT,OTT,foxad01,Adam Fox,0
202312050OTT,OTT,goodrba01,Barclay Goodrow,0
202312050OTT,OTT,gustaer02,Erik Gustafsson,0
202312050OTT,OTT,kreidch01,Chris Kreider,0
202312050OTT,OTT,lafreal01,Alexis LafreniÃ¨re,0
202312050OTT,OTT,lindgry01,Ryan Lindgren,0
202312050OTT,OTT,milleka01,K'Andre Miller,1
202312050OTT,OTT,panarar01,Artemi Panarin,1
202312050OTT,OTT,pitlity01,Tyler Pitlick,0
202312050OTT,OTT,schnebr01,Braden Schneider,0
202312050OTT,OTT,trochvi01,Vincent Trocheck,0
202312050OTT,OTT,troubja01,Jacob Trouba,0
202312050OTT,OTT,veseyji02,Jimmy Vesey,0
202312050OTT,OTT,wheelbl01,Blake Wheeler,0
202312050OTT,OTT,zibanmi01,Mika Zibanejad,0
202312050OTT,OTT,shestig01,Igor Shesterkin,0
202312050OTT,NYR,bathedr01,Drake Batherson,1
202312050OTT,NYR,bernaja01,Jacob Bernard-Docker,0
202312050OTT,NYR,branner01,Erik BrÃ¤nnstrÃ¶m,0
202312050OTT,NYR,chartro01,Rourke Chartier,0
202312050OTT,NYR,chychja01,Jakob Chychrun,0
202312050OTT,NYR,giroucl01,Claude Giroux,1
202312050OTT,NYR,greigri01,Ridly Greig,0
202312050OTT,NYR,hamontr01,Travis Hamonic,0
202312050OTT,NYR,josepma01,Mathieu Joseph,0
202312050OTT,NYR,kellypa01,Parker Kelly,0
202312050OTT,NYR,kubaldo01,Dominik KubalÃ­k,0
202312050OTT,NYR,macewza01,Zack MacEwen,0
202312050OTT,NYR,norrijo01,Joshua Norris,0
202312050OTT,NYR,sandeja01,Jake Sanderson,0
202312050OTT,NYR,stuetti02,Tim StÃ¼tzle,0
202312050OTT,NYR,tarasvl01,Vladimir Tarasenko,1
202312050OTT,NYR,tkachbr01,Brady Tkachuk,1
202312050OTT,NYR,zubar01,Artem Zub,0
202312050OTT,NYR,forsban01,Anton Forsberg,0
