game_id,opponent,player_id,player_name,scored
202311270CGY,CGY,amadimi01,Michael Amadio,0
202311270CGY,CGY,barbaiv01,Ivan Barbashev,0
202311270CGY,CGY,carriwi01,William Carrier,0
202311270CGY,CGY,cottepa01,Paul Cotter,0
202311270CGY,CGY,eicheja01,Jack Eichel,0
202311270CGY,CGY,hagueni01,Nicolas Hague,0
202311270CGY,CGY,howdebr01,Brett Howden,0
202311270CGY,CGY,huttobe01,Ben Hutton,0
202311270CGY,CGY,karlswi01,William Karlsson,1
202311270CGY,CGY,koleske01,Keegan Kolesar,0
202311270CGY,CGY,korczka01,Kaedan Korczak,0
202311270CGY,CGY,audymjo01,Jonathan Marchessault,0
202311270CGY,CGY,mcnabbr01,Brayden McNabb,0
202311270CGY,CGY,pietral01,Alex Pietrangelo,0
202311270CGY,CGY,royni01,Nicolas Roy,0
202311270CGY,CGY,stephch02,Chandler Stephenson,0
202311270CGY,CGY,stonema01,Mark Stone,0
202311270CGY,CGY,whiteza01,Zach Whitecloud,0
202311270CGY,CGY,hillad01,Adin Hill,0
202311270CGY,VEG,anderra01,Rasmus Andersson,0
202311270CGY,VEG,backlmi01,Mikael Backlund,0
202311270CGY,VEG,colembl01,Blake Coleman,0
202311270CGY,VEG,dubedi01,Dillon DubÃ©,0
202311270CGY,VEG,gilbede01,Dennis Gilbert,0
202311270CGY,VEG,greeraj01,A.J. Greer,1
202311270CGY,VEG,hanifno01,Noah Hanifin,0
202311270CGY,VEG,huberjo01,Jonathan Huberdeau,0
202311270CGY,VEG,kadrina01,Nazem Kadri,0
202311270CGY,VEG,lindhel01,Elias Lindholm,0
202311270CGY,VEG,mangian01,Andrew Mangiapane,0
202311270CGY,VEG,pospima01,Martin Pospisil,0
202311270CGY,VEG,ruzicad01,Adam RuÅ¾iÄka,0
202311270CGY,VEG,sharaye01,Yegor Sharangovich,0
202311270CGY,VEG,tanevch01,Chris Tanev,0
202311270CGY,VEG,weegama01,MacKenzie Weegar,1
202311270CGY,VEG,zadorni01,Nikita Zadorov,0
202311270CGY,VEG,zaryco01,Connor Zary,0
202311270CGY,VEG,vladada01,Daniel VladaÅ,0
