game_id,opponent,player_id,player_name,scored
202312160NSH,NSH,aubekni01,Nicolas AubÃ©-Kubel,0
202312160NSH,NSH,carlsjo01,John Carlson,0
202312160NSH,NSH,dowdni01,Nic Dowd,0
202312160NSH,NSH,edmunjo01,Joel Edmundson,0
202312160NSH,NSH,feherma01,Martin FehÃ©rvÃ¡ry,0
202312160NSH,NSH,jenseni02,Nick Jensen,0
202312160NSH,NSH,kuzneev01,Evgeny Kuznetsov,0
202312160NSH,NSH,malenbe01,Beck Malenstyn,0
202312160NSH,NSH,manthan01,Anthony Mantha,0
202312160NSH,NSH,mcmicco01,Connor McMichael,0
202312160NSH,NSH,oshietj01,T.J. Oshie,1
202312160NSH,NSH,ovechal01,Alex Ovechkin,0
202312160NSH,NSH,protaal01,Aliaksei Protas,0
202312160NSH,NSH,sandira01,Rasmus Sandin,0
202312160NSH,NSH,snivejo01,Joe Snively,0
202312160NSH,NSH,stromdy01,Dylan Strome,0
202312160NSH,NSH,vanritr01,Trevor van Riemsdyk,0
202312160NSH,NSH,wilsoto01,Tom Wilson,0
202312160NSH,NSH,lindgch01,Charlie Lindgren,0
202312160NSH,WSH,barrity01,Tyson Barrie,0
202312160NSH,WSH,carrial01,Alexandre Carrier,0
202312160NSH,WSH,evanglu01,Luke Evangelista,0
202312160NSH,WSH,forsbfi01,Filip Forsberg,0
202312160NSH,WSH,glassco01,Cody Glass,0
202312160NSH,WSH,josiro01,Roman Josi,0
202312160NSH,WSH,lauzoje01,Jeremy Lauzon,0
202312160NSH,WSH,mccarmi01,Michael McCarron,0
202312160NSH,WSH,mcdonry01,Ryan McDonagh,0
202312160NSH,WSH,novakth01,Thomas Novak,0
202312160NSH,WSH,nyquigu01,Gustav Nyquist,0
202312160NSH,WSH,oreilry01,Ryan O'Reilly,0
202312160NSH,WSH,parssju01,Juuso PÃ¤rssinen,0
202312160NSH,WSH,schenlu01,Luke Schenn,0
202312160NSH,WSH,sissoco01,Colton Sissons,1
202312160NSH,WSH,smithco02,Cole Smith,0
202312160NSH,WSH,tomasph01,Philip Tomasino,1
202312160NSH,WSH,treniya01,Yakov Trenin,1
202312160NSH,WSH,sarosju01,Juuse Saros,0
