game_id,opponent,player_id,player_name,scored
202312030MIN,MIN,anderjo08,Joey Anderson,0
202312030MIN,MIN,bedarco01,Connor Bedard,0
202312030MIN,MIN,crevilo01,Louis Crevier,0
202312030MIN,MIN,dickija01,Jason Dickinson,0
202312030MIN,MIN,donatry01,Ryan Donato,0
202312030MIN,MIN,entwima01,Mackenzie Entwistle,0
202312030MIN,MIN,foligni01,Nick Foligno,0
202312030MIN,MIN,guttmco01,Cole Guttman,0
202312030MIN,MIN,johnsre01,Reese Johnson,0
202312030MIN,MIN,johnsty01,Tyler Johnson,0
202312030MIN,MIN,jonesse01,Seth Jones,0
202312030MIN,MIN,katchbo01,Boris Katchouk,0
202312030MIN,MIN,korchke01,Kevin Korchinski,0
202312030MIN,MIN,kurasph01,Philipp Kurashev,0
202312030MIN,MIN,murphco02,Connor Murphy,0
202312030MIN,MIN,raddyta01,Taylor Raddysh,1
202312030MIN,MIN,tinorja01,Jarred Tinordi,0
202312030MIN,MIN,vlasial01,Alex Vlasic,0
202312030MIN,MIN,mrazepe01,Petr MrÃ¡zek,0
202312030MIN,CHI,boldyma01,Matt Boldy,1
202312030MIN,CHI,brodijo01,Jonas Brodin,0
202312030MIN,CHI,dewarco01,Connor Dewar,0
202312030MIN,CHI,duhaibr01,Brandon Duhaime,0
202312030MIN,CHI,eriksjo02,Joel Eriksson Ek,0
202312030MIN,CHI,faberbr01,Brock Faber,0
202312030MIN,CHI,foligma01,Marcus Foligno,0
202312030MIN,CHI,gaudrfr01,FrÃ©dÃ©rick Gaudreau,0
202312030MIN,CHI,goligal01,Alex Goligoski,0
202312030MIN,CHI,hartmry01,Ryan Hartman,0
202312030MIN,CHI,johanma03,Marcus Johansson,0
202312030MIN,CHI,kapriki01,Kirill Kaprizov,0
202312030MIN,CHI,maroopa01,Pat Maroon,0
202312030MIN,CHI,merrijo01,Jonathon Merrill,0
202312030MIN,CHI,middlja01,Jacob Middleton,0
202312030MIN,CHI,rossima01,Marco Rossi,1
202312030MIN,CHI,spurgja01,Jared Spurgeon,0
202312030MIN,CHI,zuccama01,Mats Zuccarello,1
202312030MIN,CHI,fleurma01,Marc-AndrÃ© Fleury,0
