game_id,opponent,player_id,player_name,scored
202311040ARI,ARI,applema01,Mason Appleton,0
202311040ARI,ARI,barromo01,Morgan Barron,0
202311040ARI,ARI,connoky01,Kyle Connor,0
202311040ARI,ARI,demeldy01,Dylan DeMelo,0
202311040ARI,ARI,dillobr01,Brenden Dillon,1
202311040ARI,ARI,ehlerni01,Nikolaj Ehlers,0
202311040ARI,ARI,gustada01,David Gustafsson,0
202311040ARI,ARI,iafalal01,Alex Iafallo,0
202311040ARI,ARI,kuparra01,Rasmus Kupari,0
202311040ARI,ARI,lowryad01,Adam Lowry,0
202311040ARI,ARI,morrijo04,Josh Morrissey,0
202311040ARI,ARI,namesvl01,Vladislav Namestnikov,0
202311040ARI,ARI,niedeni01,Nino Niederreiter,1
202311040ARI,ARI,perfeco01,Cole Perfetti,0
202311040ARI,ARI,pionkne01,Neal Pionk,0
202311040ARI,ARI,sambedy01,Dylan Samberg,0
202311040ARI,ARI,scheima01,Mark Scheifele,0
202311040ARI,ARI,schmina01,Nate Schmidt,0
202311040ARI,ARI,helleco01,Connor Hellebuyck,0
202311040ARI,WPG,bjugsni01,Nick Bjugstad,0
202311040ARI,WPG,boydtr01,Travis Boyd,0
202311040ARI,WPG,carcomi01,Michael Carcone,0
202311040ARI,WPG,coolelo01,Logan Cooley,0
202311040ARI,WPG,crousla01,Lawson Crouse,1
202311040ARI,WPG,dermotr01,Travis Dermott,0
202311040ARI,WPG,dumbama01,Mathew Dumba,0
202311040ARI,WPG,durzise01,Sean Durzi,0
202311040ARI,WPG,haytoba01,Barrett Hayton,0
202311040ARI,WPG,kellecl01,Clayton Keller,0
202311040ARI,WPG,kerfoal01,Alexander Kerfoot,0
202311040ARI,WPG,maccema01,Matias Maccelli,0
202311040ARI,WPG,mcbaija03,Jack McBain,0
202311040ARI,WPG,moserja01,J.J. Moser,1
202311040ARI,WPG,obrieli01,Liam O'Brien,1
202311040ARI,WPG,schmani01,Nick Schmaltz,0
202311040ARI,WPG,stechtr01,Troy Stecher,0
202311040ARI,WPG,valimju01,Juuso VÃ¤limÃ¤ki,0
202311040ARI,WPG,vejmeka01,Karel Vejmelka,0
