game_id,opponent,player_id,player_name,scored
202310160NJD,NJD,balinuv01,Uvis Balinskis,0
202310160NJD,NJD,barkoal01,Aleksander Barkov,0
202310160NJD,NJD,cousini01,Nick Cousins,0
202310160NJD,NJD,ekmanol01,Oliver Ekman-Larsson,0
202310160NJD,NJD,forslgu02,Gustav Forsling,0
202310160NJD,NJD,kulikdm01,Dmitry Kulikov,0
202310160NJD,NJD,lombery01,Ryan Lomberg,0
202310160NJD,NJD,lorenst01,Steven Lorentz,0
202310160NJD,NJD,lundean01,Anton Lundell,0
202310160NJD,NJD,luostee01,Eetu Luostarinen,0
202310160NJD,NJD,mahurjo01,Josh Mahura,0
202310160NJD,NJD,mikkoni01,Niko Mikkola,1
202310160NJD,NJD,reinhsa01,Sam Reinhart,1
202310160NJD,NJD,rodriev01,Evan Rodrigues,0
202310160NJD,NJD,sourdju01,Justin Sourdif,0
202310160NJD,NJD,stenlke01,Kevin Stenlund,0
202310160NJD,NJD,tkachma01,Matthew Tkachuk,0
202310160NJD,NJD,verhaca01,Carter Verhaeghe,1
202310160NJD,NJD,bobrose01,Sergei Bobrovsky,0
202310160NJD,FLA,bahlke01,Kevin Bahl,0
202310160NJD,FLA,bastina01,Nathan Bastian,0
202310160NJD,FLA,brattje01,Jesper Bratt,1
202310160NJD,FLA,hamildo01,Dougie Hamilton,0
202310160NJD,FLA,haulaer01,Erik Haula,1
202310160NJD,FLA,hischni01,Nico Hischier,0
202310160NJD,FLA,holtzal01,Alexander Holtz,0
202310160NJD,FLA,hugheja03,Jack Hughes,0
202310160NJD,FLA,hughelu01,Luke Hughes,0
202310160NJD,FLA,lazarcu01,Curtis Lazar,0
202310160NJD,FLA,marinjo01,John Marino,0
202310160NJD,FLA,mcleomi01,Michael McLeod,1
202310160NJD,FLA,meierti01,Timo Meier,0
202310160NJD,FLA,merceda01,Dawson Mercer,0
202310160NJD,FLA,palaton01,OndÅej PalÃ¡t,0
202310160NJD,FLA,siegejo01,Jonas Siegenthaler,0
202310160NJD,FLA,smithbr05,Brendan Smith,0
202310160NJD,FLA,toffoty01,Tyler Toffoli,0
202310160NJD,FLA,vanecvi01,VÃ­tek VanÄÄek,0
