game_id,opponent,player_id,player_name,scored
202312060FLA,FLA,bennja01,Jamie Benn,0
202312060FLA,FLA,dadonev01,Evgenii Dadonov,1
202312060FLA,FLA,duchema01,Matt Duchene,0
202312060FLA,FLA,faksara01,Radek Faksa,1
202312060FLA,FLA,hakanja01,Jani HakanpÃ¤Ã¤,0
202312060FLA,FLA,hanlejo01,Joel Hanley,0
202312060FLA,FLA,harleth01,Thomas Harley,1
202312060FLA,FLA,heiskmi01,Miro Heiskanen,0
202312060FLA,FLA,hintzro01,Roope Hintz,0
202312060FLA,FLA,johnswy01,Wyatt Johnston,0
202312060FLA,FLA,lindees01,Esa Lindell,0
202312060FLA,FLA,marchma01,Mason Marchment,1
202312060FLA,FLA,paveljo01,Joe Pavelski,0
202312060FLA,FLA,roberja01,Jason Robertson,0
202312060FLA,FLA,seguity01,Tyler Seguin,0
202312060FLA,FLA,smithcr01,Craig Smith,0
202312060FLA,FLA,steelsa01,Sam Steel,0
202312060FLA,FLA,suterry01,Ryan Suter,0
202312060FLA,FLA,oettija01,Jake Oettinger,0
202312060FLA,DAL,barkoal01,Aleksander Barkov,1
202312060FLA,DAL,bennesa01,Sam Bennett,0
202312060FLA,DAL,cousini01,Nick Cousins,0
202312060FLA,DAL,ekblaaa01,Aaron Ekblad,0
202312060FLA,DAL,ekmanol01,Oliver Ekman-Larsson,0
202312060FLA,DAL,forslgu02,Gustav Forsling,0
202312060FLA,DAL,gadjojo01,Jonah Gadjovich,0
202312060FLA,DAL,kulikdm01,Dmitry Kulikov,0
202312060FLA,DAL,lombery01,Ryan Lomberg,0
202312060FLA,DAL,lundean01,Anton Lundell,0
202312060FLA,DAL,luostee01,Eetu Luostarinen,0
202312060FLA,DAL,mikkoni01,Niko Mikkola,0
202312060FLA,DAL,montobr01,Brandon Montour,0
202312060FLA,DAL,reinhsa01,Sam Reinhart,1
202312060FLA,DAL,rodriev01,Evan Rodrigues,1
202312060FLA,DAL,stenlke01,Kevin Stenlund,0
202312060FLA,DAL,tkachma01,Matthew Tkachuk,0
202312060FLA,DAL,verhaca01,Carter Verhaeghe,1
202312060FLA,DAL,bobrose01,Sergei Bobrovsky,0
