game_id,opponent,player_id,player_name,scored
202310120CBJ,CBJ,atkinca01,Cam Atkinson,1
202310120CBJ,CBJ,brinkbo01,Bobby Brink,0
202310120CBJ,CBJ,catesno01,Noah Cates,0
202310120CBJ,CBJ,coutuse01,Sean Couturier,0
202310120CBJ,CBJ,deslani01,Nicolas Deslauriers,0
202310120CBJ,CBJ,farabjo01,Joel Farabee,1
202310120CBJ,CBJ,frostmo01,Morgan Frost,0
202310120CBJ,CBJ,hathaga01,Garnet Hathaway,0
202310120CBJ,CBJ,konectr01,Travis Konecny,1
202310120CBJ,CBJ,laughsc01,Scott Laughton,0
202310120CBJ,CBJ,poehlry01,Ryan Poehling,0
202310120CBJ,CBJ,sanhetr01,Travis Sanheim,0
202310120CBJ,CBJ,seeleni01,Nick Seeler,0
202310120CBJ,CBJ,staalma01,Marc Staal,0
202310120CBJ,CBJ,tippeow01,Owen Tippett,0
202310120CBJ,CBJ,walkese01,Sean Walker,0
202310120CBJ,CBJ,yorkca01,Cameron York,0
202310120CBJ,CBJ,zamulye01,Yegor Zamula,0
202310120CBJ,CBJ,hartca01,Carter Hart,0
202310120CBJ,PHI,beanja01,Jake Bean,1
202310120CBJ,PHI,bemstem01,Emil BemstrÃ¶m,0
202310120CBJ,PHI,danfoju01,Justin Danforth,0
202310120CBJ,PHI,fantiad01,Adam Fantilli,0
202310120CBJ,PHI,gaudrjo01,Johnny Gaudreau,0
202310120CBJ,PHI,gudbrer01,Erik Gudbranson,0
202310120CBJ,PHI,jennebo01,Boone Jenner,0
202310120CBJ,PHI,kuralse01,Sean Kuraly,0
202310120CBJ,PHI,lainepa01,Patrik Laine,1
202310120CBJ,PHI,marchki01,Kirill Marchenko,0
202310120CBJ,PHI,peekean01,Andrew Peeke,0
202310120CBJ,PHI,provoiv01,Ivan Provorov,0
202310120CBJ,PHI,robiner01,Eric Robinson,0
202310120CBJ,PHI,rosloja01,Jack Roslovic,0
202310120CBJ,PHI,severda01,Damon Severson,0
202310120CBJ,PHI,sillico01,Cole Sillinger,0
202310120CBJ,PHI,texieal01,Alexandre Texier,0
202310120CBJ,PHI,werenza01,Zach Werenski,0
202310120CBJ,PHI,merzlel01,Elvis MerzÄ¼ikins,0
