game_id,opponent,player_id,player_name,scored
202312190CAR,CAR,amadimi01,Michael Amadio,0
202312190CAR,CAR,barbaiv01,Ivan Barbashev,0
202312190CAR,CAR,carriwi01,William Carrier,1
202312190CAR,CAR,cottepa01,Paul Cotter,0
202312190CAR,CAR,dorofpa01,Pavel Dorofeyev,0
202312190CAR,CAR,eicheja01,Jack Eichel,1
202312190CAR,CAR,hagueni01,Nicolas Hague,0
202312190CAR,CAR,howdebr01,Brett Howden,0
202312190CAR,CAR,huttobe01,Ben Hutton,0
202312190CAR,CAR,karlswi01,William Karlsson,0
202312190CAR,CAR,audymjo01,Jonathan Marchessault,0
202312190CAR,CAR,martial01,Alec Martinez,0
202312190CAR,CAR,mcnabbr01,Brayden McNabb,0
202312190CAR,CAR,pietral01,Alex Pietrangelo,0
202312190CAR,CAR,royni01,Nicolas Roy,0
202312190CAR,CAR,stephch02,Chandler Stephenson,0
202312190CAR,CAR,stonema01,Mark Stone,0
202312190CAR,CAR,whiteza01,Zach Whitecloud,0
202312190CAR,CAR,paterji01,JiÅÃ­ Patera,0
202312190CAR,CAR,thomplo01,Logan Thompson,0
202312190CAR,VEG,ahose01,Sebastian Aho,0
202312190CAR,VEG,buntimi01,Michael Bunting,1
202312190CAR,VEG,burnsbr01,Brent Burns,0
202312190CAR,VEG,chatfja01,Jalen Chatfield,0
202312190CAR,VEG,druryja01,Jack Drury,0
202312190CAR,VEG,fastje01,Jesper Fast,0
202312190CAR,VEG,jarvise01,Seth Jarvis,1
202312190CAR,VEG,kotkaje01,Jesperi Kotkaniemi,1
202312190CAR,VEG,martijo01,Jordan Martinook,0
202312190CAR,VEG,necasma01,Martin NeÄas,0
202312190CAR,VEG,noesest01,Stefan Noesen,0
202312190CAR,VEG,orlovdm01,Dmitry Orlov,0
202312190CAR,VEG,pescebr01,Brett Pesce,0
202312190CAR,VEG,skjeibr01,Brady Skjei,1
202312190CAR,VEG,slavija01,Jaccob Slavin,0
202312190CAR,VEG,staaljo01,Jordan Staal,1
202312190CAR,VEG,svechan01,Andrei Svechnikov,1
202312190CAR,VEG,teravte01,Teuvo TerÃ¤vÃ¤inen,0
202312190CAR,VEG,kochepy01,Pyotr Kochetkov,0
