game_id,opponent,player_id,player_name,scored
202310260NYI,NYI,bathedr01,Drake Batherson,0
202310260NYI,NYI,bernaja01,Jacob Bernard-Docker,0
202310260NYI,NYI,branner01,Erik BrÃ¤nnstrÃ¶m,0
202310260NYI,NYI,chaboth01,Thomas Chabot,0
202310260NYI,NYI,chartro01,Rourke Chartier,0
202310260NYI,NYI,chychja01,Jakob Chychrun,1
202310260NYI,NYI,giroucl01,Claude Giroux,1
202310260NYI,NYI,greigri01,Ridly Greig,0
202310260NYI,NYI,hamontr01,Travis Hamonic,0
202310260NYI,NYI,josepma01,Mathieu Joseph,0
202310260NYI,NYI,kastema01,Mark Kastelic,0
202310260NYI,NYI,kellypa01,Parker Kelly,0
202310260NYI,NYI,kubaldo01,Dominik KubalÃ­k,0
202310260NYI,NYI,norrijo01,Joshua Norris,0
202310260NYI,NYI,sandeja01,Jake Sanderson,0
202310260NYI,NYI,stuetti02,Tim StÃ¼tzle,0
202310260NYI,NYI,tarasvl01,Vladimir Tarasenko,0
202310260NYI,NYI,tkachbr01,Brady Tkachuk,0
202310260NYI,NYI,korpijo01,Joonas Korpisalo,0
202310260NYI,OTT,ahose02,Sebastian Aho,0
202310260NYI,OTT,barzama01,Mathew Barzal,0
202310260NYI,OTT,boldusa01,Samuel Bolduc,0
202310260NYI,OTT,cizikca01,Casey Cizikas,0
202310260NYI,OTT,cluttca01,Cal Clutterbuck,1
202310260NYI,OTT,dobsono01,Noah Dobson,1
202310260NYI,OTT,engvapi01,Pierre Engvall,0
202310260NYI,OTT,holmssi01,Simon HolmstrÃ¶m,0
202310260NYI,OTT,horvabo01,Bo Horvat,1
202310260NYI,OTT,leean01,Anders Lee,0
202310260NYI,OTT,martima02,Matt Martin,0
202310260NYI,OTT,nelsobr01,Brock Nelson,0
202310260NYI,OTT,pageaje01,Jean-Gabriel Pageau,0
202310260NYI,OTT,palmiky01,Kyle Palmieri,0
202310260NYI,OTT,pelecad01,Adam Pelech,0
202310260NYI,OTT,pulocry01,Ryan Pulock,0
202310260NYI,OTT,romanal01,Alexander Romanov,0
202310260NYI,OTT,wahlsol01,Oliver Wahlstrom,0
202310260NYI,OTT,sorokil01,Ilya Sorokin,0
