game_id,opponent,player_id,player_name,scored
202311290NYR,NYR,berggjo02,Jonatan Berggren,0
202311290NYR,NYR,chiarbe01,Ben Chiarot,0
202311290NYR,NYR,comphj.01,J.T. Compher,0
202311290NYR,NYR,coppan01,Andrew Copp,0
202311290NYR,NYR,debrial01,Alex DeBrincat,0
202311290NYR,NYR,fabbrro01,Robby Fabbri,1
202311290NYR,NYR,fischch01,Christian Fischer,0
202311290NYR,NYR,gostish01,Shayne Gostisbehere,0
202311290NYR,NYR,hollju01,Justin Holl,0
202311290NYR,NYR,kostikl01,Klim Kostin,0
202311290NYR,NYR,maattol01,Olli MÃ¤Ã¤ttÃ¤,0
202311290NYR,NYR,perroda01,David Perron,0
202311290NYR,NYR,rasmumi01,Michael Rasmussen,0
202311290NYR,NYR,raymolu01,Lucas Raymond,0
202311290NYR,NYR,seidemo01,Moritz Seider,1
202311290NYR,NYR,spronda01,Daniel Sprong,0
202311290NYR,NYR,velenjo01,Joe Veleno,0
202311290NYR,NYR,walmaja01,Jake Walman,0
202311290NYR,NYR,hussovi01,Ville Husso,0
202311290NYR,DET,boninni01,Nick Bonino,0
202311290NYR,DET,brodzjo01,Jonny Brodzinski,0
202311290NYR,DET,cuyllwi01,William Cuylle,0
202311290NYR,DET,foxad01,Adam Fox,0
202311290NYR,DET,goodrba01,Barclay Goodrow,0
202311290NYR,DET,gustaer02,Erik Gustafsson,0
202311290NYR,DET,kreidch01,Chris Kreider,0
202311290NYR,DET,lafreal01,Alexis LafreniÃ¨re,0
202311290NYR,DET,lindgry01,Ryan Lindgren,0
202311290NYR,DET,milleka01,K'Andre Miller,1
202311290NYR,DET,panarar01,Artemi Panarin,1
202311290NYR,DET,pitlity01,Tyler Pitlick,0
202311290NYR,DET,schnebr01,Braden Schneider,0
202311290NYR,DET,trochvi01,Vincent Trocheck,0
202311290NYR,DET,troubja01,Jacob Trouba,0
202311290NYR,DET,veseyji02,Jimmy Vesey,1
202311290NYR,DET,wheelbl01,Blake Wheeler,0
202311290NYR,DET,zibanmi01,Mika Zibanejad,0
202311290NYR,DET,shestig01,Igor Shesterkin,0
