game_id,opponent,player_id,player_name,scored
202311220SEA,SEA,addisca01,Calen Addison,0
202311220SEA,SEA,burroky01,Kyle Burroughs,0
202311220SEA,SEA,carpery01,Ryan Carpenter,0
202311220SEA,SEA,duclaan01,Anthony Duclair,0
202311220SEA,SEA,eklunwi01,William Eklund,0
202311220SEA,SEA,emberty01,Ty Emberson,0
202311220SEA,SEA,ferrama01,Mario Ferraro,0
202311220SEA,SEA,granlmi01,Mikael Granlund,0
202311220SEA,SEA,hertlto01,TomÃ¡Å¡ Hertl,0
202311220SEA,SEA,hoffmmi02,Mike Hoffman,1
202311220SEA,SEA,knyzhni01,Nikolai Knyzhov,0
202311220SEA,SEA,kuninlu01,Luke Kunin,0
202311220SEA,SEA,macdoja02,Jacob MacDonald,0
202311220SEA,SEA,okhotni01,Nikita Okhotyuk,0
202311220SEA,SEA,ruttaja02,Jan Rutta,0
202311220SEA,SEA,smithgi01,Givani Smith,0
202311220SEA,SEA,zadinfi01,Filip Zadina,0
202311220SEA,SEA,zettefa01,Fabian Zetterlund,0
202311220SEA,SEA,blackma01,Mackenzie Blackwood,0
202311220SEA,SEA,kahkoka01,Kaapo KÃ¤hkÃ¶nen,0
202311220SEA,SJS,bellepi01,Pierre-Ãdouard Bellemare,0
202311220SEA,SJS,beniema01,Matthew Beniers,0
202311220SEA,SJS,bjorkol01,Oliver Bjorkstrand,1
202311220SEA,SJS,borgewi01,William Borgen,0
202311220SEA,SJS,dumoubr01,Brian Dumoulin,0
202311220SEA,SJS,dunnvi02,Vince Dunn,0
202311220SEA,SJS,eberljo01,Jordan Eberle,0
202311220SEA,SJS,gourdya01,Yanni Gourde,1
202311220SEA,SJS,kartyty01,Tye Kartye,0
202311220SEA,SJS,larssad01,Adam Larsson,1
202311220SEA,SJS,mccanja01,Jared McCann,1
202311220SEA,SJS,oleksja01,Jamie Oleksiak,0
202311220SEA,SJS,schulju01,Justin Schultz,0
202311220SEA,SJS,schwaja01,Jaden Schwartz,0
202311220SEA,SJS,tanevbr01,Brandon Tanev,1
202311220SEA,SJS,tolvaee01,Eeli Tolvanen,1
202311220SEA,SJS,wennbal01,Alexander Wennberg,0
202311220SEA,SJS,yamamka01,Kailer Yamamoto,0
202311220SEA,SJS,daccojo01,Joey Daccord,0
