game_id,opponent,player_id,player_name,scored
202311100BUF,BUF,bogosza01,Zach Bogosian,0
202311100BUF,BUF,boldyma01,Matt Boldy,0
202311100BUF,BUF,brodijo01,Jonas Brodin,0
202311100BUF,BUF,dewarco01,Connor Dewar,0
202311100BUF,BUF,duhaibr01,Brandon Duhaime,0
202311100BUF,BUF,eriksjo02,Joel Eriksson Ek,1
202311100BUF,BUF,faberbr01,Brock Faber,0
202311100BUF,BUF,foligma01,Marcus Foligno,0
202311100BUF,BUF,hartmry01,Ryan Hartman,0
202311100BUF,BUF,johanma03,Marcus Johansson,0
202311100BUF,BUF,kapriki01,Kirill Kaprizov,1
202311100BUF,BUF,lettivi01,Vinni Lettieri,0
202311100BUF,BUF,maroopa01,Pat Maroon,0
202311100BUF,BUF,mermida01,Dakota Mermis,0
202311100BUF,BUF,middlja01,Jacob Middleton,0
202311100BUF,BUF,rossima01,Marco Rossi,0
202311100BUF,BUF,spurgja01,Jared Spurgeon,0
202311100BUF,BUF,zuccama01,Mats Zuccarello,0
202311100BUF,BUF,gustafi01,Filip Gustavsson,0
202311100BUF,MIN,cliftco01,Connor Clifton,0
202311100BUF,MIN,cozendy01,Dylan Cozens,0
202311100BUF,MIN,dahlira01,Rasmus Dahlin,0
202311100BUF,MIN,girgeze01,Zemgus Girgensons,0
202311100BUF,MIN,greenjo02,Jordan Greenway,0
202311100BUF,MIN,johnser01,Erik Johnson,0
202311100BUF,MIN,johnsry03,Ryan Johnson,0
202311100BUF,MIN,jokihhe01,Henri Jokiharju,1
202311100BUF,MIN,jostty01,Tyson Jost,0
202311100BUF,MIN,krebspe01,Peyton Krebs,0
202311100BUF,MIN,mitteca01,Casey Mittelstadt,0
202311100BUF,MIN,okposky01,Kyle Okposo,0
202311100BUF,MIN,peterjo01,John-Jason Peterka,1
202311100BUF,MIN,powerow01,Owen Power,0
202311100BUF,MIN,rouselu01,LukÃ¡Å¡ Rousek,0
202311100BUF,MIN,savoima01,Matthew Savoie,0
202311100BUF,MIN,skinnje01,Jeff Skinner,1
202311100BUF,MIN,thompta01,Tage Thompson,0
202311100BUF,MIN,levide01,Devon Levi,0
