game_id,opponent,player_id,player_name,scored
202310140PIT,PIT,anderra01,Rasmus Andersson,0
202310140PIT,PIT,backlmi01,Mikael Backlund,0
202310140PIT,PIT,colembl01,Blake Coleman,0
202310140PIT,PIT,coronma01,Matthew Coronato,1
202310140PIT,PIT,dubedi01,Dillon DubÃ©,0
202310140PIT,PIT,duehrwa01,Walker Duehr,0
202310140PIT,PIT,gilbede01,Dennis Gilbert,0
202310140PIT,PIT,greeraj01,A.J. Greer,0
202310140PIT,PIT,hanifno01,Noah Hanifin,0
202310140PIT,PIT,huberjo01,Jonathan Huberdeau,1
202310140PIT,PIT,kadrina01,Nazem Kadri,0
202310140PIT,PIT,lindhel01,Elias Lindholm,0
202310140PIT,PIT,mangian01,Andrew Mangiapane,0
202310140PIT,PIT,ruzicad01,Adam RuÅ¾iÄka,0
202310140PIT,PIT,sharaye01,Yegor Sharangovich,0
202310140PIT,PIT,tanevch01,Chris Tanev,0
202310140PIT,PIT,weegama01,MacKenzie Weegar,0
202310140PIT,PIT,zadorni01,Nikita Zadorov,0
202310140PIT,PIT,marksja02,Jacob MarkstrÃ¶m,0
202310140PIT,CGY,acciano01,Noel Acciari,0
202310140PIT,CGY,carteje01,Jeff Carter,0
202310140PIT,CGY,crosbsi01,Sidney Crosby,0
202310140PIT,CGY,ellerla01,Lars Eller,0
202310140PIT,CGY,gravery01,Ryan Graves,0
202310140PIT,CGY,guentja01,Jake Guentzel,1
202310140PIT,CGY,harkija01,Jansen Harkins,0
202310140PIT,CGY,joseppi01,Pierre-Olivier Joseph,0
202310140PIT,CGY,karlser01,Erik Karlsson,0
202310140PIT,CGY,letankr01,Kris Letang,0
202310140PIT,CGY,malkiev01,Evgeni Malkin,1
202310140PIT,CGY,nietoma01,Matthew Nieto,0
202310140PIT,CGY,oconndr01,Drew O'Connor,0
202310140PIT,CGY,pettema01,Marcus Pettersson,0
202310140PIT,CGY,rakelri01,Rickard Rakell,0
202310140PIT,CGY,ruhwech01,Chad Ruhwedel,0
202310140PIT,CGY,rustbr01,Bryan Rust,1
202310140PIT,CGY,smithre01,Reilly Smith,1
202310140PIT,CGY,nedelal01,Alex Nedeljkovic,0
