game_id,opponent,player_id,player_name,scored
202310260MTL,MTL,beanja01,Jake Bean,0
202310260MTL,MTL,bemstem01,Emil BemstrÃ¶m,1
202310260MTL,MTL,danfoju01,Justin Danforth,0
202310260MTL,MTL,fantiad01,Adam Fantilli,0
202310260MTL,MTL,gaudrjo01,Johnny Gaudreau,0
202310260MTL,MTL,gudbrer01,Erik Gudbranson,0
202310260MTL,MTL,jennebo01,Boone Jenner,0
202310260MTL,MTL,jiricda01,David JiÅÃ­Äek,0
202310260MTL,MTL,kuralse01,Sean Kuraly,0
202310260MTL,MTL,marchki01,Kirill Marchenko,0
202310260MTL,MTL,olivima01,Mathieu Olivier,0
202310260MTL,MTL,provoiv01,Ivan Provorov,0
202310260MTL,MTL,rosloja01,Jack Roslovic,1
202310260MTL,MTL,severda01,Damon Severson,0
202310260MTL,MTL,sillico01,Cole Sillinger,0
202310260MTL,MTL,texieal01,Alexandre Texier,0
202310260MTL,MTL,vorondi01,Dmitri Voronkov,0
202310260MTL,MTL,werenza01,Zach Werenski,0
202310260MTL,MTL,merzlel01,Elvis MerzÄ¼ikins,0
202310260MTL,CBJ,anderjo05,Josh Anderson,0
202310260MTL,CBJ,barroju01,Justin Barron,0
202310260MTL,CBJ,caufico01,Cole Caufield,1
202310260MTL,CBJ,evansja02,Jake Evans,0
202310260MTL,CBJ,gallabr01,Brendan Gallagher,0
202310260MTL,CBJ,harrijo01,Jordan Harris,0
202310260MTL,CBJ,harvera01,RafaÃ«l Harvey-Pinard,0
202310260MTL,CBJ,kovacjo01,Johnathan Kovacevic,0
202310260MTL,CBJ,lindsgu01,Gustav LindstrÃ¶m,0
202310260MTL,CBJ,mathemi01,Mike Matheson,1
202310260MTL,CBJ,monahse01,Sean Monahan,1
202310260MTL,CBJ,newhoal01,Alex Newhook,0
202310260MTL,CBJ,pearsta01,Tanner Pearson,0
202310260MTL,CBJ,pezzemi01,Michael Pezzetta,0
202310260MTL,CBJ,slafkju01,Juraj Slafkovsky,0
202310260MTL,CBJ,suzukni01,Nick Suzuki,1
202310260MTL,CBJ,xhekaar01,Arber Xhekaj,0
202310260MTL,CBJ,yloneje01,Jesse YlÃ¶nen,0
202310260MTL,CBJ,montesa01,Sam Montembeault,0
