game_id,opponent,player_id,player_name,scored
202312120SJS,SJS,applema01,Mason Appleton,0
202312120SJS,SJS,barromo01,Morgan Barron,0
202312120SJS,SJS,demeldy01,Dylan DeMelo,0
202312120SJS,SJS,dillobr01,Brenden Dillon,1
202312120SJS,SJS,ehlerni01,Nikolaj Ehlers,0
202312120SJS,SJS,gustada01,David Gustafsson,0
202312120SJS,SJS,iafalal01,Alex Iafallo,0
202312120SJS,SJS,lowryad01,Adam Lowry,0
202312120SJS,SJS,morrijo04,Josh Morrissey,0
202312120SJS,SJS,namesvl01,Vladislav Namestnikov,0
202312120SJS,SJS,niedeni01,Nino Niederreiter,0
202312120SJS,SJS,perfeco01,Cole Perfetti,0
202312120SJS,SJS,pionkne01,Neal Pionk,0
202312120SJS,SJS,sambedy01,Dylan Samberg,0
202312120SJS,SJS,scheima01,Mark Scheifele,0
202312120SJS,SJS,schmina01,Nate Schmidt,0
202312120SJS,SJS,stanllo01,Logan Stanley,0
202312120SJS,SJS,vilarga01,Gabriel Vilardi,0
202312120SJS,SJS,brossla01,Laurent Brossoit,0
202312120SJS,WPG,addisca01,Calen Addison,0
202312120SJS,WPG,baileju01,Justin Bailey,1
202312120SJS,WPG,barabal01,Alexander Barabanov,0
202312120SJS,WPG,burroky01,Kyle Burroughs,0
202312120SJS,WPG,duclaan01,Anthony Duclair,0
202312120SJS,WPG,eklunwi01,William Eklund,1
202312120SJS,WPG,ferrama01,Mario Ferraro,0
202312120SJS,WPG,granlmi01,Mikael Granlund,0
202312120SJS,WPG,hertlto01,TomÃ¡Å¡ Hertl,0
202312120SJS,WPG,hoffmmi02,Mike Hoffman,0
202312120SJS,WPG,kuninlu01,Luke Kunin,0
202312120SJS,WPG,labanke01,Kevin Labanc,0
202312120SJS,WPG,okhotni01,Nikita Okhotyuk,0
202312120SJS,WPG,ruttaja02,Jan Rutta,0
202312120SJS,WPG,sturmni01,Nico Sturm,0
202312120SJS,WPG,thrunhe01,Henry Thrun,0
202312120SJS,WPG,zadinfi01,Filip Zadina,0
202312120SJS,WPG,zettefa01,Fabian Zetterlund,0
202312120SJS,WPG,blackma01,Mackenzie Blackwood,0
