game_id,opponent,player_id,player_name,scored
202311220CAR,CAR,bouchev01,Evan Bouchard,0
202311220CAR,CAR,brobeph01,Philip Broberg,0
202311220CAR,CAR,brownco02,Connor Brown,0
202311220CAR,CAR,cecico01,Cody Ceci,0
202311220CAR,CAR,deshavi01,Vincent Desharnais,0
202311220CAR,CAR,draisle01,Leon Draisaitl,0
202311220CAR,CAR,ekholma01,Mattias Ekholm,1
202311220CAR,CAR,foegewa01,Warren Foegele,0
202311220CAR,CAR,hamblja01,James Hamblin,0
202311220CAR,CAR,hymanza01,Zach Hyman,1
202311220CAR,CAR,janmama02,Mattias Janmark,0
202311220CAR,CAR,kaneev01,Evander Kane,0
202311220CAR,CAR,kulakbr01,Brett Kulak,0
202311220CAR,CAR,mcdavco01,Connor McDavid,0
202311220CAR,CAR,mcleory01,Ryan McLeod,0
202311220CAR,CAR,nugenry01,Ryan Nugent-Hopkins,0
202311220CAR,CAR,nurseda01,Darnell Nurse,0
202311220CAR,CAR,ryande01,Derek Ryan,0
202311220CAR,CAR,pickaca01,Calvin Pickard,0
202311220CAR,CAR,skinnst01,Stuart Skinner,0
202311220CAR,EDM,ahose01,Sebastian Aho,0
202311220CAR,EDM,buntimi01,Michael Bunting,0
202311220CAR,EDM,burnsbr01,Brent Burns,1
202311220CAR,EDM,chatfja01,Jalen Chatfield,0
202311220CAR,EDM,druryja01,Jack Drury,1
202311220CAR,EDM,fastje01,Jesper Fast,1
202311220CAR,EDM,jarvise01,Seth Jarvis,1
202311220CAR,EDM,kotkaje01,Jesperi Kotkaniemi,0
202311220CAR,EDM,martijo01,Jordan Martinook,0
202311220CAR,EDM,necasma01,Martin NeÄas,1
202311220CAR,EDM,noesest01,Stefan Noesen,0
202311220CAR,EDM,orlovdm01,Dmitry Orlov,0
202311220CAR,EDM,pescebr01,Brett Pesce,0
202311220CAR,EDM,skjeibr01,Brady Skjei,0
202311220CAR,EDM,slavija01,Jaccob Slavin,0
202311220CAR,EDM,staaljo01,Jordan Staal,0
202311220CAR,EDM,svechan01,Andrei Svechnikov,0
202311220CAR,EDM,teravte01,Teuvo TerÃ¤vÃ¤inen,1
202311220CAR,EDM,kochepy01,Pyotr Kochetkov,0
202311220CAR,EDM,raantan01,Antti Raanta,0
