game_id,opponent,player_id,player_name,scored
202311180WSH,WSH,beanja01,Jake Bean,0
202311180WSH,WSH,chinaye01,Yegor Chinakhov,0
202311180WSH,WSH,danfoju01,Justin Danforth,1
202311180WSH,WSH,fantiad01,Adam Fantilli,0
202311180WSH,WSH,gaudrjo01,Johnny Gaudreau,1
202311180WSH,WSH,gudbrer01,Erik Gudbranson,0
202311180WSH,WSH,jennebo01,Boone Jenner,0
202311180WSH,WSH,jiricda01,David JiÅÃ­Äek,0
202311180WSH,WSH,kuralse01,Sean Kuraly,0
202311180WSH,WSH,lainepa01,Patrik Laine,0
202311180WSH,WSH,marchki01,Kirill Marchenko,0
202311180WSH,WSH,olivima01,Mathieu Olivier,0
202311180WSH,WSH,provoiv01,Ivan Provorov,1
202311180WSH,WSH,severda01,Damon Severson,0
202311180WSH,WSH,sillico01,Cole Sillinger,0
202311180WSH,WSH,texieal01,Alexandre Texier,0
202311180WSH,WSH,vorondi01,Dmitri Voronkov,0
202311180WSH,WSH,werenza01,Zach Werenski,0
202311180WSH,WSH,merzlel01,Elvis MerzÄ¼ikins,0
202311180WSH,CBJ,aubekni01,Nicolas AubÃ©-Kubel,0
202311180WSH,CBJ,carlsjo01,John Carlson,0
202311180WSH,CBJ,dowdni01,Nic Dowd,0
202311180WSH,CBJ,edmunjo01,Joel Edmundson,0
202311180WSH,CBJ,jenseni02,Nick Jensen,0
202311180WSH,CBJ,johanlu01,Lucas Johansen,0
202311180WSH,CBJ,lapiehe01,Hendrix Lapierre,1
202311180WSH,CBJ,malenbe01,Beck Malenstyn,0
202311180WSH,CBJ,manthan01,Anthony Mantha,0
202311180WSH,CBJ,mcmicco01,Connor McMichael,0
202311180WSH,CBJ,milanso01,Sonny Milano,1
202311180WSH,CBJ,oshietj01,T.J. Oshie,0
202311180WSH,CBJ,ovechal01,Alex Ovechkin,1
202311180WSH,CBJ,protaal01,Aliaksei Protas,1
202311180WSH,CBJ,sandira01,Rasmus Sandin,0
202311180WSH,CBJ,stromdy01,Dylan Strome,0
202311180WSH,CBJ,vanritr01,Trevor van Riemsdyk,0
202311180WSH,CBJ,wilsoto01,Tom Wilson,0
202311180WSH,CBJ,lindgch01,Charlie Lindgren,0
