game_id,opponent,player_id,player_name,scored
202311080VEG,VEG,andermi02,Michael Anderson,0
202311080VEG,VEG,byfiequ01,Quinton Byfield,0
202311080VEG,VEG,danauph01,Phillip Danault,0
202311080VEG,VEG,doughdr01,Drew Doughty,0
202311080VEG,VEG,duboipi01,Pierre-Luc Dubois,1
202311080VEG,VEG,engluan01,Andreas Englund,0
202311080VEG,VEG,fialake01,Kevin Fiala,0
202311080VEG,VEG,gavrivl01,Vladislav Gavrikov,0
202311080VEG,VEG,grundca01,Carl GrundstrÃ¶m,0
202311080VEG,VEG,kaliyar01,Arthur Kaliyev,0
202311080VEG,VEG,kempead01,Adrian Kempe,1
202311080VEG,VEG,kopitan01,AnÅ¾e Kopitar,1
202311080VEG,VEG,laferal01,Alex Laferriere,0
202311080VEG,VEG,lewistr01,Trevor Lewis,0
202311080VEG,VEG,lizotbl01,Blake Lizotte,0
202311080VEG,VEG,mooretr01,Trevor Moore,1
202311080VEG,VEG,royma04,Matt Roy,0
202311080VEG,VEG,spencjo01,Jordan Spence,0
202311080VEG,VEG,talboca01,Cam Talbot,0
202311080VEG,LAK,amadimi01,Michael Amadio,0
202311080VEG,LAK,barbaiv01,Ivan Barbashev,0
202311080VEG,LAK,carriwi01,William Carrier,0
202311080VEG,LAK,cottepa01,Paul Cotter,0
202311080VEG,LAK,dorofpa01,Pavel Dorofeyev,0
202311080VEG,LAK,eicheja01,Jack Eichel,0
202311080VEG,LAK,howdebr01,Brett Howden,0
202311080VEG,LAK,huttobe01,Ben Hutton,0
202311080VEG,LAK,karlswi01,William Karlsson,1
202311080VEG,LAK,koleske01,Keegan Kolesar,0
202311080VEG,LAK,audymjo01,Jonathan Marchessault,0
202311080VEG,LAK,martial01,Alec Martinez,0
202311080VEG,LAK,mcnabbr01,Brayden McNabb,0
202311080VEG,LAK,pachabr01,Brayden Pachal,0
202311080VEG,LAK,pietral01,Alex Pietrangelo,0
202311080VEG,LAK,rondbjo01,Jonas RÃ¸ndbjerg,0
202311080VEG,LAK,stonema01,Mark Stone,0
202311080VEG,LAK,theodsh01,Shea Theodore,0
202311080VEG,LAK,hillad01,Adin Hill,0
