game_id,opponent,player_id,player_name,scored
202312020VEG,VEG,aubekni01,Nicolas AubÃ©-Kubel,0
202312020VEG,VEG,carlsjo01,John Carlson,0
202312020VEG,VEG,dowdni01,Nic Dowd,0
202312020VEG,VEG,edmunjo01,Joel Edmundson,0
202312020VEG,VEG,feherma01,Martin FehÃ©rvÃ¡ry,0
202312020VEG,VEG,jenseni02,Nick Jensen,0
202312020VEG,VEG,kuzneev01,Evgeny Kuznetsov,0
202312020VEG,VEG,lapiehe01,Hendrix Lapierre,0
202312020VEG,VEG,malenbe01,Beck Malenstyn,0
202312020VEG,VEG,manthan01,Anthony Mantha,0
202312020VEG,VEG,mcmicco01,Connor McMichael,0
202312020VEG,VEG,milanso01,Sonny Milano,0
202312020VEG,VEG,ovechal01,Alex Ovechkin,0
202312020VEG,VEG,protaal01,Aliaksei Protas,0
202312020VEG,VEG,sandira01,Rasmus Sandin,0
202312020VEG,VEG,stromdy01,Dylan Strome,0
202312020VEG,VEG,vanritr01,Trevor van Riemsdyk,0
202312020VEG,VEG,wilsoto01,Tom Wilson,1
202312020VEG,VEG,kuempda01,Darcy Kuemper,0
202312020VEG,WSH,amadimi01,Michael Amadio,0
202312020VEG,WSH,barbaiv01,Ivan Barbashev,0
202312020VEG,WSH,carriwi01,William Carrier,0
202312020VEG,WSH,cottepa01,Paul Cotter,0
202312020VEG,WSH,eicheja01,Jack Eichel,1
202312020VEG,WSH,hagueni01,Nicolas Hague,0
202312020VEG,WSH,howdebr01,Brett Howden,0
202312020VEG,WSH,huttobe01,Ben Hutton,0
202312020VEG,WSH,karlswi01,William Karlsson,0
202312020VEG,WSH,koleske01,Keegan Kolesar,0
202312020VEG,WSH,korczka01,Kaedan Korczak,0
202312020VEG,WSH,audymjo01,Jonathan Marchessault,1
202312020VEG,WSH,mcnabbr01,Brayden McNabb,0
202312020VEG,WSH,pietral01,Alex Pietrangelo,0
202312020VEG,WSH,royni01,Nicolas Roy,0
202312020VEG,WSH,stephch02,Chandler Stephenson,0
202312020VEG,WSH,stonema01,Mark Stone,1
202312020VEG,WSH,whiteza01,Zach Whitecloud,0
202312020VEG,WSH,thomplo01,Logan Thompson,0
