game_id,opponent,player_id,player_name,scored
202311180BOS,BOS,anderjo05,Josh Anderson,0
202311180BOS,BOS,barroju01,Justin Barron,0
202311180BOS,BOS,caufico01,Cole Caufield,0
202311180BOS,BOS,dvorach01,Christian Dvorak,0
202311180BOS,BOS,evansja02,Jake Evans,0
202311180BOS,BOS,gallabr01,Brendan Gallagher,0
202311180BOS,BOS,guhleka01,Kaiden Guhle,0
202311180BOS,BOS,harrijo01,Jordan Harris,0
202311180BOS,BOS,kovacjo01,Johnathan Kovacevic,1
202311180BOS,BOS,lindsgu01,Gustav LindstrÃ¶m,0
202311180BOS,BOS,mathemi01,Mike Matheson,0
202311180BOS,BOS,monahse01,Sean Monahan,0
202311180BOS,BOS,newhoal01,Alex Newhook,0
202311180BOS,BOS,pearsta01,Tanner Pearson,0
202311180BOS,BOS,pezzemi01,Michael Pezzetta,0
202311180BOS,BOS,slafkju01,Juraj Slafkovsky,1
202311180BOS,BOS,suzukni01,Nick Suzuki,0
202311180BOS,BOS,yloneje01,Jesse YlÃ¶nen,0
202311180BOS,BOS,allenja01,Jake Allen,0
202311180BOS,MTL,beechjo01,John Beecher,0
202311180BOS,MTL,carlobr01,Brandon Carlo,0
202311180BOS,MTL,coylech01,Charlie Coyle,0
202311180BOS,MTL,debruja01,Jake DeBrusk,0
202311180BOS,MTL,forbode01,Derek Forbort,0
202311180BOS,MTL,fredetr01,Trent Frederic,1
202311180BOS,MTL,heineda01,Danton Heinen,0
202311180BOS,MTL,laukoja01,Jakub Lauko,0
202311180BOS,MTL,lindhha01,Hampus Lindholm,0
202311180BOS,MTL,lohrema01,Mason Lohrei,0
202311180BOS,MTL,marchbr03,Brad Marchand,0
202311180BOS,MTL,mcavoch01,Charlie McAvoy,1
202311180BOS,MTL,pastrda01,David PastrÅÃ¡k,0
202311180BOS,MTL,poitrma01,Matthew Poitras,0
202311180BOS,MTL,shattke01,Kevin Shattenkirk,0
202311180BOS,MTL,steenos01,Oskar Steen,0
202311180BOS,MTL,vanrija01,James van Riemsdyk,1
202311180BOS,MTL,zachapa01,Pavel Zacha,1
202311180BOS,MTL,swaymje01,Jeremy Swayman,0
