game_id,opponent,player_id,player_name,scored
202312070NSH,NSH,barreal01,Alex BarrÃ©-Boulet,1
202312070NSH,NSH,cernaer01,Erik ÄernÃ¡k,0
202312070NSH,NSH,cirelan01,Anthony Cirelli,0
202312070NSH,NSH,dehaaca01,Calvin de Haan,0
202312070NSH,NSH,eyssimi01,Michael Eyssimont,0
202312070NSH,NSH,glendlu01,Luke Glendening,0
202312070NSH,NSH,hagelbr01,Brandon Hagel,0
202312070NSH,NSH,hedmavi01,Victor Hedman,0
202312070NSH,NSH,jeannta01,Tanner Jeannot,0
202312070NSH,NSH,kucheni01,Nikita Kucherov,0
202312070NSH,NSH,mottety01,Tyler Motte,0
202312070NSH,NSH,paulni01,Nick Paul,0
202312070NSH,NSH,perbini01,Nicklaus Perbix,0
202312070NSH,NSH,pointbr01,Brayden Point,0
202312070NSH,NSH,raddyda01,Darren Raddysh,0
202312070NSH,NSH,sergami01,Mikhail Sergachev,0
202312070NSH,NSH,stamkst01,Steven Stamkos,0
202312070NSH,NSH,watsoau01,Austin Watson,0
202312070NSH,NSH,johanjo03,Jonas Johansson,0
202312070NSH,TBL,evanglu01,Luke Evangelista,0
202312070NSH,TBL,fabbrda01,Dante Fabbro,0
202312070NSH,TBL,forsbfi01,Filip Forsberg,1
202312070NSH,TBL,josiro01,Roman Josi,1
202312070NSH,TBL,lauzoje01,Jeremy Lauzon,0
202312070NSH,TBL,mccarmi01,Michael McCarron,0
202312070NSH,TBL,mcdonry01,Ryan McDonagh,1
202312070NSH,TBL,novakth01,Thomas Novak,0
202312070NSH,TBL,nyquigu01,Gustav Nyquist,0
202312070NSH,TBL,oreilry01,Ryan O'Reilly,0
202312070NSH,TBL,parssju01,Juuso PÃ¤rssinen,1
202312070NSH,TBL,schenlu01,Luke Schenn,0
202312070NSH,TBL,sherwki01,Kiefer Sherwood,0
202312070NSH,TBL,sissoco01,Colton Sissons,0
202312070NSH,TBL,smithco02,Cole Smith,0
202312070NSH,TBL,stastsp01,Spencer Stastney,0
202312070NSH,TBL,tomasph01,Philip Tomasino,0
202312070NSH,TBL,treniya01,Yakov Trenin,1
202312070NSH,TBL,sarosju01,Juuse Saros,0
