game_id,opponent,player_id,player_name,scored
202311100TOR,TOR,anderra01,Rasmus Andersson,0
202311100TOR,TOR,backlmi01,Mikael Backlund,0
202311100TOR,TOR,colembl01,Blake Coleman,0
202311100TOR,TOR,desimni01,Nick DeSimone,0
202311100TOR,TOR,dubedi01,Dillon DubÃ©,0
202311100TOR,TOR,greeraj01,A.J. Greer,1
202311100TOR,TOR,hanifno01,Noah Hanifin,0
202311100TOR,TOR,huberjo01,Jonathan Huberdeau,0
202311100TOR,TOR,kadrina01,Nazem Kadri,0
202311100TOR,TOR,lindhel01,Elias Lindholm,0
202311100TOR,TOR,mangian01,Andrew Mangiapane,0
202311100TOR,TOR,pospima01,Martin Pospisil,1
202311100TOR,TOR,ruzicad01,Adam RuÅ¾iÄka,0
202311100TOR,TOR,sharaye01,Yegor Sharangovich,0
202311100TOR,TOR,tanevch01,Chris Tanev,0
202311100TOR,TOR,weegama01,MacKenzie Weegar,0
202311100TOR,TOR,zadorni01,Nikita Zadorov,1
202311100TOR,TOR,zaryco01,Connor Zary,1
202311100TOR,TOR,vladada01,Daniel VladaÅ,0
202311100TOR,CGY,benoisi01,Simon Benoit,0
202311100TOR,CGY,bertuty01,Tyler Bertuzzi,0
202311100TOR,CGY,broditj01,T.J. Brodie,0
202311100TOR,CGY,domima01,Max Domi,0
202311100TOR,CGY,giordma01,Mark Giordano,0
202311100TOR,CGY,gregono01,Noah Gregor,0
202311100TOR,CGY,jarnkca01,Calle JÃ¤rnkrok,1
202311100TOR,CGY,kampfda01,David KÃ¤mpf,0
202311100TOR,CGY,kniesma01,Matthew Knies,0
202311100TOR,CGY,lageswi01,William Lagesson,0
202311100TOR,CGY,marnemi01,Mitch Marner,0
202311100TOR,CGY,matthau01,Auston Matthews,0
202311100TOR,CGY,mccabja01,Jake McCabe,0
202311100TOR,CGY,nylanwi01,William Nylander,1
202311100TOR,CGY,reavery01,Ryan Reaves,0
202311100TOR,CGY,riellmo01,Morgan Rielly,0
202311100TOR,CGY,roberni01,Nicholas Robertson,0
202311100TOR,CGY,tavarjo01,John Tavares,1
202311100TOR,CGY,wolljo01,Joseph Woll,0
