game_id,opponent,player_id,player_name,scored
202310240TBL,TBL,ahose01,Sebastian Aho,0
202310240TBL,TBL,buntimi01,Michael Bunting,0
202310240TBL,TBL,burnsbr01,Brent Burns,0
202310240TBL,TBL,chatfja01,Jalen Chatfield,0
202310240TBL,TBL,deangan01,Tony DeAngelo,0
202310240TBL,TBL,druryja01,Jack Drury,0
202310240TBL,TBL,fastje01,Jesper Fast,0
202310240TBL,TBL,jarvise01,Seth Jarvis,0
202310240TBL,TBL,kotkaje01,Jesperi Kotkaniemi,0
202310240TBL,TBL,lemiebr01,Brendan Lemieux,0
202310240TBL,TBL,martijo01,Jordan Martinook,0
202310240TBL,TBL,necasma01,Martin NeÄas,0
202310240TBL,TBL,noesest01,Stefan Noesen,0
202310240TBL,TBL,orlovdm01,Dmitry Orlov,0
202310240TBL,TBL,skjeibr01,Brady Skjei,0
202310240TBL,TBL,slavija01,Jaccob Slavin,0
202310240TBL,TBL,staaljo01,Jordan Staal,0
202310240TBL,TBL,teravte01,Teuvo TerÃ¤vÃ¤inen,0
202310240TBL,TBL,kochepy01,Pyotr Kochetkov,0
202310240TBL,CAR,barreal01,Alex BarrÃ©-Boulet,1
202310240TBL,CAR,cernaer01,Erik ÄernÃ¡k,0
202310240TBL,CAR,cirelan01,Anthony Cirelli,0
202310240TBL,CAR,dehaaca01,Calvin de Haan,0
202310240TBL,CAR,eyssimi01,Michael Eyssimont,0
202310240TBL,CAR,glendlu01,Luke Glendening,0
202310240TBL,CAR,hagelbr01,Brandon Hagel,0
202310240TBL,CAR,hedmavi01,Victor Hedman,0
202310240TBL,CAR,jeannta01,Tanner Jeannot,0
202310240TBL,CAR,kucheni01,Nikita Kucherov,0
202310240TBL,CAR,merelwa01,Waltteri Merela,0
202310240TBL,CAR,paulni01,Nick Paul,1
202310240TBL,CAR,perbini01,Nicklaus Perbix,0
202310240TBL,CAR,pointbr01,Brayden Point,1
202310240TBL,CAR,raddyda01,Darren Raddysh,0
202310240TBL,CAR,sergami01,Mikhail Sergachev,0
202310240TBL,CAR,shearco01,Conor Sheary,0
202310240TBL,CAR,stamkst01,Steven Stamkos,0
202310240TBL,CAR,johanjo03,Jonas Johansson,0
