game_id,opponent,player_id,player_name,scored
202310220ANA,ANA,beechjo01,John Beecher,0
202310220ANA,ANA,brownpa02,Patrick Brown,0
202310220ANA,ANA,carlobr01,Brandon Carlo,0
202310220ANA,ANA,coylech01,Charlie Coyle,0
202310220ANA,ANA,debruja01,Jake DeBrusk,0
202310220ANA,ANA,fredetr01,Trent Frederic,0
202310220ANA,ANA,geekimo01,Morgan Geekie,0
202310220ANA,ANA,grzelma01,Matt Grzelcyk,0
202310220ANA,ANA,laukoja01,Jakub Lauko,0
202310220ANA,ANA,lindhha01,Hampus Lindholm,0
202310220ANA,ANA,marchbr03,Brad Marchand,1
202310220ANA,ANA,mcavoch01,Charlie McAvoy,0
202310220ANA,ANA,mitchia01,Ian Mitchell,0
202310220ANA,ANA,pastrda01,David PastrÅÃ¡k,0
202310220ANA,ANA,poitrma01,Matthew Poitras,1
202310220ANA,ANA,shattke01,Kevin Shattenkirk,0
202310220ANA,ANA,vanrija01,James van Riemsdyk,0
202310220ANA,ANA,zachapa01,Pavel Zacha,0
202310220ANA,ANA,ullmali01,Linus Ullmark,0
202310220ANA,BOS,carrisa01,Sam Carrick,0
202310220ANA,BOS,fowleca01,Cam Fowler,0
202310220ANA,BOS,groulbe01,Benoit-Olivier Groulx,0
202310220ANA,BOS,gudasra01,Radko Gudas,0
202310220ANA,BOS,henriad01,Adam Henrique,0
202310220ANA,BOS,johnsro02,Ross Johnston,0
202310220ANA,BOS,jonesma03,Max Jones,0
202310220ANA,BOS,lacomja01,Jackson LaCombe,0
202310220ANA,BOS,leasobr01,Brett Leason,0
202310220ANA,BOS,lyubuil01,Ilya Lyubushkin,0
202310220ANA,BOS,mctavma01,Mason McTavish,1
202310220ANA,BOS,mintypa01,Pavel Mintyukov,0
202310220ANA,BOS,silfvja01,Jakob Silfverberg,0
202310220ANA,BOS,stromry01,Ryan Strome,0
202310220ANA,BOS,terrytr01,Troy Terry,0
202310220ANA,BOS,vaakaur01,Urho Vaakanainen,0
202310220ANA,BOS,vatrafr01,Frank Vatrano,0
202310220ANA,BOS,zegratr01,Trevor Zegras,0
202310220ANA,BOS,gibsojo02,John Gibson,0
