game_id,opponent,player_id,player_name,scored
202310210COL,COL,buntimi01,Michael Bunting,1
202310210COL,COL,burkeca01,Callahan Burke,0
202310210COL,COL,burnsbr01,Brent Burns,1
202310210COL,COL,chatfja01,Jalen Chatfield,0
202310210COL,COL,deangan01,Tony DeAngelo,0
202310210COL,COL,druryja01,Jack Drury,0
202310210COL,COL,fastje01,Jesper Fast,0
202310210COL,COL,jarvise01,Seth Jarvis,0
202310210COL,COL,kotkaje01,Jesperi Kotkaniemi,1
202310210COL,COL,lemiebr01,Brendan Lemieux,0
202310210COL,COL,martijo01,Jordan Martinook,0
202310210COL,COL,necasma01,Martin NeÄas,0
202310210COL,COL,noesest01,Stefan Noesen,0
202310210COL,COL,orlovdm01,Dmitry Orlov,0
202310210COL,COL,skjeibr01,Brady Skjei,0
202310210COL,COL,slavija01,Jaccob Slavin,1
202310210COL,COL,staaljo01,Jordan Staal,0
202310210COL,COL,teravte01,Teuvo TerÃ¤vÃ¤inen,0
202310210COL,COL,kochepy01,Pyotr Kochetkov,0
202310210COL,CAR,byrambo01,Bowen Byram,0
202310210COL,CAR,coglian01,Andrew Cogliano,0
202310210COL,CAR,coltoro01,Ross Colton,0
202310210COL,CAR,drouijo01,Jonathan Drouin,0
202310210COL,CAR,girarsa01,Samuel Girard,0
202310210COL,CAR,johanry01,Ryan Johansen,1
202310210COL,CAR,johnsja02,Jack Johnson,0
202310210COL,CAR,lehkoar01,Artturi Lehkonen,1
202310210COL,CAR,mackina01,Nathan MacKinnon,1
202310210COL,CAR,makarca01,Cale Makar,0
202310210COL,CAR,mansojo01,Josh Manson,0
202310210COL,CAR,nichuva01,Valeri Nichushkin,0
202310210COL,CAR,oconnlo01,Logan O'Connor,1
202310210COL,CAR,olofsfr01,Fredrik Olofsson,1
202310210COL,CAR,rantami01,Mikko Rantanen,1
202310210COL,CAR,tatarto01,TomÃ¡Å¡ Tatar,0
202310210COL,CAR,toewsde01,Devon Toews,0
202310210COL,CAR,woodmi01,Miles Wood,0
202310210COL,CAR,georgal01,Alexandar Georgiev,0
