game_id,opponent,player_id,player_name,scored
202310140OTT,OTT,andraem01,Emil Andrae,0
202310140OTT,OTT,atkinca01,Cam Atkinson,0
202310140OTT,OTT,catesno01,Noah Cates,0
202310140OTT,OTT,coutuse01,Sean Couturier,0
202310140OTT,OTT,deslani01,Nicolas Deslauriers,0
202310140OTT,OTT,farabjo01,Joel Farabee,0
202310140OTT,OTT,foersty01,Tyson Foerster,0
202310140OTT,OTT,frostmo01,Morgan Frost,0
202310140OTT,OTT,hathaga01,Garnet Hathaway,0
202310140OTT,OTT,konectr01,Travis Konecny,1
202310140OTT,OTT,laughsc01,Scott Laughton,0
202310140OTT,OTT,poehlry01,Ryan Poehling,0
202310140OTT,OTT,sanhetr01,Travis Sanheim,0
202310140OTT,OTT,seeleni01,Nick Seeler,0
202310140OTT,OTT,staalma01,Marc Staal,0
202310140OTT,OTT,tippeow01,Owen Tippett,0
202310140OTT,OTT,walkese01,Sean Walker,0
202310140OTT,OTT,yorkca01,Cameron York,1
202310140OTT,OTT,hartca01,Carter Hart,0
202310140OTT,PHI,bathedr01,Drake Batherson,0
202310140OTT,PHI,branner01,Erik BrÃ¤nnstrÃ¶m,0
202310140OTT,PHI,chaboth01,Thomas Chabot,0
202310140OTT,PHI,chartro01,Rourke Chartier,0
202310140OTT,PHI,chychja01,Jakob Chychrun,1
202310140OTT,PHI,giroucl01,Claude Giroux,0
202310140OTT,PHI,greigri01,Ridly Greig,0
202310140OTT,PHI,hamontr01,Travis Hamonic,0
202310140OTT,PHI,josepma01,Mathieu Joseph,0
202310140OTT,PHI,kastema01,Mark Kastelic,0
202310140OTT,PHI,kellypa01,Parker Kelly,0
202310140OTT,PHI,kubaldo01,Dominik KubalÃ­k,0
202310140OTT,PHI,macewza01,Zack MacEwen,0
202310140OTT,PHI,sandeja01,Jake Sanderson,1
202310140OTT,PHI,stuetti02,Tim StÃ¼tzle,0
202310140OTT,PHI,tarasvl01,Vladimir Tarasenko,0
202310140OTT,PHI,tkachbr01,Brady Tkachuk,1
202310140OTT,PHI,zubar01,Artem Zub,0
202310140OTT,PHI,forsban01,Anton Forsberg,0
