game_id,opponent,player_id,player_name,scored
202312140STL,STL,bathedr01,Drake Batherson,0
202312140STL,STL,bernaja01,Jacob Bernard-Docker,0
202312140STL,STL,branner01,Erik BrÃ¤nnstrÃ¶m,0
202312140STL,STL,chartro01,Rourke Chartier,0
202312140STL,STL,chychja01,Jakob Chychrun,0
202312140STL,STL,giroucl01,Claude Giroux,0
202312140STL,STL,greigri01,Ridly Greig,0
202312140STL,STL,hamontr01,Travis Hamonic,0
202312140STL,STL,josepma01,Mathieu Joseph,1
202312140STL,STL,kastema01,Mark Kastelic,0
202312140STL,STL,kellypa01,Parker Kelly,0
202312140STL,STL,kubaldo01,Dominik KubalÃ­k,1
202312140STL,STL,norrijo01,Joshua Norris,0
202312140STL,STL,sandeja01,Jake Sanderson,0
202312140STL,STL,stuetti02,Tim StÃ¼tzle,0
202312140STL,STL,tarasvl01,Vladimir Tarasenko,0
202312140STL,STL,tkachbr01,Brady Tkachuk,0
202312140STL,STL,zubar01,Artem Zub,0
202312140STL,STL,korpijo01,Joonas Korpisalo,0
202312140STL,OTT,buchnpa01,Pavel Buchnevich,1
202312140STL,OTT,faulkju01,Justin Faulk,0
202312140STL,OTT,hayeske01,Kevin Hayes,0
202312140STL,OTT,kapanka01,Kasperi Kapanen,0
202312140STL,OTT,krugto01,Torey Krug,0
202312140STL,OTT,kyroujo01,Jordan Kyrou,0
202312140STL,OTT,leddyni01,Nick Leddy,0
202312140STL,OTT,maceama01,Mackenzie MacEachern,0
202312140STL,OTT,mcginhu01,Hugh McGing,0
202312140STL,OTT,neighja01,Jake Neighbours,0
202312140STL,OTT,parayco01,Colton Parayko,0
202312140STL,OTT,saadbr01,Brandon Saad,1
202312140STL,OTT,scandma01,Marco Scandella,0
202312140STL,OTT,schenbr01,Brayden Schenn,0
202312140STL,OTT,sundqos01,Oskar Sundqvist,0
202312140STL,OTT,thomaro01,Robert Thomas,1
202312140STL,OTT,toropal01,Alexey Toropchenko,0
202312140STL,OTT,tuckety01,Tyler Tucker,0
202312140STL,OTT,binnijo01,Jordan Binnington,0
