game_id,opponent,player_id,player_name,scored
202312210COL,COL,bathedr01,Drake Batherson,1
202312210COL,COL,bernaja01,Jacob Bernard-Docker,1
202312210COL,COL,branner01,Erik BrÃ¤nnstrÃ¶m,0
202312210COL,COL,chychja01,Jakob Chychrun,0
202312210COL,COL,crookan01,Angus Crookshank,0
202312210COL,COL,giroucl01,Claude Giroux,0
202312210COL,COL,greigri01,Ridly Greig,1
202312210COL,COL,hamontr01,Travis Hamonic,0
202312210COL,COL,kastema01,Mark Kastelic,0
202312210COL,COL,kellypa01,Parker Kelly,0
202312210COL,COL,kubaldo01,Dominik KubalÃ­k,0
202312210COL,COL,norrijo01,Joshua Norris,1
202312210COL,COL,sandeja01,Jake Sanderson,0
202312210COL,COL,smejkji01,Jiri Smejkal,0
202312210COL,COL,stuetti02,Tim StÃ¼tzle,0
202312210COL,COL,tarasvl01,Vladimir Tarasenko,0
202312210COL,COL,tkachbr01,Brady Tkachuk,0
202312210COL,COL,zubar01,Artem Zub,0
202312210COL,COL,korpijo01,Joonas Korpisalo,0
202312210COL,OTT,byrambo01,Bowen Byram,0
202312210COL,OTT,coltoro01,Ross Colton,0
202312210COL,OTT,drouijo01,Jonathan Drouin,0
202312210COL,OTT,johanry01,Ryan Johansen,0
202312210COL,OTT,johnsja02,Jack Johnson,0
202312210COL,OTT,kivirjo01,Joel Kiviranta,0
202312210COL,OTT,macdeku01,Kurtis MacDermid,0
202312210COL,OTT,mackina01,Nathan MacKinnon,1
202312210COL,OTT,makarca01,Cale Makar,0
202312210COL,OTT,malinsa01,Sam Malinski,0
202312210COL,OTT,mansojo01,Josh Manson,0
202312210COL,OTT,meyerbe01,Ben Meyers,0
202312210COL,OTT,nichuva01,Valeri Nichushkin,0
202312210COL,OTT,oconnlo01,Logan O'Connor,0
202312210COL,OTT,olofsfr01,Fredrik Olofsson,0
202312210COL,OTT,rantami01,Mikko Rantanen,1
202312210COL,OTT,toewsde01,Devon Toews,0
202312210COL,OTT,woodmi01,Miles Wood,0
202312210COL,OTT,georgal01,Alexandar Georgiev,0
