game_id,opponent,player_id,player_name,scored
202310310TOR,TOR,andermi02,Michael Anderson,0
202310310TOR,TOR,byfiequ01,Quinton Byfield,0
202310310TOR,TOR,danauph01,Phillip Danault,1
202310310TOR,TOR,doughdr01,Drew Doughty,0
202310310TOR,TOR,duboipi01,Pierre-Luc Dubois,0
202310310TOR,TOR,engluan01,Andreas Englund,1
202310310TOR,TOR,fialake01,Kevin Fiala,0
202310310TOR,TOR,gavrivl01,Vladislav Gavrikov,0
202310310TOR,TOR,grundca01,Carl GrundstrÃ¶m,0
202310310TOR,TOR,kaliyar01,Arthur Kaliyev,1
202310310TOR,TOR,kempead01,Adrian Kempe,1
202310310TOR,TOR,kopitan01,AnÅ¾e Kopitar,0
202310310TOR,TOR,laferal01,Alex Laferriere,0
202310310TOR,TOR,lewistr01,Trevor Lewis,0
202310310TOR,TOR,lizotbl01,Blake Lizotte,0
202310310TOR,TOR,mooretr01,Trevor Moore,0
202310310TOR,TOR,royma04,Matt Roy,0
202310310TOR,TOR,spencjo01,Jordan Spence,0
202310310TOR,TOR,talboca01,Cam Talbot,0
202310310TOR,LAK,bertuty01,Tyler Bertuzzi,0
202310310TOR,LAK,broditj01,T.J. Brodie,0
202310310TOR,LAK,domima01,Max Domi,0
202310310TOR,LAK,giordma01,Mark Giordano,0
202310310TOR,LAK,gregono01,Noah Gregor,0
202310310TOR,LAK,holmbpo01,Pontus Holmberg,0
202310310TOR,LAK,jarnkca01,Calle JÃ¤rnkrok,0
202310310TOR,LAK,kampfda01,David KÃ¤mpf,0
202310310TOR,LAK,klingjo01,John Klingberg,0
202310310TOR,LAK,kniesma01,Matthew Knies,0
202310310TOR,LAK,lageswi01,William Lagesson,0
202310310TOR,LAK,liljeti01,Timothy Liljegren,0
202310310TOR,LAK,marnemi01,Mitch Marner,0
202310310TOR,LAK,matthau01,Auston Matthews,0
202310310TOR,LAK,nylanwi01,William Nylander,0
202310310TOR,LAK,reavery01,Ryan Reaves,0
202310310TOR,LAK,riellmo01,Morgan Rielly,0
202310310TOR,LAK,tavarjo01,John Tavares,1
202310310TOR,LAK,wolljo01,Joseph Woll,0
