game_id,opponent,player_id,player_name,scored
202311280EDM,EDM,amadimi01,Michael Amadio,1
202311280EDM,EDM,barbaiv01,Ivan Barbashev,0
202311280EDM,EDM,carriwi01,William Carrier,0
202311280EDM,EDM,cottepa01,Paul Cotter,0
202311280EDM,EDM,eicheja01,Jack Eichel,0
202311280EDM,EDM,hagueni01,Nicolas Hague,0
202311280EDM,EDM,howdebr01,Brett Howden,0
202311280EDM,EDM,huttobe01,Ben Hutton,1
202311280EDM,EDM,karlswi01,William Karlsson,0
202311280EDM,EDM,koleske01,Keegan Kolesar,1
202311280EDM,EDM,korczka01,Kaedan Korczak,0
202311280EDM,EDM,audymjo01,Jonathan Marchessault,0
202311280EDM,EDM,mcnabbr01,Brayden McNabb,0
202311280EDM,EDM,pietral01,Alex Pietrangelo,0
202311280EDM,EDM,royni01,Nicolas Roy,0
202311280EDM,EDM,stephch02,Chandler Stephenson,0
202311280EDM,EDM,stonema01,Mark Stone,1
202311280EDM,EDM,whiteza01,Zach Whitecloud,0
202311280EDM,EDM,thomplo01,Logan Thompson,0
202311280EDM,VEG,bouchev01,Evan Bouchard,0
202311280EDM,VEG,brownco02,Connor Brown,0
202311280EDM,VEG,cecico01,Cody Ceci,0
202311280EDM,VEG,deshavi01,Vincent Desharnais,0
202311280EDM,VEG,draisle01,Leon Draisaitl,0
202311280EDM,VEG,ekholma01,Mattias Ekholm,0
202311280EDM,VEG,ernead01,Adam Erne,0
202311280EDM,VEG,foegewa01,Warren Foegele,0
202311280EDM,VEG,gagnesa01,Sam Gagner,1
202311280EDM,VEG,hamblja01,James Hamblin,0
202311280EDM,VEG,janmama02,Mattias Janmark,1
202311280EDM,VEG,kaneev01,Evander Kane,1
202311280EDM,VEG,kulakbr01,Brett Kulak,0
202311280EDM,VEG,mcdavco01,Connor McDavid,1
202311280EDM,VEG,mcleory01,Ryan McLeod,0
202311280EDM,VEG,nugenry01,Ryan Nugent-Hopkins,0
202311280EDM,VEG,nurseda01,Darnell Nurse,0
202311280EDM,VEG,ryande01,Derek Ryan,0
202311280EDM,VEG,skinnst01,Stuart Skinner,0
