game_id,opponent,player_id,player_name,scored
202311250NYR,NYR,beechjo01,John Beecher,0
202311250NYR,NYR,carlobr01,Brandon Carlo,0
202311250NYR,NYR,coylech01,Charlie Coyle,1
202311250NYR,NYR,debruja01,Jake DeBrusk,0
202311250NYR,NYR,forbode01,Derek Forbort,0
202311250NYR,NYR,fredetr01,Trent Frederic,0
202311250NYR,NYR,geekimo01,Morgan Geekie,1
202311250NYR,NYR,grzelma01,Matt Grzelcyk,0
202311250NYR,NYR,heineda01,Danton Heinen,0
202311250NYR,NYR,laukoja01,Jakub Lauko,0
202311250NYR,NYR,lindhha01,Hampus Lindholm,0
202311250NYR,NYR,marchbr03,Brad Marchand,0
202311250NYR,NYR,mcavoch01,Charlie McAvoy,0
202311250NYR,NYR,mitchia01,Ian Mitchell,0
202311250NYR,NYR,pastrda01,David PastrÅÃ¡k,1
202311250NYR,NYR,poitrma01,Matthew Poitras,0
202311250NYR,NYR,vanrija01,James van Riemsdyk,0
202311250NYR,NYR,zachapa01,Pavel Zacha,0
202311250NYR,NYR,ullmali01,Linus Ullmark,0
202311250NYR,BOS,boninni01,Nick Bonino,1
202311250NYR,BOS,cuyllwi01,William Cuylle,0
202311250NYR,BOS,goodrba01,Barclay Goodrow,0
202311250NYR,BOS,gustaer02,Erik Gustafsson,0
202311250NYR,BOS,jonesza01,Zachary Jones,0
202311250NYR,BOS,kakkoka01,Kaapo Kakko,0
202311250NYR,BOS,kreidch01,Chris Kreider,1
202311250NYR,BOS,lafreal01,Alexis LafreniÃ¨re,0
202311250NYR,BOS,lindgry01,Ryan Lindgren,0
202311250NYR,BOS,milleka01,K'Andre Miller,1
202311250NYR,BOS,panarar01,Artemi Panarin,1
202311250NYR,BOS,pitlity01,Tyler Pitlick,1
202311250NYR,BOS,schnebr01,Braden Schneider,0
202311250NYR,BOS,trochvi01,Vincent Trocheck,0
202311250NYR,BOS,troubja01,Jacob Trouba,0
202311250NYR,BOS,veseyji02,Jimmy Vesey,1
202311250NYR,BOS,wheelbl01,Blake Wheeler,0
202311250NYR,BOS,zibanmi01,Mika Zibanejad,0
202311250NYR,BOS,quickjo01,Jonathan Quick,0
