game_id,opponent,player_id,player_name,scored
202311110MTL,MTL,beechjo01,John Beecher,0
202311110MTL,MTL,carlobr01,Brandon Carlo,0
202311110MTL,MTL,coylech01,Charlie Coyle,0
202311110MTL,MTL,debruja01,Jake DeBrusk,0
202311110MTL,MTL,forbode01,Derek Forbort,0
202311110MTL,MTL,fredetr01,Trent Frederic,0
202311110MTL,MTL,heineda01,Danton Heinen,0
202311110MTL,MTL,laukoja01,Jakub Lauko,0
202311110MTL,MTL,lindhha01,Hampus Lindholm,0
202311110MTL,MTL,lohrema01,Mason Lohrei,0
202311110MTL,MTL,marchbr03,Brad Marchand,1
202311110MTL,MTL,mcavoch01,Charlie McAvoy,0
202311110MTL,MTL,mitchia01,Ian Mitchell,0
202311110MTL,MTL,pastrda01,David PastrÅÃ¡k,0
202311110MTL,MTL,poitrma01,Matthew Poitras,0
202311110MTL,MTL,steenos01,Oskar Steen,0
202311110MTL,MTL,vanrija01,James van Riemsdyk,0
202311110MTL,MTL,zachapa01,Pavel Zacha,1
202311110MTL,MTL,swaymje01,Jeremy Swayman,0
202311110MTL,BOS,anderjo05,Josh Anderson,0
202311110MTL,BOS,barroju01,Justin Barron,0
202311110MTL,BOS,caufico01,Cole Caufield,0
202311110MTL,BOS,dvorach01,Christian Dvorak,0
202311110MTL,BOS,evansja02,Jake Evans,0
202311110MTL,BOS,gallabr01,Brendan Gallagher,1
202311110MTL,BOS,guhleka01,Kaiden Guhle,1
202311110MTL,BOS,harrijo01,Jordan Harris,0
202311110MTL,BOS,harvera01,RafaÃ«l Harvey-Pinard,0
202311110MTL,BOS,kovacjo01,Johnathan Kovacevic,0
202311110MTL,BOS,mathemi01,Mike Matheson,0
202311110MTL,BOS,monahse01,Sean Monahan,0
202311110MTL,BOS,newhoal01,Alex Newhook,0
202311110MTL,BOS,pearsta01,Tanner Pearson,0
202311110MTL,BOS,pezzemi01,Michael Pezzetta,0
202311110MTL,BOS,slafkju01,Juraj Slafkovsky,0
202311110MTL,BOS,suzukni01,Nick Suzuki,1
202311110MTL,BOS,xhekaar01,Arber Xhekaj,0
202311110MTL,BOS,montesa01,Sam Montembeault,0
