game_id,opponent,player_id,player_name,scored
202312140DET,DET,ahose01,Sebastian Aho,0
202312140DET,DET,buntimi01,Michael Bunting,0
202312140DET,DET,burnsbr01,Brent Burns,0
202312140DET,DET,chatfja01,Jalen Chatfield,0
202312140DET,DET,deangan01,Tony DeAngelo,0
202312140DET,DET,druryja01,Jack Drury,1
202312140DET,DET,fastje01,Jesper Fast,0
202312140DET,DET,jarvise01,Seth Jarvis,0
202312140DET,DET,kotkaje01,Jesperi Kotkaniemi,0
202312140DET,DET,martijo01,Jordan Martinook,0
202312140DET,DET,necasma01,Martin NeÄas,0
202312140DET,DET,noesest01,Stefan Noesen,0
202312140DET,DET,orlovdm01,Dmitry Orlov,0
202312140DET,DET,pescebr01,Brett Pesce,0
202312140DET,DET,skjeibr01,Brady Skjei,0
202312140DET,DET,slavija01,Jaccob Slavin,0
202312140DET,DET,staaljo01,Jordan Staal,1
202312140DET,DET,teravte01,Teuvo TerÃ¤vÃ¤inen,0
202312140DET,DET,kochepy01,Pyotr Kochetkov,0
202312140DET,CAR,berggjo02,Jonatan Berggren,0
202312140DET,CAR,chiarbe01,Ben Chiarot,0
202312140DET,CAR,coppan01,Andrew Copp,0
202312140DET,CAR,czarnau01,Austin Czarnik,0
202312140DET,CAR,debrial01,Alex DeBrincat,0
202312140DET,CAR,fabbrro01,Robby Fabbri,0
202312140DET,CAR,fischch01,Christian Fischer,0
202312140DET,CAR,gostish01,Shayne Gostisbehere,0
202312140DET,CAR,hollju01,Justin Holl,0
202312140DET,CAR,kanepa01,Patrick Kane,0
202312140DET,CAR,maattol01,Olli MÃ¤Ã¤ttÃ¤,0
202312140DET,CAR,petryje01,Jeff Petry,0
202312140DET,CAR,rasmumi01,Michael Rasmussen,1
202312140DET,CAR,raymolu01,Lucas Raymond,0
202312140DET,CAR,seidemo01,Moritz Seider,0
202312140DET,CAR,spronda01,Daniel Sprong,0
202312140DET,CAR,velenjo01,Joe Veleno,0
202312140DET,CAR,walmaja01,Jake Walman,0
202312140DET,CAR,hussovi01,Ville Husso,0
