game_id,opponent,player_id,player_name,scored
202312040TBL,TBL,bennja01,Jamie Benn,0
202312040TBL,TBL,dellaty01,Ty Dellandrea,0
202312040TBL,TBL,duchema01,Matt Duchene,0
202312040TBL,TBL,faksara01,Radek Faksa,0
202312040TBL,TBL,hakanja01,Jani HakanpÃ¤Ã¤,0
202312040TBL,TBL,hanlejo01,Joel Hanley,0
202312040TBL,TBL,harleth01,Thomas Harley,0
202312040TBL,TBL,heiskmi01,Miro Heiskanen,0
202312040TBL,TBL,hintzro01,Roope Hintz,0
202312040TBL,TBL,johnswy01,Wyatt Johnston,0
202312040TBL,TBL,lindees01,Esa Lindell,0
202312040TBL,TBL,marchma01,Mason Marchment,0
202312040TBL,TBL,paveljo01,Joe Pavelski,0
202312040TBL,TBL,roberja01,Jason Robertson,0
202312040TBL,TBL,seguity01,Tyler Seguin,0
202312040TBL,TBL,smithcr01,Craig Smith,0
202312040TBL,TBL,steelsa01,Sam Steel,0
202312040TBL,TBL,suterry01,Ryan Suter,0
202312040TBL,TBL,oettija01,Jake Oettinger,0
202312040TBL,DAL,barreal01,Alex BarrÃ©-Boulet,0
202312040TBL,DAL,cernaer01,Erik ÄernÃ¡k,0
202312040TBL,DAL,cirelan01,Anthony Cirelli,1
202312040TBL,DAL,dehaaca01,Calvin de Haan,0
202312040TBL,DAL,eyssimi01,Michael Eyssimont,0
202312040TBL,DAL,glendlu01,Luke Glendening,1
202312040TBL,DAL,hagelbr01,Brandon Hagel,0
202312040TBL,DAL,hedmavi01,Victor Hedman,0
202312040TBL,DAL,jeannta01,Tanner Jeannot,0
202312040TBL,DAL,kucheni01,Nikita Kucherov,1
202312040TBL,DAL,mottety01,Tyler Motte,0
202312040TBL,DAL,paulni01,Nick Paul,0
202312040TBL,DAL,perbini01,Nicklaus Perbix,0
202312040TBL,DAL,pointbr01,Brayden Point,0
202312040TBL,DAL,raddyda01,Darren Raddysh,0
202312040TBL,DAL,sergami01,Mikhail Sergachev,0
202312040TBL,DAL,stamkst01,Steven Stamkos,0
202312040TBL,DAL,watsoau01,Austin Watson,0
202312040TBL,DAL,vasilan02,Andrei Vasilevskiy,0
