game_id,opponent,player_id,player_name,scored
202311300ANA,ANA,aubekni01,Nicolas AubÃ©-Kubel,0
202311300ANA,ANA,carlsjo01,John Carlson,0
202311300ANA,ANA,dowdni01,Nic Dowd,1
202311300ANA,ANA,edmunjo01,Joel Edmundson,0
202311300ANA,ANA,feherma01,Martin FehÃ©rvÃ¡ry,0
202311300ANA,ANA,jenseni02,Nick Jensen,0
202311300ANA,ANA,kuzneev01,Evgeny Kuznetsov,0
202311300ANA,ANA,lapiehe01,Hendrix Lapierre,0
202311300ANA,ANA,malenbe01,Beck Malenstyn,0
202311300ANA,ANA,manthan01,Anthony Mantha,1
202311300ANA,ANA,mcmicco01,Connor McMichael,0
202311300ANA,ANA,milanso01,Sonny Milano,0
202311300ANA,ANA,ovechal01,Alex Ovechkin,0
202311300ANA,ANA,protaal01,Aliaksei Protas,0
202311300ANA,ANA,sandira01,Rasmus Sandin,0
202311300ANA,ANA,stromdy01,Dylan Strome,0
202311300ANA,ANA,vanritr01,Trevor van Riemsdyk,0
202311300ANA,ANA,wilsoto01,Tom Wilson,1
202311300ANA,ANA,kuempda01,Darcy Kuemper,0
202311300ANA,WSH,carlsle01,Leo Carlsson,0
202311300ANA,WSH,carrisa01,Sam Carrick,0
202311300ANA,WSH,fowleca01,Cam Fowler,0
202311300ANA,WSH,gudasra01,Radko Gudas,0
202311300ANA,WSH,henriad01,Adam Henrique,0
202311300ANA,WSH,jonesma03,Max Jones,0
202311300ANA,WSH,killoal01,Alex Killorn,0
202311300ANA,WSH,lacomja01,Jackson LaCombe,0
202311300ANA,WSH,leasobr01,Brett Leason,1
202311300ANA,WSH,luneatr01,Tristan Luneau,1
202311300ANA,WSH,lyubuil01,Ilya Lyubushkin,0
202311300ANA,WSH,mcginbr01,Brock McGinn,1
202311300ANA,WSH,mctavma01,Mason McTavish,0
202311300ANA,WSH,mintypa01,Pavel Mintyukov,0
202311300ANA,WSH,silfvja01,Jakob Silfverberg,0
202311300ANA,WSH,stromry01,Ryan Strome,0
202311300ANA,WSH,terrytr01,Troy Terry,0
202311300ANA,WSH,vatrafr01,Frank Vatrano,1
202311300ANA,WSH,gibsojo02,John Gibson,0
