game_id,opponent,player_id,player_name,scored
202311040PHI,PHI,andermi02,Michael Anderson,0
202311040PHI,PHI,byfiequ01,Quinton Byfield,0
202311040PHI,PHI,danauph01,Phillip Danault,0
202311040PHI,PHI,doughdr01,Drew Doughty,0
202311040PHI,PHI,duboipi01,Pierre-Luc Dubois,0
202311040PHI,PHI,engluan01,Andreas Englund,0
202311040PHI,PHI,fialake01,Kevin Fiala,0
202311040PHI,PHI,gavrivl01,Vladislav Gavrikov,0
202311040PHI,PHI,grundca01,Carl GrundstrÃ¶m,0
202311040PHI,PHI,kaliyar01,Arthur Kaliyev,1
202311040PHI,PHI,kempead01,Adrian Kempe,1
202311040PHI,PHI,kopitan01,AnÅ¾e Kopitar,1
202311040PHI,PHI,laferal01,Alex Laferriere,0
202311040PHI,PHI,lewistr01,Trevor Lewis,0
202311040PHI,PHI,lizotbl01,Blake Lizotte,1
202311040PHI,PHI,mooretr01,Trevor Moore,1
202311040PHI,PHI,royma04,Matt Roy,0
202311040PHI,PHI,spencjo01,Jordan Spence,0
202311040PHI,PHI,talboca01,Cam Talbot,0
202311040PHI,LAK,atkinca01,Cam Atkinson,0
202311040PHI,LAK,belpelo01,Louis Belpedio,0
202311040PHI,LAK,brinkbo01,Bobby Brink,0
202311040PHI,LAK,catesno01,Noah Cates,0
202311040PHI,LAK,deslani01,Nicolas Deslauriers,0
202311040PHI,LAK,farabjo01,Joel Farabee,0
202311040PHI,LAK,foersty01,Tyson Foerster,0
202311040PHI,LAK,frostmo01,Morgan Frost,0
202311040PHI,LAK,hathaga01,Garnet Hathaway,0
202311040PHI,LAK,konectr01,Travis Konecny,0
202311040PHI,LAK,laughsc01,Scott Laughton,0
202311040PHI,LAK,poehlry01,Ryan Poehling,0
202311040PHI,LAK,sanhetr01,Travis Sanheim,0
202311040PHI,LAK,seeleni01,Nick Seeler,0
202311040PHI,LAK,tippeow01,Owen Tippett,0
202311040PHI,LAK,walkese01,Sean Walker,0
202311040PHI,LAK,yorkca01,Cameron York,0
202311040PHI,LAK,zamulye01,Yegor Zamula,0
202311040PHI,LAK,peterca01,Calvin Petersen,0
