game_id,opponent,player_id,player_name,scored
202310120BUF,BUF,boninni01,Nick Bonino,0
202310120BUF,BUF,chytifi01,Filip Chytil,0
202310120BUF,BUF,cuyllwi01,William Cuylle,0
202310120BUF,BUF,foxad01,Adam Fox,0
202310120BUF,BUF,goodrba01,Barclay Goodrow,0
202310120BUF,BUF,gustaer02,Erik Gustafsson,0
202310120BUF,BUF,kakkoka01,Kaapo Kakko,0
202310120BUF,BUF,kreidch01,Chris Kreider,1
202310120BUF,BUF,lafreal01,Alexis LafreniÃ¨re,1
202310120BUF,BUF,lindgry01,Ryan Lindgren,0
202310120BUF,BUF,milleka01,K'Andre Miller,0
202310120BUF,BUF,panarar01,Artemi Panarin,1
202310120BUF,BUF,pitlity01,Tyler Pitlick,0
202310120BUF,BUF,schnebr01,Braden Schneider,0
202310120BUF,BUF,trochvi01,Vincent Trocheck,0
202310120BUF,BUF,troubja01,Jacob Trouba,1
202310120BUF,BUF,wheelbl01,Blake Wheeler,0
202310120BUF,BUF,zibanmi01,Mika Zibanejad,0
202310120BUF,BUF,shestig01,Igor Shesterkin,0
202310120BUF,NYR,bensoza01,Zach Benson,0
202310120BUF,NYR,cliftco01,Connor Clifton,0
202310120BUF,NYR,cozendy01,Dylan Cozens,0
202310120BUF,NYR,dahlira01,Rasmus Dahlin,0
202310120BUF,NYR,girgeze01,Zemgus Girgensons,0
202310120BUF,NYR,greenjo02,Jordan Greenway,0
202310120BUF,NYR,johnser01,Erik Johnson,0
202310120BUF,NYR,jokihhe01,Henri Jokiharju,0
202310120BUF,NYR,krebspe01,Peyton Krebs,0
202310120BUF,NYR,mitteca01,Casey Mittelstadt,0
202310120BUF,NYR,okposky01,Kyle Okposo,0
202310120BUF,NYR,olofsvi01,Victor Olofsson,0
202310120BUF,NYR,peterjo01,John-Jason Peterka,1
202310120BUF,NYR,powerow01,Owen Power,0
202310120BUF,NYR,samuema02,Mattias Samuelsson,0
202310120BUF,NYR,skinnje01,Jeff Skinner,0
202310120BUF,NYR,thompta01,Tage Thompson,0
202310120BUF,NYR,tuchal01,Alex Tuch,0
202310120BUF,NYR,levide01,Devon Levi,0
