game_id,opponent,player_id,player_name,scored
202310210OTT,OTT,chiarbe01,Ben Chiarot,0
202310210OTT,OTT,comphj.01,J.T. Compher,0
202310210OTT,OTT,coppan01,Andrew Copp,0
202310210OTT,OTT,czarnau01,Austin Czarnik,0
202310210OTT,OTT,debrial01,Alex DeBrincat,0
202310210OTT,OTT,fischch01,Christian Fischer,0
202310210OTT,OTT,gostish01,Shayne Gostisbehere,1
202310210OTT,OTT,hollju01,Justin Holl,0
202310210OTT,OTT,larkidy01,Dylan Larkin,1
202310210OTT,OTT,maattol01,Olli MÃ¤Ã¤ttÃ¤,0
202310210OTT,OTT,perroda01,David Perron,1
202310210OTT,OTT,petryje01,Jeff Petry,0
202310210OTT,OTT,rasmumi01,Michael Rasmussen,0
202310210OTT,OTT,raymolu01,Lucas Raymond,0
202310210OTT,OTT,seidemo01,Moritz Seider,0
202310210OTT,OTT,spronda01,Daniel Sprong,0
202310210OTT,OTT,velenjo01,Joe Veleno,1
202310210OTT,OTT,walmaja01,Jake Walman,0
202310210OTT,OTT,hussovi01,Ville Husso,0
202310210OTT,DET,bathedr01,Drake Batherson,0
202310210OTT,DET,bernaja01,Jacob Bernard-Docker,0
202310210OTT,DET,branner01,Erik BrÃ¤nnstrÃ¶m,0
202310210OTT,DET,chaboth01,Thomas Chabot,0
202310210OTT,DET,chartro01,Rourke Chartier,0
202310210OTT,DET,chychja01,Jakob Chychrun,0
202310210OTT,DET,giroucl01,Claude Giroux,0
202310210OTT,DET,greigri01,Ridly Greig,1
202310210OTT,DET,hamontr01,Travis Hamonic,0
202310210OTT,DET,josepma01,Mathieu Joseph,0
202310210OTT,DET,kastema01,Mark Kastelic,0
202310210OTT,DET,kellypa01,Parker Kelly,0
202310210OTT,DET,kubaldo01,Dominik KubalÃ­k,0
202310210OTT,DET,norrijo01,Joshua Norris,0
202310210OTT,DET,sandeja01,Jake Sanderson,1
202310210OTT,DET,stuetti02,Tim StÃ¼tzle,0
202310210OTT,DET,tarasvl01,Vladimir Tarasenko,0
202310210OTT,DET,tkachbr01,Brady Tkachuk,0
202310210OTT,DET,korpijo01,Joonas Korpisalo,0
