game_id,opponent,player_id,player_name,scored
202310210TBL,TBL,bertuty01,Tyler Bertuzzi,0
202310210TBL,TBL,broditj01,T.J. Brodie,0
202310210TBL,TBL,domima01,Max Domi,0
202310210TBL,TBL,giordma01,Mark Giordano,0
202310210TBL,TBL,gregono01,Noah Gregor,0
202310210TBL,TBL,holmbpo01,Pontus Holmberg,0
202310210TBL,TBL,jarnkca01,Calle JÃ¤rnkrok,0
202310210TBL,TBL,kampfda01,David KÃ¤mpf,0
202310210TBL,TBL,klingjo01,John Klingberg,0
202310210TBL,TBL,kniesma01,Matthew Knies,1
202310210TBL,TBL,liljeti01,Timothy Liljegren,0
202310210TBL,TBL,marnemi01,Mitch Marner,0
202310210TBL,TBL,matthau01,Auston Matthews,0
202310210TBL,TBL,mccabja01,Jake McCabe,0
202310210TBL,TBL,nylanwi01,William Nylander,1
202310210TBL,TBL,reavery01,Ryan Reaves,0
202310210TBL,TBL,riellmo01,Morgan Rielly,0
202310210TBL,TBL,tavarjo01,John Tavares,1
202310210TBL,TBL,samsoil01,Ilya Samsonov,0
202310210TBL,TBL,wolljo01,Joseph Woll,0
202310210TBL,TOR,barreal01,Alex BarrÃ©-Boulet,1
202310210TBL,TOR,bogosza01,Zach Bogosian,0
202310210TBL,TOR,cernaer01,Erik ÄernÃ¡k,0
202310210TBL,TOR,cirelan01,Anthony Cirelli,0
202310210TBL,TOR,eyssimi01,Michael Eyssimont,0
202310210TBL,TOR,glendlu01,Luke Glendening,0
202310210TBL,TOR,hagelbr01,Brandon Hagel,0
202310210TBL,TOR,hedmavi01,Victor Hedman,0
202310210TBL,TOR,jeannta01,Tanner Jeannot,0
202310210TBL,TOR,kucheni01,Nikita Kucherov,1
202310210TBL,TOR,merelwa01,Waltteri Merela,0
202310210TBL,TOR,paulni01,Nick Paul,0
202310210TBL,TOR,perbini01,Nicklaus Perbix,0
202310210TBL,TOR,pointbr01,Brayden Point,0
202310210TBL,TOR,raddyda01,Darren Raddysh,0
202310210TBL,TOR,sergami01,Mikhail Sergachev,0
202310210TBL,TOR,shearco01,Conor Sheary,0
202310210TBL,TOR,stamkst01,Steven Stamkos,0
202310210TBL,TOR,johanjo03,Jonas Johansson,0
