game_id,opponent,player_id,player_name,scored
202311020CBJ,CBJ,barreal01,Alex BarrÃ©-Boulet,0
202311020CBJ,CBJ,cernaer01,Erik ÄernÃ¡k,0
202311020CBJ,CBJ,cirelan01,Anthony Cirelli,0
202311020CBJ,CBJ,dehaaca01,Calvin de Haan,0
202311020CBJ,CBJ,eyssimi01,Michael Eyssimont,0
202311020CBJ,CBJ,glendlu01,Luke Glendening,0
202311020CBJ,CBJ,hagelbr01,Brandon Hagel,0
202311020CBJ,CBJ,hedmavi01,Victor Hedman,0
202311020CBJ,CBJ,jeannta01,Tanner Jeannot,0
202311020CBJ,CBJ,kucheni01,Nikita Kucherov,0
202311020CBJ,CBJ,merelwa01,Waltteri Merela,0
202311020CBJ,CBJ,paulni01,Nick Paul,0
202311020CBJ,CBJ,perbini01,Nicklaus Perbix,0
202311020CBJ,CBJ,pointbr01,Brayden Point,0
202311020CBJ,CBJ,raddyda01,Darren Raddysh,0
202311020CBJ,CBJ,sergami01,Mikhail Sergachev,0
202311020CBJ,CBJ,shearco01,Conor Sheary,1
202311020CBJ,CBJ,stamkst01,Steven Stamkos,1
202311020CBJ,CBJ,tomkima01,Matt Tomkins,0
202311020CBJ,TBL,beanja01,Jake Bean,0
202311020CBJ,TBL,bemstem01,Emil BemstrÃ¶m,0
202311020CBJ,TBL,danfoju01,Justin Danforth,0
202311020CBJ,TBL,fantiad01,Adam Fantilli,0
202311020CBJ,TBL,gaudrjo01,Johnny Gaudreau,1
202311020CBJ,TBL,gudbrer01,Erik Gudbranson,1
202311020CBJ,TBL,jennebo01,Boone Jenner,1
202311020CBJ,TBL,jiricda01,David JiÅÃ­Äek,0
202311020CBJ,TBL,johnske01,Kent Johnson,0
202311020CBJ,TBL,kuralse01,Sean Kuraly,0
202311020CBJ,TBL,marchki01,Kirill Marchenko,1
202311020CBJ,TBL,provoiv01,Ivan Provorov,0
202311020CBJ,TBL,rosloja01,Jack Roslovic,0
202311020CBJ,TBL,severda01,Damon Severson,0
202311020CBJ,TBL,sillico01,Cole Sillinger,0
202311020CBJ,TBL,texieal01,Alexandre Texier,0
202311020CBJ,TBL,vorondi01,Dmitri Voronkov,0
202311020CBJ,TBL,werenza01,Zach Werenski,0
202311020CBJ,TBL,merzlel01,Elvis MerzÄ¼ikins,0
