game_id,opponent,player_id,player_name,scored
202311150COL,COL,carlsle01,Leo Carlsson,0
202311150COL,COL,carrisa01,Sam Carrick,1
202311150COL,COL,fowleca01,Cam Fowler,0
202311150COL,COL,groulbe01,Benoit-Olivier Groulx,0
202311150COL,COL,gudasra01,Radko Gudas,0
202311150COL,COL,henriad01,Adam Henrique,0
202311150COL,COL,jonesma03,Max Jones,1
202311150COL,COL,killoal01,Alex Killorn,0
202311150COL,COL,lacomja01,Jackson LaCombe,0
202311150COL,COL,lyubuil01,Ilya Lyubushkin,0
202311150COL,COL,mcginbr01,Brock McGinn,0
202311150COL,COL,mctavma01,Mason McTavish,0
202311150COL,COL,mintypa01,Pavel Mintyukov,0
202311150COL,COL,silfvja01,Jakob Silfverberg,0
202311150COL,COL,stromry01,Ryan Strome,0
202311150COL,COL,terrytr01,Troy Terry,0
202311150COL,COL,vaakaur01,Urho Vaakanainen,0
202311150COL,COL,vatrafr01,Frank Vatrano,0
202311150COL,COL,dostalu01,LukÃ¡Å¡ DostÃ¡l,0
202311150COL,ANA,byrambo01,Bowen Byram,0
202311150COL,ANA,coglian01,Andrew Cogliano,1
202311150COL,ANA,coltoro01,Ross Colton,1
202311150COL,ANA,drouijo01,Jonathan Drouin,0
202311150COL,ANA,girarsa01,Samuel Girard,1
202311150COL,ANA,johanry01,Ryan Johansen,0
202311150COL,ANA,johnsja02,Jack Johnson,0
202311150COL,ANA,jonesca01,Caleb Jones,0
202311150COL,ANA,kivirjo01,Joel Kiviranta,1
202311150COL,ANA,mackina01,Nathan MacKinnon,0
202311150COL,ANA,makarca01,Cale Makar,0
202311150COL,ANA,nichuva01,Valeri Nichushkin,1
202311150COL,ANA,oconnlo01,Logan O'Connor,0
202311150COL,ANA,olofsfr01,Fredrik Olofsson,1
202311150COL,ANA,rantami01,Mikko Rantanen,0
202311150COL,ANA,tatarto01,TomÃ¡Å¡ Tatar,0
202311150COL,ANA,toewsde01,Devon Toews,1
202311150COL,ANA,woodmi01,Miles Wood,0
202311150COL,ANA,georgal01,Alexandar Georgiev,0
