game_id,opponent,player_id,player_name,scored
202311240SJS,SJS,anderjo05,Josh Anderson,0
202311240SJS,SJS,barroju01,Justin Barron,0
202311240SJS,SJS,caufico01,Cole Caufield,1
202311240SJS,SJS,dvorach01,Christian Dvorak,0
202311240SJS,SJS,evansja02,Jake Evans,0
202311240SJS,SJS,gallabr01,Brendan Gallagher,0
202311240SJS,SJS,guhleka01,Kaiden Guhle,0
202311240SJS,SJS,kovacjo01,Johnathan Kovacevic,1
202311240SJS,SJS,lindsgu01,Gustav LindstrÃ¶m,0
202311240SJS,SJS,mathemi01,Mike Matheson,0
202311240SJS,SJS,monahse01,Sean Monahan,0
202311240SJS,SJS,newhoal01,Alex Newhook,0
202311240SJS,SJS,pearsta01,Tanner Pearson,0
202311240SJS,SJS,pezzemi01,Michael Pezzetta,0
202311240SJS,SJS,slafkju01,Juraj Slafkovsky,0
202311240SJS,SJS,strubja01,Jayden Struble,0
202311240SJS,SJS,suzukni01,Nick Suzuki,0
202311240SJS,SJS,yloneje01,Jesse YlÃ¶nen,0
202311240SJS,SJS,primeca01,Cayden Primeau,0
202311240SJS,MTL,addisca01,Calen Addison,0
202311240SJS,MTL,bennima01,Matt Benning,0
202311240SJS,MTL,burroky01,Kyle Burroughs,0
202311240SJS,MTL,carpery01,Ryan Carpenter,0
202311240SJS,MTL,duclaan01,Anthony Duclair,0
202311240SJS,MTL,eklunwi01,William Eklund,1
202311240SJS,MTL,emberty01,Ty Emberson,0
202311240SJS,MTL,ferrama01,Mario Ferraro,0
202311240SJS,MTL,granlmi01,Mikael Granlund,0
202311240SJS,MTL,hertlto01,TomÃ¡Å¡ Hertl,0
202311240SJS,MTL,hoffmmi02,Mike Hoffman,1
202311240SJS,MTL,kuninlu01,Luke Kunin,0
202311240SJS,MTL,macdoja02,Jacob MacDonald,0
202311240SJS,MTL,okhotni01,Nikita Okhotyuk,0
202311240SJS,MTL,smithgi01,Givani Smith,0
202311240SJS,MTL,sturmni01,Nico Sturm,0
202311240SJS,MTL,zadinfi01,Filip Zadina,0
202311240SJS,MTL,zettefa01,Fabian Zetterlund,0
202311240SJS,MTL,blackma01,Mackenzie Blackwood,0
