game_id,opponent,player_id,player_name,scored
202311220WSH,WSH,bensoza01,Zach Benson,1
202311220WSH,WSH,cliftco01,Connor Clifton,0
202311220WSH,WSH,cozendy01,Dylan Cozens,1
202311220WSH,WSH,dahlira01,Rasmus Dahlin,0
202311220WSH,WSH,girgeze01,Zemgus Girgensons,0
202311220WSH,WSH,greenjo02,Jordan Greenway,0
202311220WSH,WSH,johnser01,Erik Johnson,0
202311220WSH,WSH,johnsry03,Ryan Johnson,0
202311220WSH,WSH,jokihhe01,Henri Jokiharju,0
202311220WSH,WSH,jostty01,Tyson Jost,0
202311220WSH,WSH,mitteca01,Casey Mittelstadt,0
202311220WSH,WSH,okposky01,Kyle Okposo,0
202311220WSH,WSH,olofsvi01,Victor Olofsson,0
202311220WSH,WSH,peterjo01,John-Jason Peterka,1
202311220WSH,WSH,powerow01,Owen Power,0
202311220WSH,WSH,samuema02,Mattias Samuelsson,0
202311220WSH,WSH,skinnje01,Jeff Skinner,0
202311220WSH,WSH,tuchal01,Alex Tuch,0
202311220WSH,WSH,levide01,Devon Levi,0
202311220WSH,BUF,alexeal01,Alexander Alexeyev,1
202311220WSH,BUF,aubekni01,Nicolas AubÃ©-Kubel,0
202311220WSH,BUF,carlsjo01,John Carlson,0
202311220WSH,BUF,dowdni01,Nic Dowd,0
202311220WSH,BUF,edmunjo01,Joel Edmundson,0
202311220WSH,BUF,jenseni02,Nick Jensen,0
202311220WSH,BUF,lapiehe01,Hendrix Lapierre,0
202311220WSH,BUF,malenbe01,Beck Malenstyn,0
202311220WSH,BUF,manthan01,Anthony Mantha,0
202311220WSH,BUF,mcmicco01,Connor McMichael,0
202311220WSH,BUF,milanso01,Sonny Milano,0
202311220WSH,BUF,oshietj01,T.J. Oshie,1
202311220WSH,BUF,ovechal01,Alex Ovechkin,0
202311220WSH,BUF,protaal01,Aliaksei Protas,0
202311220WSH,BUF,sandira01,Rasmus Sandin,0
202311220WSH,BUF,stromdy01,Dylan Strome,1
202311220WSH,BUF,vanritr01,Trevor van Riemsdyk,0
202311220WSH,BUF,wilsoto01,Tom Wilson,1
202311220WSH,BUF,kuempda01,Darcy Kuemper,0
