game_id,opponent,player_id,player_name,scored
202311240MIN,MIN,byrambo01,Bowen Byram,0
202311240MIN,MIN,coglian01,Andrew Cogliano,0
202311240MIN,MIN,coltoro01,Ross Colton,1
202311240MIN,MIN,drouijo01,Jonathan Drouin,0
202311240MIN,MIN,johanry01,Ryan Johansen,0
202311240MIN,MIN,johnsja02,Jack Johnson,0
202311240MIN,MIN,jonesca01,Caleb Jones,0
202311240MIN,MIN,kivirjo01,Joel Kiviranta,0
202311240MIN,MIN,macdeku01,Kurtis MacDermid,1
202311240MIN,MIN,mackina01,Nathan MacKinnon,0
202311240MIN,MIN,makarca01,Cale Makar,0
202311240MIN,MIN,mansojo01,Josh Manson,0
202311240MIN,MIN,nichuva01,Valeri Nichushkin,1
202311240MIN,MIN,olofsfr01,Fredrik Olofsson,0
202311240MIN,MIN,rantami01,Mikko Rantanen,0
202311240MIN,MIN,toewsde01,Devon Toews,0
202311240MIN,MIN,tufteri01,Riley Tufte,0
202311240MIN,MIN,woodmi01,Miles Wood,0
202311240MIN,MIN,georgal01,Alexandar Georgiev,0
202311240MIN,COL,bogosza01,Zach Bogosian,0
202311240MIN,COL,boldyma01,Matt Boldy,0
202311240MIN,COL,brodijo01,Jonas Brodin,0
202311240MIN,COL,dewarco01,Connor Dewar,0
202311240MIN,COL,duhaibr01,Brandon Duhaime,0
202311240MIN,COL,eriksjo02,Joel Eriksson Ek,1
202311240MIN,COL,faberbr01,Brock Faber,0
202311240MIN,COL,foligma01,Marcus Foligno,0
202311240MIN,COL,gaudrfr01,FrÃ©dÃ©rick Gaudreau,0
202311240MIN,COL,hartmry01,Ryan Hartman,0
202311240MIN,COL,johanma03,Marcus Johansson,0
202311240MIN,COL,kapriki01,Kirill Kaprizov,1
202311240MIN,COL,maroopa01,Pat Maroon,0
202311240MIN,COL,merrijo01,Jonathon Merrill,0
202311240MIN,COL,middlja01,Jacob Middleton,0
202311240MIN,COL,rossima01,Marco Rossi,0
202311240MIN,COL,spurgja01,Jared Spurgeon,0
202311240MIN,COL,zuccama01,Mats Zuccarello,0
202311240MIN,COL,gustafi01,Filip Gustavsson,0
