game_id,opponent,player_id,player_name,scored
202311300DET,DET,anderjo08,Joey Anderson,0
202311300DET,DET,bedarco01,Connor Bedard,0
202311300DET,DET,dickija01,Jason Dickinson,0
202311300DET,DET,donatry01,Ryan Donato,0
202311300DET,DET,entwima01,Mackenzie Entwistle,0
202311300DET,DET,foligni01,Nick Foligno,0
202311300DET,DET,johnsre01,Reese Johnson,0
202311300DET,DET,johnsty01,Tyler Johnson,0
202311300DET,DET,jonesse01,Seth Jones,0
202311300DET,DET,kaisewy01,Wyatt Kaiser,0
202311300DET,DET,katchbo01,Boris Katchouk,0
202311300DET,DET,korchke01,Kevin Korchinski,0
202311300DET,DET,kurasph01,Philipp Kurashev,0
202311300DET,DET,murphco02,Connor Murphy,0
202311300DET,DET,phillis01,Isaak Phillips,0
202311300DET,DET,raddyta01,Taylor Raddysh,0
202311300DET,DET,reichlu01,Lukas Reichel,1
202311300DET,DET,vlasial01,Alex Vlasic,0
202311300DET,DET,mrazepe01,Petr MrÃ¡zek,0
202311300DET,CHI,berggjo02,Jonatan Berggren,0
202311300DET,CHI,chiarbe01,Ben Chiarot,1
202311300DET,CHI,comphj.01,J.T. Compher,1
202311300DET,CHI,coppan01,Andrew Copp,0
202311300DET,CHI,debrial01,Alex DeBrincat,0
202311300DET,CHI,fabbrro01,Robby Fabbri,1
202311300DET,CHI,fischch01,Christian Fischer,0
202311300DET,CHI,gostish01,Shayne Gostisbehere,0
202311300DET,CHI,kostikl01,Klim Kostin,0
202311300DET,CHI,maattol01,Olli MÃ¤Ã¤ttÃ¤,0
202311300DET,CHI,perroda01,David Perron,0
202311300DET,CHI,petryje01,Jeff Petry,0
202311300DET,CHI,rasmumi01,Michael Rasmussen,0
202311300DET,CHI,raymolu01,Lucas Raymond,0
202311300DET,CHI,seidemo01,Moritz Seider,0
202311300DET,CHI,spronda01,Daniel Sprong,0
202311300DET,CHI,velenjo01,Joe Veleno,0
202311300DET,CHI,walmaja01,Jake Walman,0
202311300DET,CHI,lyonal01,Alex Lyon,0
