game_id,opponent,player_id,player_name,scored
202310170NSH,NSH,bouchev01,Evan Bouchard,0
202310170NSH,NSH,brobeph01,Philip Broberg,0
202310170NSH,NSH,brownco02,Connor Brown,0
202310170NSH,NSH,cecico01,Cody Ceci,0
202310170NSH,NSH,draisle01,Leon Draisaitl,1
202310170NSH,NSH,ekholma01,Mattias Ekholm,0
202310170NSH,NSH,ernead01,Adam Erne,0
202310170NSH,NSH,foegewa01,Warren Foegele,1
202310170NSH,NSH,hollody01,Dylan Holloway,0
202310170NSH,NSH,hymanza01,Zach Hyman,1
202310170NSH,NSH,janmama02,Mattias Janmark,0
202310170NSH,NSH,kaneev01,Evander Kane,0
202310170NSH,NSH,kulakbr01,Brett Kulak,0
202310170NSH,NSH,mcdavco01,Connor McDavid,1
202310170NSH,NSH,mcleory01,Ryan McLeod,0
202310170NSH,NSH,nugenry01,Ryan Nugent-Hopkins,1
202310170NSH,NSH,nurseda01,Darnell Nurse,0
202310170NSH,NSH,ryande01,Derek Ryan,0
202310170NSH,NSH,campbja01,Jack Campbell,0
202310170NSH,EDM,barrity01,Tyson Barrie,0
202310170NSH,EDM,carrial01,Alexandre Carrier,0
202310170NSH,EDM,evanglu01,Luke Evangelista,0
202310170NSH,EDM,fabbrda01,Dante Fabbro,0
202310170NSH,EDM,forsbfi01,Filip Forsberg,0
202310170NSH,EDM,glassco01,Cody Glass,0
202310170NSH,EDM,josiro01,Roman Josi,0
202310170NSH,EDM,lauzoje01,Jeremy Lauzon,0
202310170NSH,EDM,mcdonry01,Ryan McDonagh,0
202310170NSH,EDM,novakth01,Thomas Novak,1
202310170NSH,EDM,nyquigu01,Gustav Nyquist,0
202310170NSH,EDM,oreilry01,Ryan O'Reilly,0
202310170NSH,EDM,parssju01,Juuso PÃ¤rssinen,0
202310170NSH,EDM,sherwki01,Kiefer Sherwood,0
202310170NSH,EDM,sissoco01,Colton Sissons,0
202310170NSH,EDM,smithco02,Cole Smith,0
202310170NSH,EDM,tomasph01,Philip Tomasino,0
202310170NSH,EDM,treniya01,Yakov Trenin,0
202310170NSH,EDM,lankike01,Kevin Lankinen,0
202310170NSH,EDM,sarosju01,Juuse Saros,0
