game_id,opponent,player_id,player_name,scored
202312170VEG,VEG,bathedr01,Drake Batherson,0
202312170VEG,VEG,bernaja01,Jacob Bernard-Docker,0
202312170VEG,VEG,branner01,Erik BrÃ¤nnstrÃ¶m,0
202312170VEG,VEG,chychja01,Jakob Chychrun,0
202312170VEG,VEG,crookan01,Angus Crookshank,0
202312170VEG,VEG,giroucl01,Claude Giroux,0
202312170VEG,VEG,greigri01,Ridly Greig,1
202312170VEG,VEG,hamontr01,Travis Hamonic,0
202312170VEG,VEG,kastema01,Mark Kastelic,0
202312170VEG,VEG,kellypa01,Parker Kelly,0
202312170VEG,VEG,kubaldo01,Dominik KubalÃ­k,0
202312170VEG,VEG,macewza01,Zack MacEwen,0
202312170VEG,VEG,norrijo01,Joshua Norris,1
202312170VEG,VEG,sandeja01,Jake Sanderson,0
202312170VEG,VEG,smejkji01,Jiri Smejkal,0
202312170VEG,VEG,stuetti02,Tim StÃ¼tzle,0
202312170VEG,VEG,tkachbr01,Brady Tkachuk,1
202312170VEG,VEG,zubar01,Artem Zub,0
202312170VEG,VEG,korpijo01,Joonas Korpisalo,0
202312170VEG,OTT,amadimi01,Michael Amadio,0
202312170VEG,OTT,barbaiv01,Ivan Barbashev,1
202312170VEG,OTT,carriwi01,William Carrier,0
202312170VEG,OTT,cottepa01,Paul Cotter,0
202312170VEG,OTT,eicheja01,Jack Eichel,1
202312170VEG,OTT,hagueni01,Nicolas Hague,0
202312170VEG,OTT,howdebr01,Brett Howden,0
202312170VEG,OTT,huttobe01,Ben Hutton,0
202312170VEG,OTT,karlswi01,William Karlsson,1
202312170VEG,OTT,koleske01,Keegan Kolesar,0
202312170VEG,OTT,audymjo01,Jonathan Marchessault,1
202312170VEG,OTT,martial01,Alec Martinez,0
202312170VEG,OTT,mcnabbr01,Brayden McNabb,0
202312170VEG,OTT,pietral01,Alex Pietrangelo,0
202312170VEG,OTT,royni01,Nicolas Roy,1
202312170VEG,OTT,stephch02,Chandler Stephenson,1
202312170VEG,OTT,stonema01,Mark Stone,0
202312170VEG,OTT,whiteza01,Zach Whitecloud,0
202312170VEG,OTT,hillad01,Adin Hill,0
202312170VEG,OTT,thomplo01,Logan Thompson,0
