game_id,opponent,player_id,player_name,scored
202311110NYI,NYI,alexeal01,Alexander Alexeyev,0
202311110NYI,NYI,aubekni01,Nicolas AubÃ©-Kubel,0
202311110NYI,NYI,carlsjo01,John Carlson,0
202311110NYI,NYI,dowdni01,Nic Dowd,1
202311110NYI,NYI,hamanha01,Hardy Haman Aktell,0
202311110NYI,NYI,jenseni02,Nick Jensen,0
202311110NYI,NYI,johanlu01,Lucas Johansen,0
202311110NYI,NYI,kuzneev01,Evgeny Kuznetsov,0
202311110NYI,NYI,malenbe01,Beck Malenstyn,0
202311110NYI,NYI,mcmicco01,Connor McMichael,0
202311110NYI,NYI,milanso01,Sonny Milano,0
202311110NYI,NYI,oshietj01,T.J. Oshie,0
202311110NYI,NYI,ovechal01,Alex Ovechkin,1
202311110NYI,NYI,phillma01,Matthew Phillips,0
202311110NYI,NYI,protaal01,Aliaksei Protas,1
202311110NYI,NYI,sandira01,Rasmus Sandin,0
202311110NYI,NYI,stromdy01,Dylan Strome,0
202311110NYI,NYI,wilsoto01,Tom Wilson,0
202311110NYI,NYI,shepahu01,Hunter Shepard,0
202311110NYI,WSH,ahose02,Sebastian Aho,0
202311110NYI,WSH,barzama01,Mathew Barzal,0
202311110NYI,WSH,boldusa01,Samuel Bolduc,0
202311110NYI,WSH,cizikca01,Casey Cizikas,0
202311110NYI,WSH,cluttca01,Cal Clutterbuck,0
202311110NYI,WSH,dobsono01,Noah Dobson,0
202311110NYI,WSH,engvapi01,Pierre Engvall,0
202311110NYI,WSH,faschhu01,Hudson Fasching,0
202311110NYI,WSH,holmssi01,Simon HolmstrÃ¶m,0
202311110NYI,WSH,horvabo01,Bo Horvat,0
202311110NYI,WSH,leean01,Anders Lee,0
202311110NYI,WSH,martima02,Matt Martin,0
202311110NYI,WSH,mayfisc01,Scott Mayfield,0
202311110NYI,WSH,nelsobr01,Brock Nelson,0
202311110NYI,WSH,pageaje01,Jean-Gabriel Pageau,0
202311110NYI,WSH,palmiky01,Kyle Palmieri,0
202311110NYI,WSH,pulocry01,Ryan Pulock,0
202311110NYI,WSH,romanal01,Alexander Romanov,1
202311110NYI,WSH,varlasi01,Semyon Varlamov,0
