game_id,opponent,player_id,player_name,scored
202312060STL,STL,amadimi01,Michael Amadio,1
202312060STL,STL,barbaiv01,Ivan Barbashev,0
202312060STL,STL,carriwi01,William Carrier,0
202312060STL,STL,cottepa01,Paul Cotter,0
202312060STL,STL,eicheja01,Jack Eichel,1
202312060STL,STL,hagueni01,Nicolas Hague,0
202312060STL,STL,howdebr01,Brett Howden,0
202312060STL,STL,huttobe01,Ben Hutton,0
202312060STL,STL,karlswi01,William Karlsson,1
202312060STL,STL,koleske01,Keegan Kolesar,1
202312060STL,STL,korczka01,Kaedan Korczak,0
202312060STL,STL,audymjo01,Jonathan Marchessault,1
202312060STL,STL,mcnabbr01,Brayden McNabb,0
202312060STL,STL,pietral01,Alex Pietrangelo,0
202312060STL,STL,royni01,Nicolas Roy,0
202312060STL,STL,stephch02,Chandler Stephenson,0
202312060STL,STL,stonema01,Mark Stone,0
202312060STL,STL,whiteza01,Zach Whitecloud,1
202312060STL,STL,thomplo01,Logan Thompson,0
202312060STL,VEG,alexani01,Nikita Alexandrov,0
202312060STL,VEG,blaissa01,Sammy Blais,0
202312060STL,VEG,buchnpa01,Pavel Buchnevich,0
202312060STL,VEG,faulkju01,Justin Faulk,0
202312060STL,VEG,hayeske01,Kevin Hayes,1
202312060STL,VEG,kapanka01,Kasperi Kapanen,0
202312060STL,VEG,krugto01,Torey Krug,0
202312060STL,VEG,kyroujo01,Jordan Kyrou,1
202312060STL,VEG,leddyni01,Nick Leddy,0
202312060STL,VEG,neighja01,Jake Neighbours,1
202312060STL,VEG,parayco01,Colton Parayko,0
202312060STL,VEG,perunsc01,Scott Perunovich,0
202312060STL,VEG,saadbr01,Brandon Saad,0
202312060STL,VEG,scandma01,Marco Scandella,0
202312060STL,VEG,schenbr01,Brayden Schenn,0
202312060STL,VEG,sundqos01,Oskar Sundqvist,0
202312060STL,VEG,thomaro01,Robert Thomas,0
202312060STL,VEG,toropal01,Alexey Toropchenko,0
202312060STL,VEG,binnijo01,Jordan Binnington,0
