game_id,opponent,player_id,player_name,scored
202311120FLA,FLA,bedarco01,Connor Bedard,1
202311120FLA,FLA,dickija01,Jason Dickinson,1
202311120FLA,FLA,donatry01,Ryan Donato,0
202311120FLA,FLA,entwima01,Mackenzie Entwistle,0
202311120FLA,FLA,foligni01,Nick Foligno,0
202311120FLA,FLA,johnsre01,Reese Johnson,0
202311120FLA,FLA,johnsty01,Tyler Johnson,0
202311120FLA,FLA,jonesse01,Seth Jones,0
202311120FLA,FLA,kaisewy01,Wyatt Kaiser,0
202311120FLA,FLA,katchbo01,Boris Katchouk,0
202311120FLA,FLA,korchke01,Kevin Korchinski,0
202311120FLA,FLA,kurasph01,Philipp Kurashev,0
202311120FLA,FLA,murphco02,Connor Murphy,0
202311120FLA,FLA,perryco01,Corey Perry,0
202311120FLA,FLA,raddyta01,Taylor Raddysh,0
202311120FLA,FLA,reichlu01,Lukas Reichel,0
202311120FLA,FLA,vlasial01,Alex Vlasic,0
202311120FLA,FLA,zaitsni01,Nikita Zaitsev,0
202311120FLA,FLA,soderar01,Arvid SÃ¶derblom,0
202311120FLA,CHI,balinuv01,Uvis Balinskis,0
202311120FLA,CHI,barkoal01,Aleksander Barkov,0
202311120FLA,CHI,bennesa01,Sam Bennett,0
202311120FLA,CHI,cousini01,Nick Cousins,0
202311120FLA,CHI,ekmanol01,Oliver Ekman-Larsson,1
202311120FLA,CHI,forslgu02,Gustav Forsling,0
202311120FLA,CHI,kulikdm01,Dmitry Kulikov,0
202311120FLA,CHI,lombery01,Ryan Lomberg,0
202311120FLA,CHI,lorenst01,Steven Lorentz,0
202311120FLA,CHI,lundean01,Anton Lundell,0
202311120FLA,CHI,luostee01,Eetu Luostarinen,0
202311120FLA,CHI,mahurjo01,Josh Mahura,0
202311120FLA,CHI,mikkoni01,Niko Mikkola,0
202311120FLA,CHI,reinhsa01,Sam Reinhart,1
202311120FLA,CHI,rodriev01,Evan Rodrigues,0
202311120FLA,CHI,stenlke01,Kevin Stenlund,0
202311120FLA,CHI,tkachma01,Matthew Tkachuk,0
202311120FLA,CHI,verhaca01,Carter Verhaeghe,1
202311120FLA,CHI,bobrose01,Sergei Bobrovsky,0
