game_id,opponent,player_id,player_name,scored
202311140DAL,DAL,bjugsni01,Nick Bjugstad,0
202311140DAL,DAL,boydtr01,Travis Boyd,0
202311140DAL,DAL,brownjo01,Josh Brown,0
202311140DAL,DAL,carcomi01,Michael Carcone,0
202311140DAL,DAL,coolelo01,Logan Cooley,0
202311140DAL,DAL,crousla01,Lawson Crouse,1
202311140DAL,DAL,dumbama01,Mathew Dumba,0
202311140DAL,DAL,durzise01,Sean Durzi,0
202311140DAL,DAL,haytoba01,Barrett Hayton,0
202311140DAL,DAL,kellecl01,Clayton Keller,1
202311140DAL,DAL,kerfoal01,Alexander Kerfoot,0
202311140DAL,DAL,maccema01,Matias Maccelli,0
202311140DAL,DAL,moserja01,J.J. Moser,0
202311140DAL,DAL,obrieli01,Liam O'Brien,0
202311140DAL,DAL,schmani01,Nick Schmaltz,0
202311140DAL,DAL,stechtr01,Troy Stecher,0
202311140DAL,DAL,valimju01,Juuso VÃ¤limÃ¤ki,0
202311140DAL,DAL,zuckeja01,Jason Zucker,1
202311140DAL,DAL,vejmeka01,Karel Vejmelka,0
202311140DAL,ARI,bennja01,Jamie Benn,0
202311140DAL,ARI,dadonev01,Evgenii Dadonov,0
202311140DAL,ARI,dellaty01,Ty Dellandrea,0
202311140DAL,ARI,duchema01,Matt Duchene,1
202311140DAL,ARI,faksara01,Radek Faksa,0
202311140DAL,ARI,hakanja01,Jani HakanpÃ¤Ã¤,0
202311140DAL,ARI,hanlejo01,Joel Hanley,0
202311140DAL,ARI,heiskmi01,Miro Heiskanen,0
202311140DAL,ARI,hintzro01,Roope Hintz,1
202311140DAL,ARI,johnswy01,Wyatt Johnston,0
202311140DAL,ARI,lindees01,Esa Lindell,1
202311140DAL,ARI,lundkni01,Nils Lundkvist,0
202311140DAL,ARI,marchma01,Mason Marchment,0
202311140DAL,ARI,paveljo01,Joe Pavelski,0
202311140DAL,ARI,roberja01,Jason Robertson,0
202311140DAL,ARI,seguity01,Tyler Seguin,1
202311140DAL,ARI,smithcr01,Craig Smith,0
202311140DAL,ARI,suterry01,Ryan Suter,0
202311140DAL,ARI,oettija01,Jake Oettinger,0
