game_id,opponent,player_id,player_name,scored
202311090NYR,NYR,bogosza01,Zach Bogosian,0
202311090NYR,NYR,boldyma01,Matt Boldy,0
202311090NYR,NYR,brodijo01,Jonas Brodin,0
202311090NYR,NYR,dewarco01,Connor Dewar,0
202311090NYR,NYR,duhaibr01,Brandon Duhaime,1
202311090NYR,NYR,eriksjo02,Joel Eriksson Ek,0
202311090NYR,NYR,faberbr01,Brock Faber,0
202311090NYR,NYR,foligma01,Marcus Foligno,0
202311090NYR,NYR,hartmry01,Ryan Hartman,0
202311090NYR,NYR,huntda01,Daemon Hunt,0
202311090NYR,NYR,johanma03,Marcus Johansson,0
202311090NYR,NYR,kapriki01,Kirill Kaprizov,0
202311090NYR,NYR,lettivi01,Vinni Lettieri,0
202311090NYR,NYR,maroopa01,Pat Maroon,0
202311090NYR,NYR,mermida01,Dakota Mermis,0
202311090NYR,NYR,middlja01,Jacob Middleton,0
202311090NYR,NYR,rossima01,Marco Rossi,0
202311090NYR,NYR,zuccama01,Mats Zuccarello,0
202311090NYR,NYR,fleurma01,Marc-AndrÃ© Fleury,0
202311090NYR,MIN,boninni01,Nick Bonino,0
202311090NYR,MIN,cuyllwi01,William Cuylle,0
202311090NYR,MIN,goodrba01,Barclay Goodrow,0
202311090NYR,MIN,gustaer02,Erik Gustafsson,0
202311090NYR,MIN,jonesza01,Zachary Jones,0
202311090NYR,MIN,kakkoka01,Kaapo Kakko,0
202311090NYR,MIN,kreidch01,Chris Kreider,0
202311090NYR,MIN,lafreal01,Alexis LafreniÃ¨re,1
202311090NYR,MIN,lindgry01,Ryan Lindgren,0
202311090NYR,MIN,milleka01,K'Andre Miller,0
202311090NYR,MIN,panarar01,Artemi Panarin,1
202311090NYR,MIN,pitlity01,Tyler Pitlick,0
202311090NYR,MIN,schnebr01,Braden Schneider,0
202311090NYR,MIN,trochvi01,Vincent Trocheck,1
202311090NYR,MIN,troubja01,Jacob Trouba,0
202311090NYR,MIN,veseyji02,Jimmy Vesey,0
202311090NYR,MIN,wheelbl01,Blake Wheeler,1
202311090NYR,MIN,zibanmi01,Mika Zibanejad,0
202311090NYR,MIN,dominlo01,Louis Domingue,0
