game_id,opponent,player_id,player_name,scored
202312100NYR,NYR,andermi02,Michael Anderson,0
202312100NYR,NYR,byfiequ01,Quinton Byfield,0
202312100NYR,NYR,danauph01,Phillip Danault,1
202312100NYR,NYR,doughdr01,Drew Doughty,0
202312100NYR,NYR,duboipi01,Pierre-Luc Dubois,0
202312100NYR,NYR,engluan01,Andreas Englund,0
202312100NYR,NYR,fialake01,Kevin Fiala,0
202312100NYR,NYR,gavrivl01,Vladislav Gavrikov,0
202312100NYR,NYR,grundca01,Carl GrundstrÃ¶m,0
202312100NYR,NYR,kaliyar01,Arthur Kaliyev,0
202312100NYR,NYR,kempead01,Adrian Kempe,0
202312100NYR,NYR,kopitan01,AnÅ¾e Kopitar,0
202312100NYR,NYR,laferal01,Alex Laferriere,0
202312100NYR,NYR,lewistr01,Trevor Lewis,0
202312100NYR,NYR,lizotbl01,Blake Lizotte,0
202312100NYR,NYR,mooretr01,Trevor Moore,0
202312100NYR,NYR,royma04,Matt Roy,0
202312100NYR,NYR,spencjo01,Jordan Spence,0
202312100NYR,NYR,copleph01,Pheonix Copley,0
202312100NYR,LAK,boninni01,Nick Bonino,0
202312100NYR,LAK,brodzjo01,Jonny Brodzinski,1
202312100NYR,LAK,cuyllwi01,William Cuylle,1
202312100NYR,LAK,foxad01,Adam Fox,0
202312100NYR,LAK,goodrba01,Barclay Goodrow,0
202312100NYR,LAK,gustaer02,Erik Gustafsson,0
202312100NYR,LAK,kreidch01,Chris Kreider,0
202312100NYR,LAK,lafreal01,Alexis LafreniÃ¨re,0
202312100NYR,LAK,lindgry01,Ryan Lindgren,0
202312100NYR,LAK,milleka01,K'Andre Miller,0
202312100NYR,LAK,panarar01,Artemi Panarin,0
202312100NYR,LAK,pitlity01,Tyler Pitlick,0
202312100NYR,LAK,schnebr01,Braden Schneider,0
202312100NYR,LAK,trochvi01,Vincent Trocheck,0
202312100NYR,LAK,troubja01,Jacob Trouba,0
202312100NYR,LAK,veseyji02,Jimmy Vesey,1
202312100NYR,LAK,wheelbl01,Blake Wheeler,0
202312100NYR,LAK,zibanmi01,Mika Zibanejad,1
202312100NYR,LAK,quickjo01,Jonathan Quick,0
