game_id,opponent,player_id,player_name,scored
202311010ANA,ANA,bjugsni01,Nick Bjugstad,0
202311010ANA,ANA,boydtr01,Travis Boyd,0
202311010ANA,ANA,carcomi01,Michael Carcone,0
202311010ANA,ANA,coolelo01,Logan Cooley,1
202311010ANA,ANA,crousla01,Lawson Crouse,1
202311010ANA,ANA,dermotr01,Travis Dermott,0
202311010ANA,ANA,dumbama01,Mathew Dumba,0
202311010ANA,ANA,durzise01,Sean Durzi,0
202311010ANA,ANA,haytoba01,Barrett Hayton,0
202311010ANA,ANA,kellecl01,Clayton Keller,0
202311010ANA,ANA,kerfoal01,Alexander Kerfoot,0
202311010ANA,ANA,maccema01,Matias Maccelli,0
202311010ANA,ANA,mcbaija03,Jack McBain,0
202311010ANA,ANA,moserja01,J.J. Moser,0
202311010ANA,ANA,obrieli01,Liam O'Brien,0
202311010ANA,ANA,schmani01,Nick Schmaltz,0
202311010ANA,ANA,stechtr01,Troy Stecher,0
202311010ANA,ANA,valimju01,Juuso VÃ¤limÃ¤ki,0
202311010ANA,ANA,vejmeka01,Karel Vejmelka,0
202311010ANA,ARI,carlsle01,Leo Carlsson,1
202311010ANA,ARI,carrisa01,Sam Carrick,0
202311010ANA,ARI,fowleca01,Cam Fowler,0
202311010ANA,ARI,groulbe01,Benoit-Olivier Groulx,0
202311010ANA,ARI,gudasra01,Radko Gudas,0
202311010ANA,ARI,henriad01,Adam Henrique,0
202311010ANA,ARI,johnsro02,Ross Johnston,0
202311010ANA,ARI,jonesma03,Max Jones,0
202311010ANA,ARI,lacomja01,Jackson LaCombe,0
202311010ANA,ARI,leasobr01,Brett Leason,0
202311010ANA,ARI,lyubuil01,Ilya Lyubushkin,0
202311010ANA,ARI,mctavma01,Mason McTavish,0
202311010ANA,ARI,mintypa01,Pavel Mintyukov,0
202311010ANA,ARI,silfvja01,Jakob Silfverberg,0
202311010ANA,ARI,terrytr01,Troy Terry,1
202311010ANA,ARI,vaakaur01,Urho Vaakanainen,0
202311010ANA,ARI,vatrafr01,Frank Vatrano,0
202311010ANA,ARI,zegratr01,Trevor Zegras,0
202311010ANA,ARI,dostalu01,LukÃ¡Å¡ DostÃ¡l,0
