game_id,opponent,player_id,player_name,scored
202311220ANA,ANA,anderjo05,Josh Anderson,0
202311220ANA,ANA,barroju01,Justin Barron,0
202311220ANA,ANA,caufico01,Cole Caufield,0
202311220ANA,ANA,dvorach01,Christian Dvorak,0
202311220ANA,ANA,evansja02,Jake Evans,0
202311220ANA,ANA,gallabr01,Brendan Gallagher,0
202311220ANA,ANA,guhleka01,Kaiden Guhle,1
202311220ANA,ANA,kovacjo01,Johnathan Kovacevic,0
202311220ANA,ANA,lindsgu01,Gustav LindstrÃ¶m,0
202311220ANA,ANA,mathemi01,Mike Matheson,1
202311220ANA,ANA,monahse01,Sean Monahan,0
202311220ANA,ANA,newhoal01,Alex Newhook,1
202311220ANA,ANA,pearsta01,Tanner Pearson,0
202311220ANA,ANA,pezzemi01,Michael Pezzetta,0
202311220ANA,ANA,slafkju01,Juraj Slafkovsky,0
202311220ANA,ANA,strubja01,Jayden Struble,0
202311220ANA,ANA,suzukni01,Nick Suzuki,0
202311220ANA,ANA,yloneje01,Jesse YlÃ¶nen,0
202311220ANA,ANA,montesa01,Sam Montembeault,0
202311220ANA,MTL,carlsle01,Leo Carlsson,0
202311220ANA,MTL,carrisa01,Sam Carrick,0
202311220ANA,MTL,fowleca01,Cam Fowler,0
202311220ANA,MTL,gudasra01,Radko Gudas,0
202311220ANA,MTL,henriad01,Adam Henrique,0
202311220ANA,MTL,johnsro02,Ross Johnston,0
202311220ANA,MTL,jonesma03,Max Jones,0
202311220ANA,MTL,killoal01,Alex Killorn,0
202311220ANA,MTL,leasobr01,Brett Leason,0
202311220ANA,MTL,luneatr01,Tristan Luneau,0
202311220ANA,MTL,lyubuil01,Ilya Lyubushkin,0
202311220ANA,MTL,mctavma01,Mason McTavish,1
202311220ANA,MTL,mintypa01,Pavel Mintyukov,0
202311220ANA,MTL,silfvja01,Jakob Silfverberg,0
202311220ANA,MTL,stromry01,Ryan Strome,0
202311220ANA,MTL,terrytr01,Troy Terry,0
202311220ANA,MTL,vaakaur01,Urho Vaakanainen,0
202311220ANA,MTL,vatrafr01,Frank Vatrano,1
202311220ANA,MTL,gibsojo02,John Gibson,0
