game_id,opponent,player_id,player_name,scored
202311180LAK,LAK,blaissa01,Sammy Blais,0
202311180LAK,LAK,borturo01,Robert Bortuzzo,0
202311180LAK,LAK,buchnpa01,Pavel Buchnevich,0
202311180LAK,LAK,faulkju01,Justin Faulk,0
202311180LAK,LAK,hayeske01,Kevin Hayes,0
202311180LAK,LAK,kapanka01,Kasperi Kapanen,0
202311180LAK,LAK,krugto01,Torey Krug,0
202311180LAK,LAK,kyroujo01,Jordan Kyrou,0
202311180LAK,LAK,leddyni01,Nick Leddy,0
202311180LAK,LAK,neighja01,Jake Neighbours,1
202311180LAK,LAK,parayco01,Colton Parayko,0
202311180LAK,LAK,perunsc01,Scott Perunovich,0
202311180LAK,LAK,saadbr01,Brandon Saad,0
202311180LAK,LAK,schenbr01,Brayden Schenn,0
202311180LAK,LAK,sundqos01,Oskar Sundqvist,0
202311180LAK,LAK,thomaro01,Robert Thomas,0
202311180LAK,LAK,toropal01,Alexey Toropchenko,0
202311180LAK,LAK,vranaja01,Jakub VrÃ¡na,0
202311180LAK,LAK,binnijo01,Jordan Binnington,0
202311180LAK,STL,andermi02,Michael Anderson,0
202311180LAK,STL,byfiequ01,Quinton Byfield,1
202311180LAK,STL,danauph01,Phillip Danault,0
202311180LAK,STL,doughdr01,Drew Doughty,0
202311180LAK,STL,duboipi01,Pierre-Luc Dubois,1
202311180LAK,STL,engluan01,Andreas Englund,0
202311180LAK,STL,fialake01,Kevin Fiala,1
202311180LAK,STL,gavrivl01,Vladislav Gavrikov,0
202311180LAK,STL,grundca01,Carl GrundstrÃ¶m,0
202311180LAK,STL,kaliyar01,Arthur Kaliyev,0
202311180LAK,STL,kempead01,Adrian Kempe,1
202311180LAK,STL,kopitan01,AnÅ¾e Kopitar,0
202311180LAK,STL,laferal01,Alex Laferriere,0
202311180LAK,STL,lewistr01,Trevor Lewis,0
202311180LAK,STL,lizotbl01,Blake Lizotte,1
202311180LAK,STL,mooretr01,Trevor Moore,0
202311180LAK,STL,royma04,Matt Roy,0
202311180LAK,STL,spencjo01,Jordan Spence,0
202311180LAK,STL,talboca01,Cam Talbot,0
