game_id,opponent,player_id,player_name,scored
202312190TOR,TOR,boninni01,Nick Bonino,0
202312190TOR,TOR,brodzjo01,Jonny Brodzinski,0
202312190TOR,TOR,cuyllwi01,William Cuylle,0
202312190TOR,TOR,foxad01,Adam Fox,0
202312190TOR,TOR,goodrba01,Barclay Goodrow,0
202312190TOR,TOR,gustaer02,Erik Gustafsson,0
202312190TOR,TOR,kreidch01,Chris Kreider,0
202312190TOR,TOR,lafreal01,Alexis LafreniÃ¨re,1
202312190TOR,TOR,lindgry01,Ryan Lindgren,0
202312190TOR,TOR,milleka01,K'Andre Miller,0
202312190TOR,TOR,panarar01,Artemi Panarin,1
202312190TOR,TOR,pitlity01,Tyler Pitlick,0
202312190TOR,TOR,schnebr01,Braden Schneider,1
202312190TOR,TOR,trochvi01,Vincent Trocheck,0
202312190TOR,TOR,troubja01,Jacob Trouba,0
202312190TOR,TOR,veseyji02,Jimmy Vesey,0
202312190TOR,TOR,wheelbl01,Blake Wheeler,0
202312190TOR,TOR,zibanmi01,Mika Zibanejad,1
202312190TOR,TOR,shestig01,Igor Shesterkin,0
202312190TOR,NYR,bertuty01,Tyler Bertuzzi,0
202312190TOR,NYR,broditj01,T.J. Brodie,0
202312190TOR,NYR,domima01,Max Domi,0
202312190TOR,NYR,gregono01,Noah Gregor,0
202312190TOR,NYR,jarnkca01,Calle JÃ¤rnkrok,0
202312190TOR,NYR,kampfda01,David KÃ¤mpf,0
202312190TOR,NYR,kniesma01,Matthew Knies,0
202312190TOR,NYR,lageswi01,William Lagesson,0
202312190TOR,NYR,liljeti01,Timothy Liljegren,0
202312190TOR,NYR,marnemi01,Mitch Marner,0
202312190TOR,NYR,matthau01,Auston Matthews,1
202312190TOR,NYR,mccabja01,Jake McCabe,0
202312190TOR,NYR,mcmanbo02,Bobby McMann,0
202312190TOR,NYR,nylanwi01,William Nylander,0
202312190TOR,NYR,riellmo01,Morgan Rielly,0
202312190TOR,NYR,roberni01,Nicholas Robertson,0
202312190TOR,NYR,tavarjo01,John Tavares,0
202312190TOR,NYR,timmico01,Conor Timmins,0
202312190TOR,NYR,jonesma02,Martin Jones,0
