game_id,opponent,player_id,player_name,scored
202312210BUF,BUF,benoisi01,Simon Benoit,0
202312210BUF,BUF,bertuty01,Tyler Bertuzzi,0
202312210BUF,BUF,broditj01,T.J. Brodie,0
202312210BUF,BUF,domima01,Max Domi,1
202312210BUF,BUF,gregono01,Noah Gregor,0
202312210BUF,BUF,jarnkca01,Calle JÃ¤rnkrok,1
202312210BUF,BUF,kampfda01,David KÃ¤mpf,0
202312210BUF,BUF,kniesma01,Matthew Knies,0
202312210BUF,BUF,liljeti01,Timothy Liljegren,0
202312210BUF,BUF,marnemi01,Mitch Marner,0
202312210BUF,BUF,matthau01,Auston Matthews,1
202312210BUF,BUF,mccabja01,Jake McCabe,0
202312210BUF,BUF,mcmanbo02,Bobby McMann,0
202312210BUF,BUF,nylanwi01,William Nylander,0
202312210BUF,BUF,riellmo01,Morgan Rielly,0
202312210BUF,BUF,roberni01,Nicholas Robertson,0
202312210BUF,BUF,tavarjo01,John Tavares,0
202312210BUF,BUF,timmico01,Conor Timmins,0
202312210BUF,BUF,jonesma02,Martin Jones,0
202312210BUF,BUF,samsoil01,Ilya Samsonov,0
202312210BUF,TOR,bensoza01,Zach Benson,0
202312210BUF,TOR,cliftco01,Connor Clifton,0
202312210BUF,TOR,cozendy01,Dylan Cozens,0
202312210BUF,TOR,dahlira01,Rasmus Dahlin,1
202312210BUF,TOR,greenjo02,Jordan Greenway,1
202312210BUF,TOR,johnser01,Erik Johnson,0
202312210BUF,TOR,johnsry03,Ryan Johnson,0
202312210BUF,TOR,krebspe01,Peyton Krebs,0
202312210BUF,TOR,mitteca01,Casey Mittelstadt,0
202312210BUF,TOR,okposky01,Kyle Okposo,1
202312210BUF,TOR,olofsvi01,Victor Olofsson,0
202312210BUF,TOR,peterjo01,John-Jason Peterka,0
202312210BUF,TOR,powerow01,Owen Power,1
202312210BUF,TOR,quinnja01,Jack Quinn,1
202312210BUF,TOR,samuema02,Mattias Samuelsson,0
202312210BUF,TOR,skinnje01,Jeff Skinner,1
202312210BUF,TOR,thompta01,Tage Thompson,1
202312210BUF,TOR,tuchal01,Alex Tuch,0
202312210BUF,TOR,levide01,Devon Levi,0
