game_id,opponent,player_id,player_name,scored
202312110DAL,DAL,astonza01,Zach Aston-Reese,0
202312110DAL,DAL,berggjo02,Jonatan Berggren,1
202312110DAL,DAL,chiarbe01,Ben Chiarot,0
202312110DAL,DAL,coppan01,Andrew Copp,0
202312110DAL,DAL,czarnau01,Austin Czarnik,0
202312110DAL,DAL,debrial01,Alex DeBrincat,0
202312110DAL,DAL,fabbrro01,Robby Fabbri,0
202312110DAL,DAL,fischch01,Christian Fischer,0
202312110DAL,DAL,gostish01,Shayne Gostisbehere,0
202312110DAL,DAL,kanepa01,Patrick Kane,0
202312110DAL,DAL,maattol01,Olli MÃ¤Ã¤ttÃ¤,0
202312110DAL,DAL,petryje01,Jeff Petry,0
202312110DAL,DAL,rasmumi01,Michael Rasmussen,0
202312110DAL,DAL,raymolu01,Lucas Raymond,0
202312110DAL,DAL,seidemo01,Moritz Seider,0
202312110DAL,DAL,spronda01,Daniel Sprong,1
202312110DAL,DAL,velenjo01,Joe Veleno,1
202312110DAL,DAL,walmaja01,Jake Walman,0
202312110DAL,DAL,reimeja01,James Reimer,0
202312110DAL,DET,bennja01,Jamie Benn,0
202312110DAL,DET,dadonev01,Evgenii Dadonov,0
202312110DAL,DET,duchema01,Matt Duchene,1
202312110DAL,DET,faksara01,Radek Faksa,0
202312110DAL,DET,hakanja01,Jani HakanpÃ¤Ã¤,0
202312110DAL,DET,hanlejo01,Joel Hanley,0
202312110DAL,DET,harleth01,Thomas Harley,0
202312110DAL,DET,heiskmi01,Miro Heiskanen,1
202312110DAL,DET,hintzro01,Roope Hintz,0
202312110DAL,DET,johnswy01,Wyatt Johnston,0
202312110DAL,DET,lindees01,Esa Lindell,1
202312110DAL,DET,marchma01,Mason Marchment,0
202312110DAL,DET,paveljo01,Joe Pavelski,1
202312110DAL,DET,roberja01,Jason Robertson,1
202312110DAL,DET,seguity01,Tyler Seguin,0
202312110DAL,DET,smithcr01,Craig Smith,0
202312110DAL,DET,steelsa01,Sam Steel,0
202312110DAL,DET,suterry01,Ryan Suter,0
202312110DAL,DET,oettija01,Jake Oettinger,0
