game_id,opponent,player_id,player_name,scored
202310190BUF,BUF,anderra01,Rasmus Andersson,0
202310190BUF,BUF,backlmi01,Mikael Backlund,0
202310190BUF,BUF,colembl01,Blake Coleman,1
202310190BUF,BUF,coronma01,Matthew Coronato,0
202310190BUF,BUF,dubedi01,Dillon DubÃ©,0
202310190BUF,BUF,duehrwa01,Walker Duehr,1
202310190BUF,BUF,gilbede01,Dennis Gilbert,0
202310190BUF,BUF,greeraj01,A.J. Greer,0
202310190BUF,BUF,hanifno01,Noah Hanifin,0
202310190BUF,BUF,huberjo01,Jonathan Huberdeau,1
202310190BUF,BUF,kadrina01,Nazem Kadri,0
202310190BUF,BUF,lindhel01,Elias Lindholm,0
202310190BUF,BUF,mangian01,Andrew Mangiapane,0
202310190BUF,BUF,ruzicad01,Adam RuÅ¾iÄka,1
202310190BUF,BUF,sharaye01,Yegor Sharangovich,0
202310190BUF,BUF,tanevch01,Chris Tanev,0
202310190BUF,BUF,weegama01,MacKenzie Weegar,0
202310190BUF,BUF,zadorni01,Nikita Zadorov,0
202310190BUF,BUF,vladada01,Daniel VladaÅ,0
202310190BUF,CGY,bensoza01,Zach Benson,0
202310190BUF,CGY,cliftco01,Connor Clifton,0
202310190BUF,CGY,cozendy01,Dylan Cozens,0
202310190BUF,CGY,dahlira01,Rasmus Dahlin,0
202310190BUF,CGY,girgeze01,Zemgus Girgensons,0
202310190BUF,CGY,greenjo02,Jordan Greenway,0
202310190BUF,CGY,johnser01,Erik Johnson,1
202310190BUF,CGY,jokihhe01,Henri Jokiharju,0
202310190BUF,CGY,jostty01,Tyson Jost,0
202310190BUF,CGY,krebspe01,Peyton Krebs,0
202310190BUF,CGY,mitteca01,Casey Mittelstadt,0
202310190BUF,CGY,okposky01,Kyle Okposo,0
202310190BUF,CGY,peterjo01,John-Jason Peterka,1
202310190BUF,CGY,powerow01,Owen Power,0
202310190BUF,CGY,samuema02,Mattias Samuelsson,0
202310190BUF,CGY,skinnje01,Jeff Skinner,0
202310190BUF,CGY,thompta01,Tage Thompson,1
202310190BUF,CGY,tuchal01,Alex Tuch,0
202310190BUF,CGY,levide01,Devon Levi,0
