game_id,opponent,player_id,player_name,scored
202311100ANA,ANA,atkinca01,Cam Atkinson,1
202311100ANA,ANA,belpelo01,Louis Belpedio,1
202311100ANA,ANA,brinkbo01,Bobby Brink,0
202311100ANA,ANA,catesno01,Noah Cates,0
202311100ANA,ANA,coutuse01,Sean Couturier,1
202311100ANA,ANA,deslani01,Nicolas Deslauriers,0
202311100ANA,ANA,farabjo01,Joel Farabee,0
202311100ANA,ANA,foersty01,Tyson Foerster,0
202311100ANA,ANA,frostmo01,Morgan Frost,0
202311100ANA,ANA,hathaga01,Garnet Hathaway,0
202311100ANA,ANA,konectr01,Travis Konecny,0
202311100ANA,ANA,laughsc01,Scott Laughton,0
202311100ANA,ANA,sanhetr01,Travis Sanheim,1
202311100ANA,ANA,seeleni01,Nick Seeler,0
202311100ANA,ANA,tippeow01,Owen Tippett,1
202311100ANA,ANA,walkese01,Sean Walker,0
202311100ANA,ANA,yorkca01,Cameron York,0
202311100ANA,ANA,zamulye01,Yegor Zamula,0
202311100ANA,ANA,erssosa01,Samuel Ersson,0
202311100ANA,PHI,carlsle01,Leo Carlsson,1
202311100ANA,PHI,carrisa01,Sam Carrick,0
202311100ANA,PHI,fowleca01,Cam Fowler,0
202311100ANA,PHI,gudasra01,Radko Gudas,0
202311100ANA,PHI,henriad01,Adam Henrique,0
202311100ANA,PHI,johnsro02,Ross Johnston,0
202311100ANA,PHI,jonesma03,Max Jones,0
202311100ANA,PHI,killoal01,Alex Killorn,0
202311100ANA,PHI,lacomja01,Jackson LaCombe,0
202311100ANA,PHI,leasobr01,Brett Leason,0
202311100ANA,PHI,lyubuil01,Ilya Lyubushkin,0
202311100ANA,PHI,mctavma01,Mason McTavish,0
202311100ANA,PHI,mintypa01,Pavel Mintyukov,0
202311100ANA,PHI,silfvja01,Jakob Silfverberg,0
202311100ANA,PHI,stromry01,Ryan Strome,0
202311100ANA,PHI,terrytr01,Troy Terry,0
202311100ANA,PHI,vaakaur01,Urho Vaakanainen,0
202311100ANA,PHI,vatrafr01,Frank Vatrano,0
202311100ANA,PHI,dostalu01,LukÃ¡Å¡ DostÃ¡l,0
