game_id,opponent,player_id,player_name,scored
202311300BOS,BOS,addisca01,Calen Addison,0
202311300BOS,BOS,baileju01,Justin Bailey,0
202311300BOS,BOS,bennima01,Matt Benning,0
202311300BOS,BOS,burroky01,Kyle Burroughs,0
202311300BOS,BOS,carpery01,Ryan Carpenter,0
202311300BOS,BOS,duclaan01,Anthony Duclair,0
202311300BOS,BOS,eklunwi01,William Eklund,0
202311300BOS,BOS,emberty01,Ty Emberson,0
202311300BOS,BOS,ferrama01,Mario Ferraro,0
202311300BOS,BOS,granlmi01,Mikael Granlund,0
202311300BOS,BOS,hertlto01,TomÃ¡Å¡ Hertl,0
202311300BOS,BOS,hoffmmi02,Mike Hoffman,0
202311300BOS,BOS,kuninlu01,Luke Kunin,0
202311300BOS,BOS,macdoja02,Jacob MacDonald,0
202311300BOS,BOS,okhotni01,Nikita Okhotyuk,0
202311300BOS,BOS,smithgi01,Givani Smith,0
202311300BOS,BOS,sturmni01,Nico Sturm,0
202311300BOS,BOS,zettefa01,Fabian Zetterlund,0
202311300BOS,BOS,blackma01,Mackenzie Blackwood,0
202311300BOS,SJS,beechjo01,John Beecher,0
202311300BOS,SJS,carlobr01,Brandon Carlo,0
202311300BOS,SJS,coylech01,Charlie Coyle,0
202311300BOS,SJS,debruja01,Jake DeBrusk,1
202311300BOS,SJS,forbode01,Derek Forbort,0
202311300BOS,SJS,fredetr01,Trent Frederic,0
202311300BOS,SJS,geekimo01,Morgan Geekie,0
202311300BOS,SJS,grzelma01,Matt Grzelcyk,0
202311300BOS,SJS,heineda01,Danton Heinen,1
202311300BOS,SJS,laukoja01,Jakub Lauko,0
202311300BOS,SJS,lindhha01,Hampus Lindholm,0
202311300BOS,SJS,marchbr03,Brad Marchand,0
202311300BOS,SJS,mcavoch01,Charlie McAvoy,0
202311300BOS,SJS,pastrda01,David PastrÅÃ¡k,0
202311300BOS,SJS,poitrma01,Matthew Poitras,0
202311300BOS,SJS,shattke01,Kevin Shattenkirk,0
202311300BOS,SJS,vanrija01,James van Riemsdyk,0
202311300BOS,SJS,zachapa01,Pavel Zacha,1
202311300BOS,SJS,swaymje01,Jeremy Swayman,0
