game_id,opponent,player_id,player_name,scored
202311170WPG,WPG,bensoza01,Zach Benson,0
202311170WPG,WPG,cliftco01,Connor Clifton,0
202311170WPG,WPG,cozendy01,Dylan Cozens,0
202311170WPG,WPG,dahlira01,Rasmus Dahlin,0
202311170WPG,WPG,girgeze01,Zemgus Girgensons,0
202311170WPG,WPG,greenjo02,Jordan Greenway,0
202311170WPG,WPG,johnser01,Erik Johnson,0
202311170WPG,WPG,johnsry03,Ryan Johnson,0
202311170WPG,WPG,jostty01,Tyson Jost,0
202311170WPG,WPG,krebspe01,Peyton Krebs,0
202311170WPG,WPG,mitteca01,Casey Mittelstadt,0
202311170WPG,WPG,okposky01,Kyle Okposo,0
202311170WPG,WPG,olofsvi01,Victor Olofsson,0
202311170WPG,WPG,peterjo01,John-Jason Peterka,1
202311170WPG,WPG,powerow01,Owen Power,0
202311170WPG,WPG,samuema02,Mattias Samuelsson,0
202311170WPG,WPG,skinnje01,Jeff Skinner,0
202311170WPG,WPG,tuchal01,Alex Tuch,1
202311170WPG,WPG,comrier01,Eric Comrie,0
202311170WPG,BUF,applema01,Mason Appleton,1
202311170WPG,BUF,barromo01,Morgan Barron,0
202311170WPG,BUF,connoky01,Kyle Connor,0
202311170WPG,BUF,demeldy01,Dylan DeMelo,0
202311170WPG,BUF,dillobr01,Brenden Dillon,0
202311170WPG,BUF,ehlerni01,Nikolaj Ehlers,1
202311170WPG,BUF,gustada01,David Gustafsson,0
202311170WPG,BUF,iafalal01,Alex Iafallo,0
202311170WPG,BUF,jonssax01,Axel Jonsson-FjÃ¤llby,0
202311170WPG,BUF,lowryad01,Adam Lowry,0
202311170WPG,BUF,morrijo04,Josh Morrissey,0
202311170WPG,BUF,namesvl01,Vladislav Namestnikov,0
202311170WPG,BUF,niedeni01,Nino Niederreiter,0
202311170WPG,BUF,perfeco01,Cole Perfetti,1
202311170WPG,BUF,pionkne01,Neal Pionk,0
202311170WPG,BUF,sambedy01,Dylan Samberg,0
202311170WPG,BUF,scheima01,Mark Scheifele,0
202311170WPG,BUF,stanllo01,Logan Stanley,0
202311170WPG,BUF,helleco01,Connor Hellebuyck,0
