game_id,opponent,player_id,player_name,scored
202311200ARI,ARI,andermi02,Michael Anderson,0
202311200ARI,ARI,anderja01,Jaret Anderson-Dolan,0
202311200ARI,ARI,byfiequ01,Quinton Byfield,0
202311200ARI,ARI,danauph01,Phillip Danault,1
202311200ARI,ARI,doughdr01,Drew Doughty,0
202311200ARI,ARI,duboipi01,Pierre-Luc Dubois,0
202311200ARI,ARI,engluan01,Andreas Englund,0
202311200ARI,ARI,fialake01,Kevin Fiala,0
202311200ARI,ARI,gavrivl01,Vladislav Gavrikov,0
202311200ARI,ARI,grundca01,Carl GrundstrÃ¶m,0
202311200ARI,ARI,kaliyar01,Arthur Kaliyev,0
202311200ARI,ARI,kempead01,Adrian Kempe,0
202311200ARI,ARI,kopitan01,AnÅ¾e Kopitar,1
202311200ARI,ARI,laferal01,Alex Laferriere,0
202311200ARI,ARI,lewistr01,Trevor Lewis,0
202311200ARI,ARI,mooretr01,Trevor Moore,1
202311200ARI,ARI,royma04,Matt Roy,0
202311200ARI,ARI,spencjo01,Jordan Spence,0
202311200ARI,ARI,copleph01,Pheonix Copley,0
202311200ARI,LAK,bjugsni01,Nick Bjugstad,0
202311200ARI,LAK,boydtr01,Travis Boyd,0
202311200ARI,LAK,brownjo01,Josh Brown,0
202311200ARI,LAK,carcomi01,Michael Carcone,0
202311200ARI,LAK,coolelo01,Logan Cooley,0
202311200ARI,LAK,crousla01,Lawson Crouse,1
202311200ARI,LAK,dumbama01,Mathew Dumba,0
202311200ARI,LAK,durzise01,Sean Durzi,0
202311200ARI,LAK,kelemmi01,MiloÅ¡ Kelemen,0
202311200ARI,LAK,kellecl01,Clayton Keller,0
202311200ARI,LAK,kerfoal01,Alexander Kerfoot,0
202311200ARI,LAK,kessemi01,Michael Kesselring,0
202311200ARI,LAK,maccema01,Matias Maccelli,0
202311200ARI,LAK,moserja01,J.J. Moser,0
202311200ARI,LAK,obrieli01,Liam O'Brien,0
202311200ARI,LAK,schmani01,Nick Schmaltz,0
202311200ARI,LAK,stechtr01,Troy Stecher,0
202311200ARI,LAK,zuckeja01,Jason Zucker,0
202311200ARI,LAK,ingraco01,Connor Ingram,0
