game_id,opponent,player_id,player_name,scored
202312060TBL,TBL,carteje01,Jeff Carter,0
202312060TBL,TBL,crosbsi01,Sidney Crosby,0
202312060TBL,TBL,ellerla01,Lars Eller,0
202312060TBL,TBL,gravery01,Ryan Graves,0
202312060TBL,TBL,guentja01,Jake Guentzel,1
202312060TBL,TBL,harkija01,Jansen Harkins,0
202312060TBL,TBL,karlser01,Erik Karlsson,0
202312060TBL,TBL,koppajo01,Joona Koppanen,0
202312060TBL,TBL,letankr01,Kris Letang,0
202312060TBL,TBL,ludvijo01,John Ludvig,0
202312060TBL,TBL,malkiev01,Evgeni Malkin,0
202312060TBL,TBL,nylanal01,Alexander Nylander,0
202312060TBL,TBL,oconndr01,Drew O'Connor,0
202312060TBL,TBL,pettema01,Marcus Pettersson,0
202312060TBL,TBL,rustbr01,Bryan Rust,0
202312060TBL,TBL,sheary01,Ryan Shea,0
202312060TBL,TBL,smithre01,Reilly Smith,0
202312060TBL,TBL,zohorra01,Radim Zohorna,0
202312060TBL,TBL,jarrytr01,Tristan Jarry,0
202312060TBL,PIT,barreal01,Alex BarrÃ©-Boulet,0
202312060TBL,PIT,cernaer01,Erik ÄernÃ¡k,0
202312060TBL,PIT,cirelan01,Anthony Cirelli,1
202312060TBL,PIT,dehaaca01,Calvin de Haan,0
202312060TBL,PIT,eyssimi01,Michael Eyssimont,0
202312060TBL,PIT,glendlu01,Luke Glendening,0
202312060TBL,PIT,hagelbr01,Brandon Hagel,0
202312060TBL,PIT,hedmavi01,Victor Hedman,0
202312060TBL,PIT,jeannta01,Tanner Jeannot,1
202312060TBL,PIT,kucheni01,Nikita Kucherov,1
202312060TBL,PIT,mottety01,Tyler Motte,0
202312060TBL,PIT,paulni01,Nick Paul,0
202312060TBL,PIT,perbini01,Nicklaus Perbix,0
202312060TBL,PIT,pointbr01,Brayden Point,0
202312060TBL,PIT,raddyda01,Darren Raddysh,0
202312060TBL,PIT,sergami01,Mikhail Sergachev,0
202312060TBL,PIT,stamkst01,Steven Stamkos,0
202312060TBL,PIT,watsoau01,Austin Watson,0
202312060TBL,PIT,vasilan02,Andrei Vasilevskiy,0
