game_id,opponent,player_id,player_name,scored
202312020OTT,OTT,bellepi01,Pierre-Ãdouard Bellemare,0
202312020OTT,OTT,beniema01,Matthew Beniers,0
202312020OTT,OTT,bjorkol01,Oliver Bjorkstrand,0
202312020OTT,OTT,borgewi01,William Borgen,0
202312020OTT,OTT,dumoubr01,Brian Dumoulin,0
202312020OTT,OTT,dunnvi02,Vince Dunn,0
202312020OTT,OTT,eberljo01,Jordan Eberle,0
202312020OTT,OTT,gourdya01,Yanni Gourde,0
202312020OTT,OTT,kartyty01,Tye Kartye,0
202312020OTT,OTT,larssad01,Adam Larsson,0
202312020OTT,OTT,mccanja01,Jared McCann,0
202312020OTT,OTT,oleksja01,Jamie Oleksiak,0
202312020OTT,OTT,schulju01,Justin Schultz,0
202312020OTT,OTT,studema01,MariÃ¡n StudeniÄ,0
202312020OTT,OTT,tanevbr01,Brandon Tanev,0
202312020OTT,OTT,tolvaee01,Eeli Tolvanen,0
202312020OTT,OTT,wennbal01,Alexander Wennberg,0
202312020OTT,OTT,yamamka01,Kailer Yamamoto,0
202312020OTT,OTT,daccojo01,Joey Daccord,0
202312020OTT,SEA,bathedr01,Drake Batherson,1
202312020OTT,SEA,bernaja01,Jacob Bernard-Docker,0
202312020OTT,SEA,branner01,Erik BrÃ¤nnstrÃ¶m,0
202312020OTT,SEA,chaboth01,Thomas Chabot,0
202312020OTT,SEA,chartro01,Rourke Chartier,0
202312020OTT,SEA,chychja01,Jakob Chychrun,0
202312020OTT,SEA,giroucl01,Claude Giroux,0
202312020OTT,SEA,hamontr01,Travis Hamonic,0
202312020OTT,SEA,josepma01,Mathieu Joseph,1
202312020OTT,SEA,kellypa01,Parker Kelly,0
202312020OTT,SEA,kubaldo01,Dominik KubalÃ­k,0
202312020OTT,SEA,macewza01,Zack MacEwen,0
202312020OTT,SEA,norrijo01,Joshua Norris,0
202312020OTT,SEA,sandeja01,Jake Sanderson,0
202312020OTT,SEA,stuetti02,Tim StÃ¼tzle,0
202312020OTT,SEA,tarasvl01,Vladimir Tarasenko,0
202312020OTT,SEA,tkachbr01,Brady Tkachuk,0
202312020OTT,SEA,zubar01,Artem Zub,0
202312020OTT,SEA,forsban01,Anton Forsberg,0
