game_id,opponent,player_id,player_name,scored
202312190TBL,TBL,buchnpa01,Pavel Buchnevich,0
202312190TBL,TBL,faulkju01,Justin Faulk,1
202312190TBL,TBL,hayeske01,Kevin Hayes,0
202312190TBL,TBL,kapanka01,Kasperi Kapanen,0
202312190TBL,TBL,krugto01,Torey Krug,0
202312190TBL,TBL,kyroujo01,Jordan Kyrou,0
202312190TBL,TBL,leddyni01,Nick Leddy,0
202312190TBL,TBL,maceama01,Mackenzie MacEachern,0
202312190TBL,TBL,mcginhu01,Hugh McGing,0
202312190TBL,TBL,neighja01,Jake Neighbours,0
202312190TBL,TBL,parayco01,Colton Parayko,0
202312190TBL,TBL,saadbr01,Brandon Saad,0
202312190TBL,TBL,scandma01,Marco Scandella,0
202312190TBL,TBL,schenbr01,Brayden Schenn,0
202312190TBL,TBL,sundqos01,Oskar Sundqvist,0
202312190TBL,TBL,thomaro01,Robert Thomas,0
202312190TBL,TBL,toropal01,Alexey Toropchenko,0
202312190TBL,TBL,tuckety01,Tyler Tucker,0
202312190TBL,TBL,binnijo01,Jordan Binnington,0
202312190TBL,TBL,hoferjo01,Joel Hofer,0
202312190TBL,STL,barreal01,Alex BarrÃ©-Boulet,0
202312190TBL,STL,cernaer01,Erik ÄernÃ¡k,0
202312190TBL,STL,cirelan01,Anthony Cirelli,0
202312190TBL,STL,eyssimi01,Michael Eyssimont,1
202312190TBL,STL,fleurha01,Haydn Fleury,1
202312190TBL,STL,glendlu01,Luke Glendening,0
202312190TBL,STL,hagelbr01,Brandon Hagel,0
202312190TBL,STL,hedmavi01,Victor Hedman,0
202312190TBL,STL,jeannta01,Tanner Jeannot,0
202312190TBL,STL,kucheni01,Nikita Kucherov,1
202312190TBL,STL,mottety01,Tyler Motte,1
202312190TBL,STL,paulni01,Nick Paul,1
202312190TBL,STL,perbini01,Nicklaus Perbix,0
202312190TBL,STL,pointbr01,Brayden Point,0
202312190TBL,STL,raddyda01,Darren Raddysh,0
202312190TBL,STL,sergami01,Mikhail Sergachev,0
202312190TBL,STL,shearco01,Conor Sheary,0
202312190TBL,STL,stamkst01,Steven Stamkos,0
202312190TBL,STL,vasilan02,Andrei Vasilevskiy,0
