game_id,opponent,player_id,player_name,scored
202311160CGY,CGY,beauvan01,Anthony Beauvillier,0
202311160CGY,CGY,bluegte01,Teddy Blueger,0
202311160CGY,CGY,boesebr01,Brock Boeser,0
202311160CGY,CGY,coleia01,Ian Cole,0
202311160CGY,CGY,digiuph01,Phillip Di Giuseppe,0
202311160CGY,CGY,friedma01,Mark Friedman,0
202311160CGY,CGY,garlaco01,Conor Garland,0
202311160CGY,CGY,hoglani01,Nils HÃ¶glander,1
202311160CGY,CGY,hronefi01,Filip Hronek,0
202311160CGY,CGY,hughequ01,Quinn Hughes,0
202311160CGY,CGY,joshuda01,Dakota Joshua,0
202311160CGY,CGY,juulsno01,Noah Juulsen,0
202311160CGY,CGY,karlsli01,Linus Karlsson,0
202311160CGY,CGY,laffesa01,Sam Lafferty,0
202311160CGY,CGY,mikheil01,Ilya Mikheyev,0
202311160CGY,CGY,millejt01,J.T. Miller,0
202311160CGY,CGY,myersty01,Tyler Myers,0
202311160CGY,CGY,petteel01,Elias Pettersson,1
202311160CGY,CGY,desmica01,Casey DeSmith,0
202311160CGY,VAN,anderra01,Rasmus Andersson,0
202311160CGY,VAN,backlmi01,Mikael Backlund,0
202311160CGY,VAN,colembl01,Blake Coleman,0
202311160CGY,VAN,desimni01,Nick DeSimone,0
202311160CGY,VAN,dubedi01,Dillon DubÃ©,1
202311160CGY,VAN,greeraj01,A.J. Greer,0
202311160CGY,VAN,hanifno01,Noah Hanifin,1
202311160CGY,VAN,huberjo01,Jonathan Huberdeau,1
202311160CGY,VAN,kadrina01,Nazem Kadri,0
202311160CGY,VAN,lindhel01,Elias Lindholm,1
202311160CGY,VAN,mangian01,Andrew Mangiapane,0
202311160CGY,VAN,pospima01,Martin Pospisil,0
202311160CGY,VAN,ruzicad01,Adam RuÅ¾iÄka,0
202311160CGY,VAN,sharaye01,Yegor Sharangovich,0
202311160CGY,VAN,tanevch01,Chris Tanev,0
202311160CGY,VAN,weegama01,MacKenzie Weegar,1
202311160CGY,VAN,zadorni01,Nikita Zadorov,0
202311160CGY,VAN,zaryco01,Connor Zary,0
202311160CGY,VAN,marksja02,Jacob MarkstrÃ¶m,0
