game_id,opponent,player_id,player_name,scored
202312020WPG,WPG,anderjo08,Joey Anderson,0
202312020WPG,WPG,beauvan01,Anthony Beauvillier,0
202312020WPG,WPG,bedarco01,Connor Bedard,1
202312020WPG,WPG,dickija01,Jason Dickinson,0
202312020WPG,WPG,donatry01,Ryan Donato,0
202312020WPG,WPG,entwima01,Mackenzie Entwistle,0
202312020WPG,WPG,foligni01,Nick Foligno,0
202312020WPG,WPG,johnsty01,Tyler Johnson,0
202312020WPG,WPG,jonesse01,Seth Jones,0
202312020WPG,WPG,katchbo01,Boris Katchouk,0
202312020WPG,WPG,korchke01,Kevin Korchinski,0
202312020WPG,WPG,kurasph01,Philipp Kurashev,0
202312020WPG,WPG,murphco02,Connor Murphy,0
202312020WPG,WPG,raddyta01,Taylor Raddysh,0
202312020WPG,WPG,reichlu01,Lukas Reichel,0
202312020WPG,WPG,tinorja01,Jarred Tinordi,0
202312020WPG,WPG,vlasial01,Alex Vlasic,0
202312020WPG,WPG,zaitsni01,Nikita Zaitsev,0
202312020WPG,WPG,soderar01,Arvid SÃ¶derblom,0
202312020WPG,CHI,applema01,Mason Appleton,0
202312020WPG,CHI,barromo01,Morgan Barron,1
202312020WPG,CHI,chishde01,Declan Chisholm,0
202312020WPG,CHI,connoky01,Kyle Connor,0
202312020WPG,CHI,demeldy01,Dylan DeMelo,0
202312020WPG,CHI,dillobr01,Brenden Dillon,0
202312020WPG,CHI,ehlerni01,Nikolaj Ehlers,0
202312020WPG,CHI,gustada01,David Gustafsson,0
202312020WPG,CHI,iafalal01,Alex Iafallo,0
202312020WPG,CHI,jonssax01,Axel Jonsson-FjÃ¤llby,0
202312020WPG,CHI,lowryad01,Adam Lowry,0
202312020WPG,CHI,morrijo04,Josh Morrissey,0
202312020WPG,CHI,niedeni01,Nino Niederreiter,0
202312020WPG,CHI,perfeco01,Cole Perfetti,1
202312020WPG,CHI,pionkne01,Neal Pionk,0
202312020WPG,CHI,sambedy01,Dylan Samberg,0
202312020WPG,CHI,scheima01,Mark Scheifele,1
202312020WPG,CHI,vilarga01,Gabriel Vilardi,0
202312020WPG,CHI,helleco01,Connor Hellebuyck,0
