game_id,opponent,player_id,player_name,scored
202312090TOR,TOR,barrity01,Tyson Barrie,0
202312090TOR,TOR,carrial01,Alexandre Carrier,0
202312090TOR,TOR,evanglu01,Luke Evangelista,0
202312090TOR,TOR,forsbfi01,Filip Forsberg,0
202312090TOR,TOR,glassco01,Cody Glass,0
202312090TOR,TOR,josiro01,Roman Josi,0
202312090TOR,TOR,lauzoje01,Jeremy Lauzon,0
202312090TOR,TOR,mcdonry01,Ryan McDonagh,0
202312090TOR,TOR,novakth01,Thomas Novak,0
202312090TOR,TOR,nyquigu01,Gustav Nyquist,0
202312090TOR,TOR,oreilry01,Ryan O'Reilly,0
202312090TOR,TOR,parssju01,Juuso PÃ¤rssinen,0
202312090TOR,TOR,schenlu01,Luke Schenn,0
202312090TOR,TOR,sherwki01,Kiefer Sherwood,0
202312090TOR,TOR,sissoco01,Colton Sissons,0
202312090TOR,TOR,smithco02,Cole Smith,0
202312090TOR,TOR,tomasph01,Philip Tomasino,0
202312090TOR,TOR,treniya01,Yakov Trenin,0
202312090TOR,TOR,lankike01,Kevin Lankinen,0
202312090TOR,NSH,benoisi01,Simon Benoit,0
202312090TOR,NSH,bertuty01,Tyler Bertuzzi,0
202312090TOR,NSH,broditj01,T.J. Brodie,0
202312090TOR,NSH,domima01,Max Domi,0
202312090TOR,NSH,gregono01,Noah Gregor,1
202312090TOR,NSH,jarnkca01,Calle JÃ¤rnkrok,0
202312090TOR,NSH,kampfda01,David KÃ¤mpf,1
202312090TOR,NSH,kniesma01,Matthew Knies,0
202312090TOR,NSH,lajoima01,Maxime Lajoie,0
202312090TOR,NSH,marnemi01,Mitch Marner,0
202312090TOR,NSH,matthau01,Auston Matthews,1
202312090TOR,NSH,mccabja01,Jake McCabe,0
202312090TOR,NSH,nylanwi01,William Nylander,0
202312090TOR,NSH,reavery01,Ryan Reaves,0
202312090TOR,NSH,riellmo01,Morgan Rielly,0
202312090TOR,NSH,roberni01,Nicholas Robertson,0
202312090TOR,NSH,tavarjo01,John Tavares,0
202312090TOR,NSH,timmico01,Conor Timmins,0
202312090TOR,NSH,samsoil01,Ilya Samsonov,0
