game_id,opponent,player_id,player_name,scored
202311070CAR,CAR,cliftco01,Connor Clifton,0
202311070CAR,CAR,dahlira01,Rasmus Dahlin,1
202311070CAR,CAR,girgeze01,Zemgus Girgensons,0
202311070CAR,CAR,greenjo02,Jordan Greenway,0
202311070CAR,CAR,johnser01,Erik Johnson,0
202311070CAR,CAR,johnsry03,Ryan Johnson,0
202311070CAR,CAR,jokihhe01,Henri Jokiharju,0
202311070CAR,CAR,jostty01,Tyson Jost,0
202311070CAR,CAR,krebspe01,Peyton Krebs,0
202311070CAR,CAR,mitteca01,Casey Mittelstadt,0
202311070CAR,CAR,okposky01,Kyle Okposo,0
202311070CAR,CAR,olofsvi01,Victor Olofsson,0
202311070CAR,CAR,peterjo01,John-Jason Peterka,0
202311070CAR,CAR,powerow01,Owen Power,0
202311070CAR,CAR,rouselu01,LukÃ¡Å¡ Rousek,0
202311070CAR,CAR,skinnje01,Jeff Skinner,0
202311070CAR,CAR,thompta01,Tage Thompson,0
202311070CAR,CAR,tuchal01,Alex Tuch,1
202311070CAR,CAR,luukkuk01,Ukko-Pekka Luukkonen,0
202311070CAR,BUF,ahose01,Sebastian Aho,0
202311070CAR,BUF,buntimi01,Michael Bunting,0
202311070CAR,BUF,burnsbr01,Brent Burns,0
202311070CAR,BUF,chatfja01,Jalen Chatfield,0
202311070CAR,BUF,deangan01,Tony DeAngelo,1
202311070CAR,BUF,druryja01,Jack Drury,0
202311070CAR,BUF,fastje01,Jesper Fast,0
202311070CAR,BUF,jarvise01,Seth Jarvis,0
202311070CAR,BUF,kotkaje01,Jesperi Kotkaniemi,0
202311070CAR,BUF,martijo01,Jordan Martinook,0
202311070CAR,BUF,necasma01,Martin NeÄas,1
202311070CAR,BUF,noesest01,Stefan Noesen,0
202311070CAR,BUF,orlovdm01,Dmitry Orlov,0
202311070CAR,BUF,skjeibr01,Brady Skjei,1
202311070CAR,BUF,slavija01,Jaccob Slavin,0
202311070CAR,BUF,staaljo01,Jordan Staal,0
202311070CAR,BUF,svechan01,Andrei Svechnikov,0
202311070CAR,BUF,teravte01,Teuvo TerÃ¤vÃ¤inen,0
202311070CAR,BUF,raantan01,Antti Raanta,0
