game_id,opponent,player_id,player_name,scored
202311140BUF,BUF,beechjo01,John Beecher,0
202311140BUF,BUF,carlobr01,Brandon Carlo,1
202311140BUF,BUF,coylech01,Charlie Coyle,0
202311140BUF,BUF,debruja01,Jake DeBrusk,0
202311140BUF,BUF,forbode01,Derek Forbort,0
202311140BUF,BUF,fredetr01,Trent Frederic,0
202311140BUF,BUF,heineda01,Danton Heinen,1
202311140BUF,BUF,laukoja01,Jakub Lauko,0
202311140BUF,BUF,lindhha01,Hampus Lindholm,1
202311140BUF,BUF,lohrema01,Mason Lohrei,0
202311140BUF,BUF,marchbr03,Brad Marchand,0
202311140BUF,BUF,mcavoch01,Charlie McAvoy,0
202311140BUF,BUF,pastrda01,David PastrÅÃ¡k,1
202311140BUF,BUF,poitrma01,Matthew Poitras,0
202311140BUF,BUF,shattke01,Kevin Shattenkirk,0
202311140BUF,BUF,steenos01,Oskar Steen,1
202311140BUF,BUF,vanrija01,James van Riemsdyk,0
202311140BUF,BUF,zachapa01,Pavel Zacha,0
202311140BUF,BUF,ullmali01,Linus Ullmark,0
202311140BUF,BOS,cliftco01,Connor Clifton,0
202311140BUF,BOS,cozendy01,Dylan Cozens,0
202311140BUF,BOS,dahlira01,Rasmus Dahlin,0
202311140BUF,BOS,girgeze01,Zemgus Girgensons,0
202311140BUF,BOS,greenjo02,Jordan Greenway,0
202311140BUF,BOS,johnser01,Erik Johnson,0
202311140BUF,BOS,johnsry03,Ryan Johnson,0
202311140BUF,BOS,jostty01,Tyson Jost,0
202311140BUF,BOS,krebspe01,Peyton Krebs,0
202311140BUF,BOS,mitteca01,Casey Mittelstadt,0
202311140BUF,BOS,okposky01,Kyle Okposo,0
202311140BUF,BOS,olofsvi01,Victor Olofsson,1
202311140BUF,BOS,peterjo01,John-Jason Peterka,0
202311140BUF,BOS,powerow01,Owen Power,0
202311140BUF,BOS,rouselu01,LukÃ¡Å¡ Rousek,0
202311140BUF,BOS,samuema02,Mattias Samuelsson,0
202311140BUF,BOS,skinnje01,Jeff Skinner,0
202311140BUF,BOS,thompta01,Tage Thompson,0
202311140BUF,BOS,levide01,Devon Levi,0
202311140BUF,BOS,luukkuk01,Ukko-Pekka Luukkonen,0
