game_id,opponent,player_id,player_name,scored
202310100TBL,TBL,barrity01,Tyson Barrie,0
202310100TBL,TBL,carrial01,Alexandre Carrier,0
202310100TBL,TBL,evanglu01,Luke Evangelista,0
202310100TBL,TBL,forsbfi01,Filip Forsberg,0
202310100TBL,TBL,glassco01,Cody Glass,0
202310100TBL,TBL,josiro01,Roman Josi,0
202310100TBL,TBL,lauzoje01,Jeremy Lauzon,0
202310100TBL,TBL,mcdonry01,Ryan McDonagh,0
202310100TBL,TBL,novakth01,Thomas Novak,1
202310100TBL,TBL,nyquigu01,Gustav Nyquist,0
202310100TBL,TBL,oreilry01,Ryan O'Reilly,1
202310100TBL,TBL,parssju01,Juuso PÃ¤rssinen,1
202310100TBL,TBL,schenlu01,Luke Schenn,0
202310100TBL,TBL,sherwki01,Kiefer Sherwood,0
202310100TBL,TBL,sissoco01,Colton Sissons,0
202310100TBL,TBL,smithco02,Cole Smith,0
202310100TBL,TBL,tomasph01,Philip Tomasino,0
202310100TBL,TBL,treniya01,Yakov Trenin,0
202310100TBL,TBL,sarosju01,Juuse Saros,0
202310100TBL,NSH,cernaer01,Erik ÄernÃ¡k,0
202310100TBL,NSH,cirelan01,Anthony Cirelli,0
202310100TBL,NSH,dehaaca01,Calvin de Haan,0
202310100TBL,NSH,eyssimi01,Michael Eyssimont,0
202310100TBL,NSH,glendlu01,Luke Glendening,0
202310100TBL,NSH,hagelbr01,Brandon Hagel,1
202310100TBL,NSH,hedmavi01,Victor Hedman,0
202310100TBL,NSH,jeannta01,Tanner Jeannot,0
202310100TBL,NSH,kucheni01,Nikita Kucherov,1
202310100TBL,NSH,merelwa01,Waltteri Merela,0
202310100TBL,NSH,mottety01,Tyler Motte,0
202310100TBL,NSH,paulni01,Nick Paul,1
202310100TBL,NSH,perbini01,Nicklaus Perbix,0
202310100TBL,NSH,pointbr01,Brayden Point,0
202310100TBL,NSH,raddyda01,Darren Raddysh,0
202310100TBL,NSH,sergami01,Mikhail Sergachev,0
202310100TBL,NSH,shearco01,Conor Sheary,0
202310100TBL,NSH,stamkst01,Steven Stamkos,0
202310100TBL,NSH,johanjo03,Jonas Johansson,0
