game_id,opponent,player_id,player_name,scored
202312180PIT,PIT,bogosza01,Zach Bogosian,0
202312180PIT,PIT,boldyma01,Matt Boldy,0
202312180PIT,PIT,dewarco01,Connor Dewar,0
202312180PIT,PIT,duhaibr01,Brandon Duhaime,0
202312180PIT,PIT,eriksjo02,Joel Eriksson Ek,0
202312180PIT,PIT,faberbr01,Brock Faber,0
202312180PIT,PIT,foligma01,Marcus Foligno,0
202312180PIT,PIT,gaudrfr01,FrÃ©dÃ©rick Gaudreau,0
202312180PIT,PIT,goligal01,Alex Goligoski,0
202312180PIT,PIT,hartmry01,Ryan Hartman,1
202312180PIT,PIT,huntda01,Daemon Hunt,0
202312180PIT,PIT,johanma03,Marcus Johansson,0
202312180PIT,PIT,kapriki01,Kirill Kaprizov,0
202312180PIT,PIT,lettivi01,Vinni Lettieri,1
202312180PIT,PIT,maroopa01,Pat Maroon,0
202312180PIT,PIT,merrijo01,Jonathon Merrill,0
202312180PIT,PIT,middlja01,Jacob Middleton,1
202312180PIT,PIT,rossima01,Marco Rossi,0
202312180PIT,PIT,gustafi01,Filip Gustavsson,0
202312180PIT,MIN,acciano01,Noel Acciari,0
202312180PIT,MIN,carteje01,Jeff Carter,0
202312180PIT,MIN,crosbsi01,Sidney Crosby,1
202312180PIT,MIN,ellerla01,Lars Eller,0
202312180PIT,MIN,gravery01,Ryan Graves,0
202312180PIT,MIN,guentja01,Jake Guentzel,1
202312180PIT,MIN,harkija01,Jansen Harkins,0
202312180PIT,MIN,karlser01,Erik Karlsson,0
202312180PIT,MIN,letankr01,Kris Letang,0
202312180PIT,MIN,ludvijo01,John Ludvig,0
202312180PIT,MIN,malkiev01,Evgeni Malkin,1
202312180PIT,MIN,oconndr01,Drew O'Connor,0
202312180PIT,MIN,pettema01,Marcus Pettersson,0
202312180PIT,MIN,puustva01,Valtteri Puustinen,0
202312180PIT,MIN,rakelri01,Rickard Rakell,0
202312180PIT,MIN,ruhwech01,Chad Ruhwedel,0
202312180PIT,MIN,smithre01,Reilly Smith,1
202312180PIT,MIN,zohorra01,Radim Zohorna,0
202312180PIT,MIN,nedelal01,Alex Nedeljkovic,0
