game_id,opponent,player_id,player_name,scored
202311040NYI,NYI,ahose01,Sebastian Aho,1
202311040NYI,NYI,burnsbr01,Brent Burns,0
202311040NYI,NYI,chatfja01,Jalen Chatfield,1
202311040NYI,NYI,deangan01,Tony DeAngelo,0
202311040NYI,NYI,druryja01,Jack Drury,0
202311040NYI,NYI,fastje01,Jesper Fast,0
202311040NYI,NYI,jarvise01,Seth Jarvis,0
202311040NYI,NYI,kotkaje01,Jesperi Kotkaniemi,1
202311040NYI,NYI,lemiebr01,Brendan Lemieux,0
202311040NYI,NYI,martijo01,Jordan Martinook,0
202311040NYI,NYI,necasma01,Martin NeÄas,0
202311040NYI,NYI,noesest01,Stefan Noesen,0
202311040NYI,NYI,orlovdm01,Dmitry Orlov,1
202311040NYI,NYI,skjeibr01,Brady Skjei,0
202311040NYI,NYI,slavija01,Jaccob Slavin,0
202311040NYI,NYI,staaljo01,Jordan Staal,0
202311040NYI,NYI,svechan01,Andrei Svechnikov,0
202311040NYI,NYI,teravte01,Teuvo TerÃ¤vÃ¤inen,0
202311040NYI,NYI,raantan01,Antti Raanta,0
202311040NYI,CAR,ahose02,Sebastian Aho,0
202311040NYI,CAR,barzama01,Mathew Barzal,1
202311040NYI,CAR,boldusa01,Samuel Bolduc,0
202311040NYI,CAR,cizikca01,Casey Cizikas,0
202311040NYI,CAR,cluttca01,Cal Clutterbuck,0
202311040NYI,CAR,dobsono01,Noah Dobson,1
202311040NYI,CAR,engvapi01,Pierre Engvall,0
202311040NYI,CAR,faschhu01,Hudson Fasching,0
202311040NYI,CAR,holmssi01,Simon HolmstrÃ¶m,1
202311040NYI,CAR,horvabo01,Bo Horvat,0
202311040NYI,CAR,leean01,Anders Lee,0
202311040NYI,CAR,martima02,Matt Martin,0
202311040NYI,CAR,mayfisc01,Scott Mayfield,0
202311040NYI,CAR,nelsobr01,Brock Nelson,0
202311040NYI,CAR,pageaje01,Jean-Gabriel Pageau,0
202311040NYI,CAR,palmiky01,Kyle Palmieri,0
202311040NYI,CAR,pulocry01,Ryan Pulock,0
202311040NYI,CAR,romanal01,Alexander Romanov,0
202311040NYI,CAR,sorokil01,Ilya Sorokin,0
