game_id,opponent,player_id,player_name,scored
202312020ANA,ANA,byrambo01,Bowen Byram,1
202312020ANA,ANA,coglian01,Andrew Cogliano,0
202312020ANA,ANA,coltoro01,Ross Colton,0
202312020ANA,ANA,drouijo01,Jonathan Drouin,0
202312020ANA,ANA,johanry01,Ryan Johansen,0
202312020ANA,ANA,johnsja02,Jack Johnson,0
202312020ANA,ANA,jonesca01,Caleb Jones,0
202312020ANA,ANA,kivirjo01,Joel Kiviranta,0
202312020ANA,ANA,mackina01,Nathan MacKinnon,0
202312020ANA,ANA,makarca01,Cale Makar,0
202312020ANA,ANA,mansojo01,Josh Manson,0
202312020ANA,ANA,nichuva01,Valeri Nichushkin,0
202312020ANA,ANA,oconnlo01,Logan O'Connor,0
202312020ANA,ANA,olofsfr01,Fredrik Olofsson,0
202312020ANA,ANA,rantami01,Mikko Rantanen,0
202312020ANA,ANA,tatarto01,TomÃ¡Å¡ Tatar,0
202312020ANA,ANA,toewsde01,Devon Toews,1
202312020ANA,ANA,woodmi01,Miles Wood,0
202312020ANA,ANA,prosviv01,Ivan Prosvetov,0
202312020ANA,COL,carlsle01,Leo Carlsson,1
202312020ANA,COL,carrisa01,Sam Carrick,0
202312020ANA,COL,fowleca01,Cam Fowler,0
202312020ANA,COL,groulbe01,Benoit-Olivier Groulx,0
202312020ANA,COL,gudasra01,Radko Gudas,0
202312020ANA,COL,henriad01,Adam Henrique,1
202312020ANA,COL,jonesma03,Max Jones,0
202312020ANA,COL,killoal01,Alex Killorn,1
202312020ANA,COL,lacomja01,Jackson LaCombe,0
202312020ANA,COL,leasobr01,Brett Leason,0
202312020ANA,COL,lyubuil01,Ilya Lyubushkin,0
202312020ANA,COL,mcginbr01,Brock McGinn,0
202312020ANA,COL,mctavma01,Mason McTavish,0
202312020ANA,COL,mintypa01,Pavel Mintyukov,0
202312020ANA,COL,stromry01,Ryan Strome,0
202312020ANA,COL,terrytr01,Troy Terry,0
202312020ANA,COL,vaakaur01,Urho Vaakanainen,0
202312020ANA,COL,vatrafr01,Frank Vatrano,0
202312020ANA,COL,gibsojo02,John Gibson,0
