game_id,opponent,player_id,player_name,scored
202311020BOS,BOS,bertuty01,Tyler Bertuzzi,0
202311020BOS,BOS,broditj01,T.J. Brodie,0
202311020BOS,BOS,domima01,Max Domi,0
202311020BOS,BOS,giordma01,Mark Giordano,0
202311020BOS,BOS,gregono01,Noah Gregor,0
202311020BOS,BOS,holmbpo01,Pontus Holmberg,0
202311020BOS,BOS,jarnkca01,Calle JÃ¤rnkrok,0
202311020BOS,BOS,kampfda01,David KÃ¤mpf,0
202311020BOS,BOS,klingjo01,John Klingberg,0
202311020BOS,BOS,kniesma01,Matthew Knies,0
202311020BOS,BOS,lageswi01,William Lagesson,0
202311020BOS,BOS,liljeti01,Timothy Liljegren,0
202311020BOS,BOS,marnemi01,Mitch Marner,1
202311020BOS,BOS,matthau01,Auston Matthews,1
202311020BOS,BOS,nylanwi01,William Nylander,0
202311020BOS,BOS,reavery01,Ryan Reaves,0
202311020BOS,BOS,riellmo01,Morgan Rielly,0
202311020BOS,BOS,tavarjo01,John Tavares,0
202311020BOS,BOS,samsoil01,Ilya Samsonov,0
202311020BOS,TOR,beechjo01,John Beecher,0
202311020BOS,TOR,carlobr01,Brandon Carlo,0
202311020BOS,TOR,coylech01,Charlie Coyle,0
202311020BOS,TOR,debruja01,Jake DeBrusk,1
202311020BOS,TOR,fredetr01,Trent Frederic,0
202311020BOS,TOR,geekimo01,Morgan Geekie,0
202311020BOS,TOR,heineda01,Danton Heinen,0
202311020BOS,TOR,lindhha01,Hampus Lindholm,0
202311020BOS,TOR,lohrema01,Mason Lohrei,0
202311020BOS,TOR,marchbr03,Brad Marchand,0
202311020BOS,TOR,mitchia01,Ian Mitchell,0
202311020BOS,TOR,pastrda01,David PastrÅÃ¡k,0
202311020BOS,TOR,poitrma01,Matthew Poitras,0
202311020BOS,TOR,shattke01,Kevin Shattenkirk,0
202311020BOS,TOR,steenos01,Oskar Steen,0
202311020BOS,TOR,vanrija01,James van Riemsdyk,0
202311020BOS,TOR,wothepa01,Parker Wotherspoon,0
202311020BOS,TOR,zachapa01,Pavel Zacha,1
202311020BOS,TOR,swaymje01,Jeremy Swayman,0
