game_id,opponent,player_id,player_name,scored
202312050VAN,VAN,bahlke01,Kevin Bahl,0
202312050VAN,VAN,bastina01,Nathan Bastian,0
202312050VAN,VAN,brattje01,Jesper Bratt,1
202312050VAN,VAN,haulaer01,Erik Haula,1
202312050VAN,VAN,hischni01,Nico Hischier,0
202312050VAN,VAN,holtzal01,Alexander Holtz,0
202312050VAN,VAN,hugheja03,Jack Hughes,1
202312050VAN,VAN,hughelu01,Luke Hughes,1
202312050VAN,VAN,lazarcu01,Curtis Lazar,0
202312050VAN,VAN,marinjo01,John Marino,0
202312050VAN,VAN,mcleomi01,Michael McLeod,1
202312050VAN,VAN,meierti01,Timo Meier,0
202312050VAN,VAN,merceda01,Dawson Mercer,0
202312050VAN,VAN,milleco02,Colin Miller,0
202312050VAN,VAN,nemecsi01,Simon Nemec,0
202312050VAN,VAN,palaton01,OndÅej PalÃ¡t,0
202312050VAN,VAN,siegejo01,Jonas Siegenthaler,0
202312050VAN,VAN,toffoty01,Tyler Toffoli,0
202312050VAN,VAN,vanecvi01,VÃ­tek VanÄÄek,0
202312050VAN,NJD,amanni01,Nils Ãman,0
202312050VAN,NJD,bluegte01,Teddy Blueger,0
202312050VAN,NJD,boesebr01,Brock Boeser,1
202312050VAN,NJD,coleia01,Ian Cole,0
202312050VAN,NJD,garlaco01,Conor Garland,0
202312050VAN,NJD,hoglani01,Nils HÃ¶glander,1
202312050VAN,NJD,hronefi01,Filip Hronek,0
202312050VAN,NJD,hughequ01,Quinn Hughes,0
202312050VAN,NJD,joshuda01,Dakota Joshua,1
202312050VAN,NJD,juulsno01,Noah Juulsen,0
202312050VAN,NJD,karlsli01,Linus Karlsson,0
202312050VAN,NJD,kuzmean01,Andrei Kuzmenko,0
202312050VAN,NJD,laffesa01,Sam Lafferty,1
202312050VAN,NJD,mikheil01,Ilya Mikheyev,0
202312050VAN,NJD,millejt01,J.T. Miller,1
202312050VAN,NJD,myersty01,Tyler Myers,0
202312050VAN,NJD,petteel01,Elias Pettersson,0
202312050VAN,NJD,zadorni01,Nikita Zadorov,0
202312050VAN,NJD,demkoth01,Thatcher Demko,0
