game_id,opponent,player_id,player_name,scored
202312160MTL,MTL,ahose02,Sebastian Aho,0
202312160MTL,MTL,barzama01,Mathew Barzal,0
202312160MTL,MTL,boldusa01,Samuel Bolduc,0
202312160MTL,MTL,borturo01,Robert Bortuzzo,0
202312160MTL,MTL,cizikca01,Casey Cizikas,0
202312160MTL,MTL,cluttca01,Cal Clutterbuck,0
202312160MTL,MTL,dobsono01,Noah Dobson,0
202312160MTL,MTL,engvapi01,Pierre Engvall,0
202312160MTL,MTL,faschhu01,Hudson Fasching,0
202312160MTL,MTL,gauthju01,Julien Gauthier,0
202312160MTL,MTL,holmssi01,Simon HolmstrÃ¶m,0
202312160MTL,MTL,horvabo01,Bo Horvat,1
202312160MTL,MTL,leean01,Anders Lee,0
202312160MTL,MTL,nelsobr01,Brock Nelson,1
202312160MTL,MTL,pageaje01,Jean-Gabriel Pageau,0
202312160MTL,MTL,palmiky01,Kyle Palmieri,0
202312160MTL,MTL,reillmi01,Mike Reilly,0
202312160MTL,MTL,romanal01,Alexander Romanov,0
202312160MTL,MTL,varlasi01,Semyon Varlamov,0
202312160MTL,NYI,anderjo05,Josh Anderson,1
202312160MTL,NYI,armiajo01,Joel Armia,1
202312160MTL,NYI,barroju01,Justin Barron,0
202312160MTL,NYI,caufico01,Cole Caufield,1
202312160MTL,NYI,dvorach01,Christian Dvorak,1
202312160MTL,NYI,evansja02,Jake Evans,0
202312160MTL,NYI,gallabr01,Brendan Gallagher,0
202312160MTL,NYI,guhleka01,Kaiden Guhle,0
202312160MTL,NYI,kovacjo01,Johnathan Kovacevic,0
202312160MTL,NYI,mathemi01,Mike Matheson,0
202312160MTL,NYI,monahse01,Sean Monahan,0
202312160MTL,NYI,pezzemi01,Michael Pezzetta,0
202312160MTL,NYI,savarda01,David Savard,0
202312160MTL,NYI,slafkju01,Juraj Slafkovsky,0
202312160MTL,NYI,stephmi01,Mitchell Stephens,0
202312160MTL,NYI,strubja01,Jayden Struble,0
202312160MTL,NYI,suzukni01,Nick Suzuki,0
202312160MTL,NYI,yloneje01,Jesse YlÃ¶nen,0
202312160MTL,NYI,montesa01,Sam Montembeault,0
