game_id,opponent,player_id,player_name,scored
202312120OTT,OTT,ahose01,Sebastian Aho,1
202312120OTT,OTT,buntimi01,Michael Bunting,0
202312120OTT,OTT,burnsbr01,Brent Burns,0
202312120OTT,OTT,chatfja01,Jalen Chatfield,0
202312120OTT,OTT,deangan01,Tony DeAngelo,0
202312120OTT,OTT,druryja01,Jack Drury,0
202312120OTT,OTT,fastje01,Jesper Fast,0
202312120OTT,OTT,jarvise01,Seth Jarvis,1
202312120OTT,OTT,kotkaje01,Jesperi Kotkaniemi,0
202312120OTT,OTT,martijo01,Jordan Martinook,0
202312120OTT,OTT,necasma01,Martin NeÄas,1
202312120OTT,OTT,noesest01,Stefan Noesen,0
202312120OTT,OTT,orlovdm01,Dmitry Orlov,0
202312120OTT,OTT,pescebr01,Brett Pesce,0
202312120OTT,OTT,skjeibr01,Brady Skjei,0
202312120OTT,OTT,slavija01,Jaccob Slavin,0
202312120OTT,OTT,staaljo01,Jordan Staal,0
202312120OTT,OTT,teravte01,Teuvo TerÃ¤vÃ¤inen,0
202312120OTT,OTT,kochepy01,Pyotr Kochetkov,0
202312120OTT,CAR,bathedr01,Drake Batherson,0
202312120OTT,CAR,bernaja01,Jacob Bernard-Docker,0
202312120OTT,CAR,branner01,Erik BrÃ¤nnstrÃ¶m,0
202312120OTT,CAR,chartro01,Rourke Chartier,0
202312120OTT,CAR,chychja01,Jakob Chychrun,0
202312120OTT,CAR,giroucl01,Claude Giroux,0
202312120OTT,CAR,greigri01,Ridly Greig,0
202312120OTT,CAR,hamontr01,Travis Hamonic,0
202312120OTT,CAR,josepma01,Mathieu Joseph,0
202312120OTT,CAR,kellypa01,Parker Kelly,0
202312120OTT,CAR,kubaldo01,Dominik KubalÃ­k,0
202312120OTT,CAR,norrijo01,Joshua Norris,1
202312120OTT,CAR,sandeja01,Jake Sanderson,0
202312120OTT,CAR,smejkji01,Jiri Smejkal,0
202312120OTT,CAR,stuetti02,Tim StÃ¼tzle,0
202312120OTT,CAR,tarasvl01,Vladimir Tarasenko,0
202312120OTT,CAR,tkachbr01,Brady Tkachuk,0
202312120OTT,CAR,zubar01,Artem Zub,0
202312120OTT,CAR,korpijo01,Joonas Korpisalo,0
