game_id,opponent,player_id,player_name,scored
202310130WSH,WSH,acciano01,Noel Acciari,0
202310130WSH,WSH,carteje01,Jeff Carter,0
202310130WSH,WSH,crosbsi01,Sidney Crosby,1
202310130WSH,WSH,ellerla01,Lars Eller,0
202310130WSH,WSH,gravery01,Ryan Graves,0
202310130WSH,WSH,guentja01,Jake Guentzel,0
202310130WSH,WSH,harkija01,Jansen Harkins,0
202310130WSH,WSH,joseppi01,Pierre-Olivier Joseph,0
202310130WSH,WSH,karlser01,Erik Karlsson,0
202310130WSH,WSH,letankr01,Kris Letang,0
202310130WSH,WSH,malkiev01,Evgeni Malkin,1
202310130WSH,WSH,nietoma01,Matthew Nieto,0
202310130WSH,WSH,oconndr01,Drew O'Connor,0
202310130WSH,WSH,pettema01,Marcus Pettersson,0
202310130WSH,WSH,rakelri01,Rickard Rakell,0
202310130WSH,WSH,ruhwech01,Chad Ruhwedel,0
202310130WSH,WSH,rustbr01,Bryan Rust,0
202310130WSH,WSH,smithre01,Reilly Smith,1
202310130WSH,WSH,jarrytr01,Tristan Jarry,0
202310130WSH,PIT,backsni02,Nicklas BÃ¤ckstrÃ¶m,0
202310130WSH,PIT,carlsjo01,John Carlson,0
202310130WSH,PIT,dowdni01,Nic Dowd,0
202310130WSH,PIT,feherma01,Martin FehÃ©rvÃ¡ry,0
202310130WSH,PIT,jenseni02,Nick Jensen,0
202310130WSH,PIT,johanlu01,Lucas Johansen,0
202310130WSH,PIT,kuzneev01,Evgeny Kuznetsov,0
202310130WSH,PIT,malenbe01,Beck Malenstyn,0
202310130WSH,PIT,manthan01,Anthony Mantha,0
202310130WSH,PIT,mcmicco01,Connor McMichael,0
202310130WSH,PIT,milanso01,Sonny Milano,0
202310130WSH,PIT,oshietj01,T.J. Oshie,0
202310130WSH,PIT,ovechal01,Alex Ovechkin,0
202310130WSH,PIT,phillma01,Matthew Phillips,0
202310130WSH,PIT,sandira01,Rasmus Sandin,0
202310130WSH,PIT,stromdy01,Dylan Strome,0
202310130WSH,PIT,vanritr01,Trevor van Riemsdyk,0
202310130WSH,PIT,wilsoto01,Tom Wilson,0
202310130WSH,PIT,lindgch01,Charlie Lindgren,0
