game_id,opponent,player_id,player_name,scored
202311020SJS,SJS,beauvan01,Anthony Beauvillier,1
202311020SJS,SJS,boesebr01,Brock Boeser,1
202311020SJS,SJS,coleia01,Ian Cole,0
202311020SJS,SJS,digiuph01,Phillip Di Giuseppe,0
202311020SJS,SJS,friedma01,Mark Friedman,0
202311020SJS,SJS,garlaco01,Conor Garland,0
202311020SJS,SJS,hoglani01,Nils HÃ¶glander,0
202311020SJS,SJS,hronefi01,Filip Hronek,0
202311020SJS,SJS,hughequ01,Quinn Hughes,1
202311020SJS,SJS,kuzmean01,Andrei Kuzmenko,1
202311020SJS,SJS,laffesa01,Sam Lafferty,1
202311020SJS,SJS,mikheil01,Ilya Mikheyev,1
202311020SJS,SJS,millejt01,J.T. Miller,1
202311020SJS,SJS,myersty01,Tyler Myers,0
202311020SJS,SJS,petteel01,Elias Pettersson,0
202311020SJS,SJS,soucyca01,Carson Soucy,0
202311020SJS,SJS,studnja01,Jack Studnicka,0
202311020SJS,SJS,suterpi01,Pius Suter,1
202311020SJS,SJS,demkoth01,Thatcher Demko,0
202311020SJS,VAN,burroky01,Kyle Burroughs,0
202311020SJS,VAN,carpery01,Ryan Carpenter,0
202311020SJS,VAN,duclaan01,Anthony Duclair,0
202311020SJS,VAN,eklunwi01,William Eklund,0
202311020SJS,VAN,emberty01,Ty Emberson,0
202311020SJS,VAN,ferrama01,Mario Ferraro,0
202311020SJS,VAN,granlmi01,Mikael Granlund,0
202311020SJS,VAN,hertlto01,TomÃ¡Å¡ Hertl,0
202311020SJS,VAN,kuninlu01,Luke Kunin,0
202311020SJS,VAN,labanke01,Kevin Labanc,0
202311020SJS,VAN,macdoja02,Jacob MacDonald,0
202311020SJS,VAN,okhotni01,Nikita Okhotyuk,0
202311020SJS,VAN,ruttaja02,Jan Rutta,0
202311020SJS,VAN,smithgi01,Givani Smith,0
202311020SJS,VAN,sturmni01,Nico Sturm,0
202311020SJS,VAN,vlasima01,Marc-Ãdouard Vlasic,0
202311020SJS,VAN,zadinfi01,Filip Zadina,0
202311020SJS,VAN,zettefa01,Fabian Zetterlund,1
202311020SJS,VAN,blackma01,Mackenzie Blackwood,0
202311020SJS,VAN,kahkoka01,Kaapo KÃ¤hkÃ¶nen,0
