game_id,opponent,player_id,player_name,scored
202312130MTL,MTL,carteje01,Jeff Carter,0
202312130MTL,MTL,crosbsi01,Sidney Crosby,1
202312130MTL,MTL,ellerla01,Lars Eller,0
202312130MTL,MTL,gravery01,Ryan Graves,0
202312130MTL,MTL,grudejo02,Jonathan Gruden,0
202312130MTL,MTL,guentja01,Jake Guentzel,1
202312130MTL,MTL,harkija01,Jansen Harkins,0
202312130MTL,MTL,hinosvi01,Vinnie Hinostroza,0
202312130MTL,MTL,joseppi01,Pierre-Olivier Joseph,0
202312130MTL,MTL,karlser01,Erik Karlsson,0
202312130MTL,MTL,letankr01,Kris Letang,0
202312130MTL,MTL,ludvijo01,John Ludvig,0
202312130MTL,MTL,malkiev01,Evgeni Malkin,0
202312130MTL,MTL,oconndr01,Drew O'Connor,0
202312130MTL,MTL,pettema01,Marcus Pettersson,0
202312130MTL,MTL,puustva01,Valtteri Puustinen,0
202312130MTL,MTL,smithre01,Reilly Smith,0
202312130MTL,MTL,zohorra01,Radim Zohorna,0
202312130MTL,MTL,nedelal01,Alex Nedeljkovic,0
202312130MTL,PIT,anderjo05,Josh Anderson,0
202312130MTL,PIT,armiajo01,Joel Armia,0
202312130MTL,PIT,barroju01,Justin Barron,0
202312130MTL,PIT,caufico01,Cole Caufield,0
202312130MTL,PIT,dvorach01,Christian Dvorak,0
202312130MTL,PIT,evansja02,Jake Evans,0
202312130MTL,PIT,gallabr01,Brendan Gallagher,0
202312130MTL,PIT,guhleka01,Kaiden Guhle,0
202312130MTL,PIT,kovacjo01,Johnathan Kovacevic,0
202312130MTL,PIT,mathemi01,Mike Matheson,0
202312130MTL,PIT,monahse01,Sean Monahan,1
202312130MTL,PIT,pezzemi01,Michael Pezzetta,0
202312130MTL,PIT,savarda01,David Savard,1
202312130MTL,PIT,slafkju01,Juraj Slafkovsky,0
202312130MTL,PIT,stephmi01,Mitchell Stephens,0
202312130MTL,PIT,strubja01,Jayden Struble,1
202312130MTL,PIT,suzukni01,Nick Suzuki,0
202312130MTL,PIT,yloneje01,Jesse YlÃ¶nen,0
202312130MTL,PIT,montesa01,Sam Montembeault,0
