game_id,opponent,player_id,player_name,scored
202312160CBJ,CBJ,bahlke01,Kevin Bahl,0
202312160CBJ,CBJ,bastina01,Nathan Bastian,0
202312160CBJ,CBJ,brattje01,Jesper Bratt,0
202312160CBJ,CBJ,haulaer01,Erik Haula,1
202312160CBJ,CBJ,hischni01,Nico Hischier,1
202312160CBJ,CBJ,holtzal01,Alexander Holtz,0
202312160CBJ,CBJ,hugheja03,Jack Hughes,1
202312160CBJ,CBJ,hughelu01,Luke Hughes,0
202312160CBJ,CBJ,lazarcu01,Curtis Lazar,0
202312160CBJ,CBJ,marinjo01,John Marino,0
202312160CBJ,CBJ,mcleomi01,Michael McLeod,0
202312160CBJ,CBJ,meierti01,Timo Meier,0
202312160CBJ,CBJ,merceda01,Dawson Mercer,0
202312160CBJ,CBJ,milleco02,Colin Miller,0
202312160CBJ,CBJ,nemecsi01,Simon Nemec,0
202312160CBJ,CBJ,palaton01,OndÅej PalÃ¡t,0
202312160CBJ,CBJ,siegejo01,Jonas Siegenthaler,0
202312160CBJ,CBJ,toffoty01,Tyler Toffoli,1
202312160CBJ,CBJ,schmiak01,Akira Schmid,0
202312160CBJ,NJD,bemstem01,Emil BemstrÃ¶m,0
202312160CBJ,NJD,blankni01,Nick Blankenburg,0
202312160CBJ,NJD,chinaye01,Yegor Chinakhov,1
202312160CBJ,NJD,danfoju01,Justin Danforth,0
202312160CBJ,NJD,fantiad01,Adam Fantilli,0
202312160CBJ,NJD,gaudrjo01,Johnny Gaudreau,0
202312160CBJ,NJD,gudbrer01,Erik Gudbranson,0
202312160CBJ,NJD,jiricda01,David JiÅÃ­Äek,0
202312160CBJ,NJD,johnske01,Kent Johnson,0
202312160CBJ,NJD,kuralse01,Sean Kuraly,0
202312160CBJ,NJD,marchki01,Kirill Marchenko,1
202312160CBJ,NJD,olivima01,Mathieu Olivier,0
202312160CBJ,NJD,peekean01,Andrew Peeke,0
202312160CBJ,NJD,provoiv01,Ivan Provorov,0
202312160CBJ,NJD,sillico01,Cole Sillinger,0
202312160CBJ,NJD,texieal01,Alexandre Texier,1
202312160CBJ,NJD,vorondi01,Dmitri Voronkov,0
202312160CBJ,NJD,werenza01,Zach Werenski,0
202312160CBJ,NJD,tarasda02,Daniil Tarasov,0
