game_id,opponent,player_id,player_name,scored
202311240STL,STL,barrity01,Tyson Barrie,0
202311240STL,STL,carrial01,Alexandre Carrier,0
202311240STL,STL,evanglu01,Luke Evangelista,1
202311240STL,STL,forsbfi01,Filip Forsberg,1
202311240STL,STL,foudyli01,Liam Foudy,0
202311240STL,STL,josiro01,Roman Josi,0
202311240STL,STL,lauzoje01,Jeremy Lauzon,0
202311240STL,STL,mccarmi01,Michael McCarron,0
202311240STL,STL,mcdonry01,Ryan McDonagh,0
202311240STL,STL,nyquigu01,Gustav Nyquist,0
202311240STL,STL,oreilry01,Ryan O'Reilly,1
202311240STL,STL,parssju01,Juuso PÃ¤rssinen,0
202311240STL,STL,sherwki01,Kiefer Sherwood,1
202311240STL,STL,sissoco01,Colton Sissons,0
202311240STL,STL,smithco02,Cole Smith,0
202311240STL,STL,stastsp01,Spencer Stastney,1
202311240STL,STL,tomasph01,Philip Tomasino,0
202311240STL,STL,treniya01,Yakov Trenin,1
202311240STL,STL,lankike01,Kevin Lankinen,0
202311240STL,NSH,alexani01,Nikita Alexandrov,0
202311240STL,NSH,blaissa01,Sammy Blais,0
202311240STL,NSH,buchnpa01,Pavel Buchnevich,1
202311240STL,NSH,faulkju01,Justin Faulk,0
202311240STL,NSH,hayeske01,Kevin Hayes,0
202311240STL,NSH,kapanka01,Kasperi Kapanen,0
202311240STL,NSH,krugto01,Torey Krug,0
202311240STL,NSH,kyroujo01,Jordan Kyrou,0
202311240STL,NSH,leddyni01,Nick Leddy,0
202311240STL,NSH,neighja01,Jake Neighbours,1
202311240STL,NSH,parayco01,Colton Parayko,0
202311240STL,NSH,perunsc01,Scott Perunovich,0
202311240STL,NSH,saadbr01,Brandon Saad,0
202311240STL,NSH,scandma01,Marco Scandella,0
202311240STL,NSH,schenbr01,Brayden Schenn,0
202311240STL,NSH,sundqos01,Oskar Sundqvist,0
202311240STL,NSH,thomaro01,Robert Thomas,1
202311240STL,NSH,toropal01,Alexey Toropchenko,0
202311240STL,NSH,binnijo01,Jordan Binnington,0
202311240STL,NSH,hoferjo01,Joel Hofer,0
