game_id,opponent,player_id,player_name,scored
202311250SJS,SJS,amanni01,Nils Ãman,0
202311250SJS,SJS,beauvan01,Anthony Beauvillier,0
202311250SJS,SJS,bluegte01,Teddy Blueger,0
202311250SJS,SJS,boesebr01,Brock Boeser,1
202311250SJS,SJS,coleia01,Ian Cole,0
202311250SJS,SJS,digiuph01,Phillip Di Giuseppe,0
202311250SJS,SJS,friedma01,Mark Friedman,0
202311250SJS,SJS,garlaco01,Conor Garland,0
202311250SJS,SJS,hoglani01,Nils HÃ¶glander,0
202311250SJS,SJS,hronefi01,Filip Hronek,1
202311250SJS,SJS,hughequ01,Quinn Hughes,0
202311250SJS,SJS,joshuda01,Dakota Joshua,0
202311250SJS,SJS,juulsno01,Noah Juulsen,0
202311250SJS,SJS,laffesa01,Sam Lafferty,0
202311250SJS,SJS,mikheil01,Ilya Mikheyev,0
202311250SJS,SJS,millejt01,J.T. Miller,0
202311250SJS,SJS,myersty01,Tyler Myers,0
202311250SJS,SJS,petteel01,Elias Pettersson,0
202311250SJS,SJS,desmica01,Casey DeSmith,0
202311250SJS,VAN,addisca01,Calen Addison,0
202311250SJS,VAN,bennima01,Matt Benning,0
202311250SJS,VAN,burroky01,Kyle Burroughs,0
202311250SJS,VAN,carpery01,Ryan Carpenter,0
202311250SJS,VAN,duclaan01,Anthony Duclair,0
202311250SJS,VAN,eklunwi01,William Eklund,0
202311250SJS,VAN,emberty01,Ty Emberson,1
202311250SJS,VAN,ferrama01,Mario Ferraro,0
202311250SJS,VAN,granlmi01,Mikael Granlund,1
202311250SJS,VAN,hertlto01,TomÃ¡Å¡ Hertl,0
202311250SJS,VAN,hoffmmi02,Mike Hoffman,1
202311250SJS,VAN,kuninlu01,Luke Kunin,0
202311250SJS,VAN,labanke01,Kevin Labanc,0
202311250SJS,VAN,macdoja02,Jacob MacDonald,0
202311250SJS,VAN,smithgi01,Givani Smith,0
202311250SJS,VAN,sturmni01,Nico Sturm,0
202311250SJS,VAN,vlasima01,Marc-Ãdouard Vlasic,0
202311250SJS,VAN,zettefa01,Fabian Zetterlund,1
202311250SJS,VAN,kahkoka01,Kaapo KÃ¤hkÃ¶nen,0
