game_id,opponent,player_id,player_name,scored
202311220DET,DET,bahlke01,Kevin Bahl,0
202311220DET,DET,bastina01,Nathan Bastian,0
202311220DET,DET,brattje01,Jesper Bratt,0
202311220DET,DET,hamildo01,Dougie Hamilton,0
202311220DET,DET,haulaer01,Erik Haula,0
202311220DET,DET,holtzal01,Alexander Holtz,0
202311220DET,DET,hugheja03,Jack Hughes,0
202311220DET,DET,hughelu01,Luke Hughes,0
202311220DET,DET,lazarcu01,Curtis Lazar,0
202311220DET,DET,marinjo01,John Marino,0
202311220DET,DET,mcleomi01,Michael McLeod,0
202311220DET,DET,merceda01,Dawson Mercer,0
202311220DET,DET,milleco02,Colin Miller,0
202311220DET,DET,palaton01,OndÅej PalÃ¡t,0
202311220DET,DET,siegejo01,Jonas Siegenthaler,0
202311220DET,DET,smithbr05,Brendan Smith,0
202311220DET,DET,toffoty01,Tyler Toffoli,0
202311220DET,DET,willmma01,Maxwell Willman,0
202311220DET,DET,vanecvi01,VÃ­tek VanÄÄek,0
202311220DET,NJD,chiarbe01,Ben Chiarot,0
202311220DET,NJD,comphj.01,J.T. Compher,0
202311220DET,NJD,coppan01,Andrew Copp,0
202311220DET,NJD,debrial01,Alex DeBrincat,0
202311220DET,NJD,fabbrro01,Robby Fabbri,1
202311220DET,NJD,fischch01,Christian Fischer,0
202311220DET,NJD,gostish01,Shayne Gostisbehere,0
202311220DET,NJD,hollju01,Justin Holl,0
202311220DET,NJD,larkidy01,Dylan Larkin,1
202311220DET,NJD,maattol01,Olli MÃ¤Ã¤ttÃ¤,0
202311220DET,NJD,perroda01,David Perron,0
202311220DET,NJD,petryje01,Jeff Petry,0
202311220DET,NJD,rasmumi01,Michael Rasmussen,0
202311220DET,NJD,raymolu01,Lucas Raymond,1
202311220DET,NJD,seidemo01,Moritz Seider,1
202311220DET,NJD,spronda01,Daniel Sprong,0
202311220DET,NJD,velenjo01,Joe Veleno,0
202311220DET,NJD,walmaja01,Jake Walman,0
202311220DET,NJD,lyonal01,Alex Lyon,0
