game_id,opponent,player_id,player_name,scored
202312070NYI,NYI,beanja01,Jake Bean,0
202312070NYI,NYI,bemstem01,Emil BemstrÃ¶m,1
202312070NYI,NYI,blankni01,Nick Blankenburg,0
202312070NYI,NYI,chinaye01,Yegor Chinakhov,0
202312070NYI,NYI,danfoju01,Justin Danforth,0
202312070NYI,NYI,fantiad01,Adam Fantilli,1
202312070NYI,NYI,gaudrjo01,Johnny Gaudreau,0
202312070NYI,NYI,jennebo01,Boone Jenner,0
202312070NYI,NYI,jiricda01,David JiÅÃ­Äek,0
202312070NYI,NYI,johnske01,Kent Johnson,0
202312070NYI,NYI,kuralse01,Sean Kuraly,0
202312070NYI,NYI,marchki01,Kirill Marchenko,0
202312070NYI,NYI,olivima01,Mathieu Olivier,0
202312070NYI,NYI,peekean01,Andrew Peeke,0
202312070NYI,NYI,provoiv01,Ivan Provorov,0
202312070NYI,NYI,texieal01,Alexandre Texier,0
202312070NYI,NYI,vorondi01,Dmitri Voronkov,0
202312070NYI,NYI,werenza01,Zach Werenski,0
202312070NYI,NYI,martisp01,Spencer Martin,0
202312070NYI,CBJ,barzama01,Mathew Barzal,1
202312070NYI,CBJ,boldusa01,Samuel Bolduc,0
202312070NYI,CBJ,cizikca01,Casey Cizikas,0
202312070NYI,CBJ,cluttca01,Cal Clutterbuck,1
202312070NYI,CBJ,dobsono01,Noah Dobson,0
202312070NYI,CBJ,engvapi01,Pierre Engvall,1
202312070NYI,CBJ,faschhu01,Hudson Fasching,0
202312070NYI,CBJ,gauthju01,Julien Gauthier,0
202312070NYI,CBJ,holmssi01,Simon HolmstrÃ¶m,0
202312070NYI,CBJ,horvabo01,Bo Horvat,1
202312070NYI,CBJ,leean01,Anders Lee,0
202312070NYI,CBJ,mayfisc01,Scott Mayfield,0
202312070NYI,CBJ,nelsobr01,Brock Nelson,0
202312070NYI,CBJ,pageaje01,Jean-Gabriel Pageau,0
202312070NYI,CBJ,palmiky01,Kyle Palmieri,1
202312070NYI,CBJ,pulocry01,Ryan Pulock,0
202312070NYI,CBJ,reillmi01,Mike Reilly,0
202312070NYI,CBJ,romanal01,Alexander Romanov,0
202312070NYI,CBJ,varlasi01,Semyon Varlamov,0
