game_id,opponent,player_id,player_name,scored
202311040DET,DET,beechjo01,John Beecher,0
202311040DET,DET,carlobr01,Brandon Carlo,0
202311040DET,DET,coylech01,Charlie Coyle,1
202311040DET,DET,debruja01,Jake DeBrusk,0
202311040DET,DET,fredetr01,Trent Frederic,0
202311040DET,DET,geekimo01,Morgan Geekie,0
202311040DET,DET,heineda01,Danton Heinen,0
202311040DET,DET,lindhha01,Hampus Lindholm,0
202311040DET,DET,lohrema01,Mason Lohrei,0
202311040DET,DET,marchbr03,Brad Marchand,0
202311040DET,DET,mitchia01,Ian Mitchell,0
202311040DET,DET,pastrda01,David PastrÅÃ¡k,1
202311040DET,DET,poitrma01,Matthew Poitras,1
202311040DET,DET,shattke01,Kevin Shattenkirk,0
202311040DET,DET,steenos01,Oskar Steen,0
202311040DET,DET,vanrija01,James van Riemsdyk,1
202311040DET,DET,wothepa01,Parker Wotherspoon,0
202311040DET,DET,zachapa01,Pavel Zacha,0
202311040DET,DET,ullmali01,Linus Ullmark,0
202311040DET,BOS,chiarbe01,Ben Chiarot,0
202311040DET,BOS,comphj.01,J.T. Compher,0
202311040DET,BOS,coppan01,Andrew Copp,1
202311040DET,BOS,czarnau01,Austin Czarnik,0
202311040DET,BOS,debrial01,Alex DeBrincat,0
202311040DET,BOS,gostish01,Shayne Gostisbehere,0
202311040DET,BOS,hollju01,Justin Holl,0
202311040DET,BOS,kostikl01,Klim Kostin,0
202311040DET,BOS,larkidy01,Dylan Larkin,1
202311040DET,BOS,maattol01,Olli MÃ¤Ã¤ttÃ¤,0
202311040DET,BOS,perroda01,David Perron,1
202311040DET,BOS,petryje01,Jeff Petry,0
202311040DET,BOS,rasmumi01,Michael Rasmussen,0
202311040DET,BOS,raymolu01,Lucas Raymond,1
202311040DET,BOS,seidemo01,Moritz Seider,0
202311040DET,BOS,spronda01,Daniel Sprong,0
202311040DET,BOS,velenjo01,Joe Veleno,0
202311040DET,BOS,walmaja01,Jake Walman,1
202311040DET,BOS,hussovi01,Ville Husso,0
