game_id,opponent,player_id,player_name,scored
202312030BUF,BUF,evanglu01,Luke Evangelista,0
202312030BUF,BUF,fabbrda01,Dante Fabbro,0
202312030BUF,BUF,forsbfi01,Filip Forsberg,1
202312030BUF,BUF,jankoma01,Mark Jankowski,0
202312030BUF,BUF,josiro01,Roman Josi,0
202312030BUF,BUF,lauzoje01,Jeremy Lauzon,0
202312030BUF,BUF,mccarmi01,Michael McCarron,0
202312030BUF,BUF,mcdonry01,Ryan McDonagh,0
202312030BUF,BUF,nyquigu01,Gustav Nyquist,0
202312030BUF,BUF,oreilry01,Ryan O'Reilly,0
202312030BUF,BUF,parssju01,Juuso PÃ¤rssinen,0
202312030BUF,BUF,schenlu01,Luke Schenn,0
202312030BUF,BUF,sherwki01,Kiefer Sherwood,0
202312030BUF,BUF,sissoco01,Colton Sissons,0
202312030BUF,BUF,smithco02,Cole Smith,0
202312030BUF,BUF,stastsp01,Spencer Stastney,0
202312030BUF,BUF,tomasph01,Philip Tomasino,0
202312030BUF,BUF,treniya01,Yakov Trenin,1
202312030BUF,BUF,sarosju01,Juuse Saros,0
202312030BUF,NSH,bensoza01,Zach Benson,0
202312030BUF,NSH,birobr01,Brandon Biro,0
202312030BUF,NSH,cliftco01,Connor Clifton,0
202312030BUF,NSH,cozendy01,Dylan Cozens,0
202312030BUF,NSH,dahlira01,Rasmus Dahlin,0
202312030BUF,NSH,johnsry03,Ryan Johnson,0
202312030BUF,NSH,jokihhe01,Henri Jokiharju,0
202312030BUF,NSH,jostty01,Tyson Jost,0
202312030BUF,NSH,krebspe01,Peyton Krebs,0
202312030BUF,NSH,mitteca01,Casey Mittelstadt,0
202312030BUF,NSH,okposky01,Kyle Okposo,0
202312030BUF,NSH,olofsvi01,Victor Olofsson,1
202312030BUF,NSH,peterjo01,John-Jason Peterka,0
202312030BUF,NSH,powerow01,Owen Power,0
202312030BUF,NSH,rosenis01,Isak Rosen,0
202312030BUF,NSH,samuema02,Mattias Samuelsson,0
202312030BUF,NSH,skinnje01,Jeff Skinner,0
202312030BUF,NSH,tuchal01,Alex Tuch,0
202312030BUF,NSH,luukkuk01,Ukko-Pekka Luukkonen,0
