game_id,opponent,player_id,player_name,scored
202311150CAR,CAR,atkinca01,Cam Atkinson,0
202311150CAR,CAR,belpelo01,Louis Belpedio,0
202311150CAR,CAR,catesno01,Noah Cates,0
202311150CAR,CAR,coutuse01,Sean Couturier,0
202311150CAR,CAR,deslani01,Nicolas Deslauriers,0
202311150CAR,CAR,farabjo01,Joel Farabee,0
202311150CAR,CAR,foersty01,Tyson Foerster,0
202311150CAR,CAR,frostmo01,Morgan Frost,0
202311150CAR,CAR,hathaga01,Garnet Hathaway,0
202311150CAR,CAR,konectr01,Travis Konecny,1
202311150CAR,CAR,laughsc01,Scott Laughton,0
202311150CAR,CAR,poehlry01,Ryan Poehling,1
202311150CAR,CAR,sanhetr01,Travis Sanheim,0
202311150CAR,CAR,seeleni01,Nick Seeler,0
202311150CAR,CAR,tippeow01,Owen Tippett,1
202311150CAR,CAR,walkese01,Sean Walker,0
202311150CAR,CAR,yorkca01,Cameron York,0
202311150CAR,CAR,zamulye01,Yegor Zamula,0
202311150CAR,CAR,hartca01,Carter Hart,0
202311150CAR,PHI,ahose01,Sebastian Aho,0
202311150CAR,PHI,buntimi01,Michael Bunting,0
202311150CAR,PHI,burnsbr01,Brent Burns,0
202311150CAR,PHI,deangan01,Tony DeAngelo,0
202311150CAR,PHI,druryja01,Jack Drury,0
202311150CAR,PHI,fastje01,Jesper Fast,0
202311150CAR,PHI,jarvise01,Seth Jarvis,0
202311150CAR,PHI,kotkaje01,Jesperi Kotkaniemi,0
202311150CAR,PHI,martijo01,Jordan Martinook,0
202311150CAR,PHI,necasma01,Martin NeÄas,0
202311150CAR,PHI,noesest01,Stefan Noesen,1
202311150CAR,PHI,orlovdm01,Dmitry Orlov,0
202311150CAR,PHI,pescebr01,Brett Pesce,0
202311150CAR,PHI,skjeibr01,Brady Skjei,0
202311150CAR,PHI,slavija01,Jaccob Slavin,0
202311150CAR,PHI,staaljo01,Jordan Staal,0
202311150CAR,PHI,svechan01,Andrei Svechnikov,0
202311150CAR,PHI,teravte01,Teuvo TerÃ¤vÃ¤inen,0
202311150CAR,PHI,kochepy01,Pyotr Kochetkov,0
