game_id,opponent,player_id,player_name,scored
202310210MIN,MIN,beanja01,Jake Bean,0
202310210MIN,MIN,bemstem01,Emil BemstrÃ¶m,0
202310210MIN,MIN,danfoju01,Justin Danforth,1
202310210MIN,MIN,fantiad01,Adam Fantilli,1
202310210MIN,MIN,gaudrjo01,Johnny Gaudreau,0
202310210MIN,MIN,gudbrer01,Erik Gudbranson,0
202310210MIN,MIN,jennebo01,Boone Jenner,1
202310210MIN,MIN,jiricda01,David JiÅÃ­Äek,0
202310210MIN,MIN,johnske01,Kent Johnson,1
202310210MIN,MIN,kuralse01,Sean Kuraly,0
202310210MIN,MIN,marchki01,Kirill Marchenko,0
202310210MIN,MIN,olivima01,Mathieu Olivier,0
202310210MIN,MIN,provoiv01,Ivan Provorov,0
202310210MIN,MIN,rosloja01,Jack Roslovic,1
202310210MIN,MIN,severda01,Damon Severson,0
202310210MIN,MIN,sillico01,Cole Sillinger,0
202310210MIN,MIN,texieal01,Alexandre Texier,0
202310210MIN,MIN,werenza01,Zach Werenski,0
202310210MIN,MIN,merzlel01,Elvis MerzÄ¼ikins,0
202310210MIN,CBJ,addisca01,Calen Addison,0
202310210MIN,CBJ,brodijo01,Jonas Brodin,1
202310210MIN,CBJ,dewarco01,Connor Dewar,0
202310210MIN,CBJ,duhaibr01,Brandon Duhaime,0
202310210MIN,CBJ,eriksjo02,Joel Eriksson Ek,0
202310210MIN,CBJ,faberbr01,Brock Faber,0
202310210MIN,CBJ,foligma01,Marcus Foligno,0
202310210MIN,CBJ,gaudrfr01,FrÃ©dÃ©rick Gaudreau,0
202310210MIN,CBJ,hartmry01,Ryan Hartman,0
202310210MIN,CBJ,johanma03,Marcus Johansson,1
202310210MIN,CBJ,kapriki01,Kirill Kaprizov,0
202310210MIN,CBJ,maroopa01,Pat Maroon,0
202310210MIN,CBJ,mermida01,Dakota Mermis,1
202310210MIN,CBJ,merrijo01,Jonathon Merrill,0
202310210MIN,CBJ,middlja01,Jacob Middleton,0
202310210MIN,CBJ,rossima01,Marco Rossi,0
202310210MIN,CBJ,walkesa01,Samuel Walker,0
202310210MIN,CBJ,zuccama01,Mats Zuccarello,1
202310210MIN,CBJ,gustafi01,Filip Gustavsson,0
