game_id,opponent,player_id,player_name,scored
202312200WSH,WSH,ahose02,Sebastian Aho,0
202312200WSH,WSH,barzama01,Mathew Barzal,0
202312200WSH,WSH,boldusa01,Samuel Bolduc,0
202312200WSH,WSH,borturo01,Robert Bortuzzo,0
202312200WSH,WSH,cizikca01,Casey Cizikas,0
202312200WSH,WSH,cluttca01,Cal Clutterbuck,0
202312200WSH,WSH,dobsono01,Noah Dobson,0
202312200WSH,WSH,engvapi01,Pierre Engvall,0
202312200WSH,WSH,faschhu01,Hudson Fasching,1
202312200WSH,WSH,holmssi01,Simon HolmstrÃ¶m,0
202312200WSH,WSH,horvabo01,Bo Horvat,0
202312200WSH,WSH,leean01,Anders Lee,1
202312200WSH,WSH,nelsobr01,Brock Nelson,0
202312200WSH,WSH,pageaje01,Jean-Gabriel Pageau,0
202312200WSH,WSH,palmiky01,Kyle Palmieri,0
202312200WSH,WSH,reillmi01,Mike Reilly,0
202312200WSH,WSH,romanal01,Alexander Romanov,0
202312200WSH,WSH,wahlsol01,Oliver Wahlstrom,0
202312200WSH,WSH,varlasi01,Semyon Varlamov,0
202312200WSH,NYI,aubekni01,Nicolas AubÃ©-Kubel,0
202312200WSH,NYI,carlsjo01,John Carlson,0
202312200WSH,NYI,dowdni01,Nic Dowd,0
202312200WSH,NYI,edmunjo01,Joel Edmundson,1
202312200WSH,NYI,feherma01,Martin FehÃ©rvÃ¡ry,0
202312200WSH,NYI,jenseni02,Nick Jensen,0
202312200WSH,NYI,kuzneev01,Evgeny Kuznetsov,0
202312200WSH,NYI,lapiehe01,Hendrix Lapierre,1
202312200WSH,NYI,malenbe01,Beck Malenstyn,0
202312200WSH,NYI,manthan01,Anthony Mantha,0
202312200WSH,NYI,mirosiv01,Ivan Miroshnichenko,0
202312200WSH,NYI,ovechal01,Alex Ovechkin,0
202312200WSH,NYI,phillma01,Matthew Phillips,0
202312200WSH,NYI,protaal01,Aliaksei Protas,0
202312200WSH,NYI,sandira01,Rasmus Sandin,0
202312200WSH,NYI,stromdy01,Dylan Strome,1
202312200WSH,NYI,vanritr01,Trevor van Riemsdyk,0
202312200WSH,NYI,wilsoto01,Tom Wilson,0
202312200WSH,NYI,kuempda01,Darcy Kuemper,0
