game_id,opponent,player_id,player_name,scored
202311280NSH,NSH,acciano01,Noel Acciari,0
202311280NSH,NSH,carteje01,Jeff Carter,0
202311280NSH,NSH,crosbsi01,Sidney Crosby,0
202311280NSH,NSH,ellerla01,Lars Eller,0
202311280NSH,NSH,gravery01,Ryan Graves,0
202311280NSH,NSH,guentja01,Jake Guentzel,0
202311280NSH,NSH,harkija01,Jansen Harkins,0
202311280NSH,NSH,karlser01,Erik Karlsson,0
202311280NSH,NSH,letankr01,Kris Letang,0
202311280NSH,NSH,ludvijo01,John Ludvig,0
202311280NSH,NSH,malkiev01,Evgeni Malkin,1
202311280NSH,NSH,nietoma01,Matthew Nieto,0
202311280NSH,NSH,oconndr01,Drew O'Connor,0
202311280NSH,NSH,pettema01,Marcus Pettersson,0
202311280NSH,NSH,rustbr01,Bryan Rust,1
202311280NSH,NSH,sheary01,Ryan Shea,0
202311280NSH,NSH,smithre01,Reilly Smith,0
202311280NSH,NSH,zohorra01,Radim Zohorna,0
202311280NSH,NSH,jarrytr01,Tristan Jarry,0
202311280NSH,PIT,barrity01,Tyson Barrie,0
202311280NSH,PIT,carrial01,Alexandre Carrier,0
202311280NSH,PIT,evanglu01,Luke Evangelista,0
202311280NSH,PIT,fabbrda01,Dante Fabbro,0
202311280NSH,PIT,forsbfi01,Filip Forsberg,1
202311280NSH,PIT,josiro01,Roman Josi,0
202311280NSH,PIT,lauzoje01,Jeremy Lauzon,0
202311280NSH,PIT,mccarmi01,Michael McCarron,1
202311280NSH,PIT,mcdonry01,Ryan McDonagh,0
202311280NSH,PIT,nyquigu01,Gustav Nyquist,0
202311280NSH,PIT,oreilry01,Ryan O'Reilly,0
202311280NSH,PIT,parssju01,Juuso PÃ¤rssinen,0
202311280NSH,PIT,schenlu01,Luke Schenn,0
202311280NSH,PIT,sherwki01,Kiefer Sherwood,0
202311280NSH,PIT,sissoco01,Colton Sissons,0
202311280NSH,PIT,smithco02,Cole Smith,0
202311280NSH,PIT,tomasph01,Philip Tomasino,0
202311280NSH,PIT,treniya01,Yakov Trenin,0
202311280NSH,PIT,sarosju01,Juuse Saros,0
