game_id,opponent,player_id,player_name,scored
202311040SEA,SEA,anderra01,Rasmus Andersson,1
202311040SEA,SEA,backlmi01,Mikael Backlund,1
202311040SEA,SEA,colembl01,Blake Coleman,0
202311040SEA,SEA,desimni01,Nick DeSimone,0
202311040SEA,SEA,dubedi01,Dillon DubÃ©,0
202311040SEA,SEA,duehrwa01,Walker Duehr,0
202311040SEA,SEA,greeraj01,A.J. Greer,0
202311040SEA,SEA,hanifno01,Noah Hanifin,1
202311040SEA,SEA,huberjo01,Jonathan Huberdeau,0
202311040SEA,SEA,kadrina01,Nazem Kadri,0
202311040SEA,SEA,lindhel01,Elias Lindholm,0
202311040SEA,SEA,mangian01,Andrew Mangiapane,0
202311040SEA,SEA,pospima01,Martin Pospisil,1
202311040SEA,SEA,sharaye01,Yegor Sharangovich,1
202311040SEA,SEA,tanevch01,Chris Tanev,0
202311040SEA,SEA,weegama01,MacKenzie Weegar,0
202311040SEA,SEA,zadorni01,Nikita Zadorov,0
202311040SEA,SEA,zaryco01,Connor Zary,0
202311040SEA,SEA,vladada01,Daniel VladaÅ,0
202311040SEA,CGY,bellepi01,Pierre-Ãdouard Bellemare,0
202311040SEA,CGY,beniema01,Matthew Beniers,0
202311040SEA,CGY,bjorkol01,Oliver Bjorkstrand,1
202311040SEA,CGY,borgewi01,William Borgen,0
202311040SEA,CGY,dumoubr01,Brian Dumoulin,0
202311040SEA,CGY,dunnvi02,Vince Dunn,0
202311040SEA,CGY,eberljo01,Jordan Eberle,0
202311040SEA,CGY,gourdya01,Yanni Gourde,0
202311040SEA,CGY,kartyty01,Tye Kartye,0
202311040SEA,CGY,larssad01,Adam Larsson,0
202311040SEA,CGY,mccanja01,Jared McCann,0
202311040SEA,CGY,oleksja01,Jamie Oleksiak,0
202311040SEA,CGY,schulju01,Justin Schultz,0
202311040SEA,CGY,schwaja01,Jaden Schwartz,1
202311040SEA,CGY,shorede01,Devin Shore,0
202311040SEA,CGY,tolvaee01,Eeli Tolvanen,1
202311040SEA,CGY,wennbal01,Alexander Wennberg,0
202311040SEA,CGY,yamamka01,Kailer Yamamoto,0
202311040SEA,CGY,grubaph01,Philipp Grubauer,0
