game_id,opponent,player_id,player_name,scored
202311250PIT,PIT,benoisi01,Simon Benoit,0
202311250PIT,PIT,bertuty01,Tyler Bertuzzi,1
202311250PIT,PIT,broditj01,T.J. Brodie,0
202311250PIT,PIT,domima01,Max Domi,0
202311250PIT,PIT,giordma01,Mark Giordano,0
202311250PIT,PIT,gregono01,Noah Gregor,0
202311250PIT,PIT,jarnkca01,Calle JÃ¤rnkrok,0
202311250PIT,PIT,kampfda01,David KÃ¤mpf,0
202311250PIT,PIT,kniesma01,Matthew Knies,1
202311250PIT,PIT,lageswi01,William Lagesson,0
202311250PIT,PIT,marnemi01,Mitch Marner,0
202311250PIT,PIT,matthau01,Auston Matthews,0
202311250PIT,PIT,mccabja01,Jake McCabe,0
202311250PIT,PIT,nylanwi01,William Nylander,0
202311250PIT,PIT,riellmo01,Morgan Rielly,0
202311250PIT,PIT,roberni01,Nicholas Robertson,0
202311250PIT,PIT,tavarjo01,John Tavares,0
202311250PIT,PIT,timmico01,Conor Timmins,0
202311250PIT,PIT,wolljo01,Joseph Woll,0
202311250PIT,TOR,acciano01,Noel Acciari,1
202311250PIT,TOR,carteje01,Jeff Carter,0
202311250PIT,TOR,crosbsi01,Sidney Crosby,0
202311250PIT,TOR,ellerla01,Lars Eller,0
202311250PIT,TOR,gravery01,Ryan Graves,0
202311250PIT,TOR,guentja01,Jake Guentzel,1
202311250PIT,TOR,harkija01,Jansen Harkins,0
202311250PIT,TOR,karlser01,Erik Karlsson,1
202311250PIT,TOR,letankr01,Kris Letang,0
202311250PIT,TOR,ludvijo01,John Ludvig,0
202311250PIT,TOR,malkiev01,Evgeni Malkin,0
202311250PIT,TOR,nietoma01,Matthew Nieto,0
202311250PIT,TOR,nylanal01,Alexander Nylander,0
202311250PIT,TOR,oconndr01,Drew O'Connor,0
202311250PIT,TOR,pettema01,Marcus Pettersson,0
202311250PIT,TOR,sheary01,Ryan Shea,0
202311250PIT,TOR,smithre01,Reilly Smith,0
202311250PIT,TOR,zohorra01,Radim Zohorna,0
202311250PIT,TOR,jarrytr01,Tristan Jarry,0
