game_id,opponent,player_id,player_name,scored
202312020CAR,CAR,bensoza01,Zach Benson,0
202312020CAR,CAR,birobr01,Brandon Biro,0
202312020CAR,CAR,cliftco01,Connor Clifton,0
202312020CAR,CAR,cozendy01,Dylan Cozens,0
202312020CAR,CAR,dahlira01,Rasmus Dahlin,0
202312020CAR,CAR,greenjo02,Jordan Greenway,0
202312020CAR,CAR,johnser01,Erik Johnson,0
202312020CAR,CAR,jokihhe01,Henri Jokiharju,0
202312020CAR,CAR,jostty01,Tyson Jost,1
202312020CAR,CAR,krebspe01,Peyton Krebs,0
202312020CAR,CAR,mitteca01,Casey Mittelstadt,1
202312020CAR,CAR,okposky01,Kyle Okposo,0
202312020CAR,CAR,olofsvi01,Victor Olofsson,0
202312020CAR,CAR,peterjo01,John-Jason Peterka,0
202312020CAR,CAR,powerow01,Owen Power,0
202312020CAR,CAR,samuema02,Mattias Samuelsson,0
202312020CAR,CAR,skinnje01,Jeff Skinner,0
202312020CAR,CAR,tuchal01,Alex Tuch,0
202312020CAR,CAR,comrier01,Eric Comrie,0
202312020CAR,BUF,ahose01,Sebastian Aho,1
202312020CAR,BUF,buntimi01,Michael Bunting,0
202312020CAR,BUF,burnsbr01,Brent Burns,0
202312020CAR,BUF,chatfja01,Jalen Chatfield,0
202312020CAR,BUF,druryja01,Jack Drury,1
202312020CAR,BUF,fastje01,Jesper Fast,0
202312020CAR,BUF,jarvise01,Seth Jarvis,0
202312020CAR,BUF,kotkaje01,Jesperi Kotkaniemi,0
202312020CAR,BUF,martijo01,Jordan Martinook,0
202312020CAR,BUF,necasma01,Martin NeÄas,0
202312020CAR,BUF,noesest01,Stefan Noesen,1
202312020CAR,BUF,orlovdm01,Dmitry Orlov,0
202312020CAR,BUF,pescebr01,Brett Pesce,0
202312020CAR,BUF,skjeibr01,Brady Skjei,1
202312020CAR,BUF,slavija01,Jaccob Slavin,0
202312020CAR,BUF,staaljo01,Jordan Staal,0
202312020CAR,BUF,svechan01,Andrei Svechnikov,0
202312020CAR,BUF,teravte01,Teuvo TerÃ¤vÃ¤inen,1
202312020CAR,BUF,kochepy01,Pyotr Kochetkov,0
