game_id,opponent,player_id,player_name,scored
202311160LAK,LAK,balinuv01,Uvis Balinskis,0
202311160LAK,LAK,barkoal01,Aleksander Barkov,0
202311160LAK,LAK,bennesa01,Sam Bennett,0
202311160LAK,LAK,cousini01,Nick Cousins,0
202311160LAK,LAK,ekmanol01,Oliver Ekman-Larsson,0
202311160LAK,LAK,forslgu02,Gustav Forsling,0
202311160LAK,LAK,kulikdm01,Dmitry Kulikov,0
202311160LAK,LAK,lombery01,Ryan Lomberg,0
202311160LAK,LAK,lorenst01,Steven Lorentz,0
202311160LAK,LAK,lundean01,Anton Lundell,0
202311160LAK,LAK,luostee01,Eetu Luostarinen,0
202311160LAK,LAK,mahurjo01,Josh Mahura,0
202311160LAK,LAK,mikkoni01,Niko Mikkola,0
202311160LAK,LAK,reinhsa01,Sam Reinhart,1
202311160LAK,LAK,rodriev01,Evan Rodrigues,0
202311160LAK,LAK,stenlke01,Kevin Stenlund,0
202311160LAK,LAK,tkachma01,Matthew Tkachuk,0
202311160LAK,LAK,verhaca01,Carter Verhaeghe,0
202311160LAK,LAK,bobrose01,Sergei Bobrovsky,0
202311160LAK,FLA,andermi02,Michael Anderson,0
202311160LAK,FLA,anderja01,Jaret Anderson-Dolan,0
202311160LAK,FLA,byfiequ01,Quinton Byfield,0
202311160LAK,FLA,danauph01,Phillip Danault,0
202311160LAK,FLA,doughdr01,Drew Doughty,0
202311160LAK,FLA,duboipi01,Pierre-Luc Dubois,0
202311160LAK,FLA,engluan01,Andreas Englund,0
202311160LAK,FLA,fialake01,Kevin Fiala,1
202311160LAK,FLA,gavrivl01,Vladislav Gavrikov,0
202311160LAK,FLA,grundca01,Carl GrundstrÃ¶m,0
202311160LAK,FLA,kaliyar01,Arthur Kaliyev,0
202311160LAK,FLA,kempead01,Adrian Kempe,0
202311160LAK,FLA,kopitan01,AnÅ¾e Kopitar,1
202311160LAK,FLA,lewistr01,Trevor Lewis,0
202311160LAK,FLA,lizotbl01,Blake Lizotte,0
202311160LAK,FLA,mooretr01,Trevor Moore,0
202311160LAK,FLA,royma04,Matt Roy,0
202311160LAK,FLA,spencjo01,Jordan Spence,0
202311160LAK,FLA,talboca01,Cam Talbot,0
