game_id,opponent,player_id,player_name,scored
202311280VAN,VAN,carrisa01,Sam Carrick,0
202311280VAN,VAN,fowleca01,Cam Fowler,0
202311280VAN,VAN,groulbe01,Benoit-Olivier Groulx,0
202311280VAN,VAN,henriad01,Adam Henrique,0
202311280VAN,VAN,johnsro02,Ross Johnston,0
202311280VAN,VAN,jonesma03,Max Jones,0
202311280VAN,VAN,killoal01,Alex Killorn,0
202311280VAN,VAN,lacomja01,Jackson LaCombe,0
202311280VAN,VAN,luneatr01,Tristan Luneau,0
202311280VAN,VAN,lyubuil01,Ilya Lyubushkin,0
202311280VAN,VAN,mcginbr01,Brock McGinn,0
202311280VAN,VAN,mctavma01,Mason McTavish,0
202311280VAN,VAN,mintypa01,Pavel Mintyukov,0
202311280VAN,VAN,silfvja01,Jakob Silfverberg,0
202311280VAN,VAN,stromry01,Ryan Strome,1
202311280VAN,VAN,terrytr01,Troy Terry,0
202311280VAN,VAN,vaakaur01,Urho Vaakanainen,0
202311280VAN,VAN,vatrafr01,Frank Vatrano,0
202311280VAN,VAN,gibsojo02,John Gibson,0
202311280VAN,ANA,amanni01,Nils Ãman,0
202311280VAN,ANA,bluegte01,Teddy Blueger,0
202311280VAN,ANA,boesebr01,Brock Boeser,1
202311280VAN,ANA,coleia01,Ian Cole,0
202311280VAN,ANA,digiuph01,Phillip Di Giuseppe,0
202311280VAN,ANA,garlaco01,Conor Garland,0
202311280VAN,ANA,hoglani01,Nils HÃ¶glander,0
202311280VAN,ANA,hronefi01,Filip Hronek,0
202311280VAN,ANA,hughequ01,Quinn Hughes,0
202311280VAN,ANA,joshuda01,Dakota Joshua,0
202311280VAN,ANA,juulsno01,Noah Juulsen,0
202311280VAN,ANA,kuzmean01,Andrei Kuzmenko,0
202311280VAN,ANA,laffesa01,Sam Lafferty,0
202311280VAN,ANA,mcwarco01,Cole McWard,0
202311280VAN,ANA,mikheil01,Ilya Mikheyev,0
202311280VAN,ANA,millejt01,J.T. Miller,0
202311280VAN,ANA,myersty01,Tyler Myers,0
202311280VAN,ANA,petteel01,Elias Pettersson,1
202311280VAN,ANA,demkoth01,Thatcher Demko,0
