game_id,opponent,player_id,player_name,scored
202311220CBJ,CBJ,bedarco01,Connor Bedard,1
202311220CBJ,CBJ,dickija01,Jason Dickinson,1
202311220CBJ,CBJ,donatry01,Ryan Donato,0
202311220CBJ,CBJ,entwima01,Mackenzie Entwistle,0
202311220CBJ,CBJ,foligni01,Nick Foligno,0
202311220CBJ,CBJ,johnsre01,Reese Johnson,1
202311220CBJ,CBJ,johnsty01,Tyler Johnson,0
202311220CBJ,CBJ,jonesse01,Seth Jones,0
202311220CBJ,CBJ,kaisewy01,Wyatt Kaiser,0
202311220CBJ,CBJ,katchbo01,Boris Katchouk,0
202311220CBJ,CBJ,korchke01,Kevin Korchinski,0
202311220CBJ,CBJ,kurasph01,Philipp Kurashev,0
202311220CBJ,CBJ,murphco02,Connor Murphy,0
202311220CBJ,CBJ,phillis01,Isaak Phillips,0
202311220CBJ,CBJ,raddyta01,Taylor Raddysh,0
202311220CBJ,CBJ,reichlu01,Lukas Reichel,0
202311220CBJ,CBJ,vlasial01,Alex Vlasic,0
202311220CBJ,CBJ,zaitsni01,Nikita Zaitsev,0
202311220CBJ,CBJ,mrazepe01,Petr MrÃ¡zek,0
202311220CBJ,CBJ,soderar01,Arvid SÃ¶derblom,0
202311220CBJ,CHI,beanja01,Jake Bean,0
202311220CBJ,CHI,boqviad01,Adam Boqvist,0
202311220CBJ,CHI,chinaye01,Yegor Chinakhov,0
202311220CBJ,CHI,danfoju01,Justin Danforth,0
202311220CBJ,CHI,fantiad01,Adam Fantilli,0
202311220CBJ,CHI,gaudrjo01,Johnny Gaudreau,0
202311220CBJ,CHI,gudbrer01,Erik Gudbranson,1
202311220CBJ,CHI,jennebo01,Boone Jenner,1
202311220CBJ,CHI,jiricda01,David JiÅÃ­Äek,0
202311220CBJ,CHI,kuralse01,Sean Kuraly,0
202311220CBJ,CHI,lainepa01,Patrik Laine,1
202311220CBJ,CHI,marchki01,Kirill Marchenko,1
202311220CBJ,CHI,olivima01,Mathieu Olivier,0
202311220CBJ,CHI,provoiv01,Ivan Provorov,0
202311220CBJ,CHI,robiner01,Eric Robinson,0
202311220CBJ,CHI,sillico01,Cole Sillinger,1
202311220CBJ,CHI,vorondi01,Dmitri Voronkov,1
202311220CBJ,CHI,werenza01,Zach Werenski,0
202311220CBJ,CHI,merzlel01,Elvis MerzÄ¼ikins,0
