game_id,opponent,player_id,player_name,scored
202311280PHI,PHI,ahose01,Sebastian Aho,0
202311280PHI,PHI,buntimi01,Michael Bunting,1
202311280PHI,PHI,burnsbr01,Brent Burns,0
202311280PHI,PHI,chatfja01,Jalen Chatfield,0
202311280PHI,PHI,druryja01,Jack Drury,0
202311280PHI,PHI,fastje01,Jesper Fast,0
202311280PHI,PHI,jarvise01,Seth Jarvis,1
202311280PHI,PHI,kotkaje01,Jesperi Kotkaniemi,1
202311280PHI,PHI,lemiebr01,Brendan Lemieux,1
202311280PHI,PHI,martijo01,Jordan Martinook,0
202311280PHI,PHI,necasma01,Martin NeÄas,0
202311280PHI,PHI,noesest01,Stefan Noesen,0
202311280PHI,PHI,orlovdm01,Dmitry Orlov,0
202311280PHI,PHI,pescebr01,Brett Pesce,0
202311280PHI,PHI,skjeibr01,Brady Skjei,0
202311280PHI,PHI,slavija01,Jaccob Slavin,0
202311280PHI,PHI,staaljo01,Jordan Staal,0
202311280PHI,PHI,teravte01,Teuvo TerÃ¤vÃ¤inen,0
202311280PHI,PHI,kochepy01,Pyotr Kochetkov,0
202311280PHI,CAR,atkinca01,Cam Atkinson,0
202311280PHI,CAR,brinkbo01,Bobby Brink,0
202311280PHI,CAR,coutuse01,Sean Couturier,0
202311280PHI,CAR,deslani01,Nicolas Deslauriers,0
202311280PHI,CAR,farabjo01,Joel Farabee,0
202311280PHI,CAR,foersty01,Tyson Foerster,0
202311280PHI,CAR,frostmo01,Morgan Frost,0
202311280PHI,CAR,hathaga01,Garnet Hathaway,0
202311280PHI,CAR,konectr01,Travis Konecny,1
202311280PHI,CAR,laughsc01,Scott Laughton,0
202311280PHI,CAR,poehlry01,Ryan Poehling,0
202311280PHI,CAR,ristora01,Rasmus Ristolainen,0
202311280PHI,CAR,sanhetr01,Travis Sanheim,0
202311280PHI,CAR,seeleni01,Nick Seeler,0
202311280PHI,CAR,staalma01,Marc Staal,0
202311280PHI,CAR,tippeow01,Owen Tippett,0
202311280PHI,CAR,walkese01,Sean Walker,0
202311280PHI,CAR,yorkca01,Cameron York,0
202311280PHI,CAR,hartca01,Carter Hart,0
