game_id,opponent,player_id,player_name,scored
202312120PIT,PIT,bjugsni01,Nick Bjugstad,0
202312120PIT,PIT,carcomi01,Michael Carcone,0
202312120PIT,PIT,coolelo01,Logan Cooley,0
202312120PIT,PIT,crousla01,Lawson Crouse,1
202312120PIT,PIT,dermotr01,Travis Dermott,0
202312120PIT,PIT,dumbama01,Mathew Dumba,0
202312120PIT,PIT,kelemmi01,MiloÅ¡ Kelemen,0
202312120PIT,PIT,kellecl01,Clayton Keller,0
202312120PIT,PIT,kerfoal01,Alexander Kerfoot,0
202312120PIT,PIT,kessemi01,Michael Kesselring,0
202312120PIT,PIT,maccema01,Matias Maccelli,1
202312120PIT,PIT,moserja01,J.J. Moser,0
202312120PIT,PIT,obrieli01,Liam O'Brien,0
202312120PIT,PIT,sanfoza01,Zach Sanford,0
202312120PIT,PIT,schmani01,Nick Schmaltz,0
202312120PIT,PIT,stechtr01,Troy Stecher,0
202312120PIT,PIT,valimju01,Juuso VÃ¤limÃ¤ki,0
202312120PIT,PIT,zuckeja01,Jason Zucker,0
202312120PIT,PIT,ingraco01,Connor Ingram,0
202312120PIT,ARI,carteje01,Jeff Carter,1
202312120PIT,ARI,crosbsi01,Sidney Crosby,0
202312120PIT,ARI,ellerla01,Lars Eller,0
202312120PIT,ARI,gravery01,Ryan Graves,0
202312120PIT,ARI,grudejo02,Jonathan Gruden,0
202312120PIT,ARI,guentja01,Jake Guentzel,1
202312120PIT,ARI,harkija01,Jansen Harkins,0
202312120PIT,ARI,hinosvi01,Vinnie Hinostroza,0
202312120PIT,ARI,joseppi01,Pierre-Olivier Joseph,0
202312120PIT,ARI,karlser01,Erik Karlsson,0
202312120PIT,ARI,letankr01,Kris Letang,0
202312120PIT,ARI,ludvijo01,John Ludvig,0
202312120PIT,ARI,malkiev01,Evgeni Malkin,0
202312120PIT,ARI,oconndr01,Drew O'Connor,0
202312120PIT,ARI,pettema01,Marcus Pettersson,0
202312120PIT,ARI,puustva01,Valtteri Puustinen,0
202312120PIT,ARI,smithre01,Reilly Smith,0
202312120PIT,ARI,zohorra01,Radim Zohorna,0
202312120PIT,ARI,jarrytr01,Tristan Jarry,0
