game_id,opponent,player_id,player_name,scored
202310140VEG,VEG,carrisa01,Sam Carrick,0
202310140VEG,VEG,drysdja01,Jamie Drysdale,0
202310140VEG,VEG,fowleca01,Cam Fowler,0
202310140VEG,VEG,groulbe01,Benoit-Olivier Groulx,0
202310140VEG,VEG,gudasra01,Radko Gudas,0
202310140VEG,VEG,henriad01,Adam Henrique,0
202310140VEG,VEG,johnsro02,Ross Johnston,0
202310140VEG,VEG,jonesma03,Max Jones,0
202310140VEG,VEG,lacomja01,Jackson LaCombe,0
202310140VEG,VEG,leasobr01,Brett Leason,0
202310140VEG,VEG,lyubuil01,Ilya Lyubushkin,0
202310140VEG,VEG,mctavma01,Mason McTavish,1
202310140VEG,VEG,mintypa01,Pavel Mintyukov,0
202310140VEG,VEG,silfvja01,Jakob Silfverberg,0
202310140VEG,VEG,stromry01,Ryan Strome,0
202310140VEG,VEG,terrytr01,Troy Terry,0
202310140VEG,VEG,vatrafr01,Frank Vatrano,0
202310140VEG,VEG,zegratr01,Trevor Zegras,0
202310140VEG,VEG,gibsojo02,John Gibson,0
202310140VEG,ANA,amadimi01,Michael Amadio,0
202310140VEG,ANA,barbaiv01,Ivan Barbashev,0
202310140VEG,ANA,cottepa01,Paul Cotter,0
202310140VEG,ANA,dorofpa01,Pavel Dorofeyev,0
202310140VEG,ANA,eicheja01,Jack Eichel,1
202310140VEG,ANA,hagueni01,Nicolas Hague,0
202310140VEG,ANA,huttobe01,Ben Hutton,0
202310140VEG,ANA,karlswi01,William Karlsson,0
202310140VEG,ANA,koleske01,Keegan Kolesar,0
202310140VEG,ANA,korczka01,Kaedan Korczak,0
202310140VEG,ANA,audymjo01,Jonathan Marchessault,0
202310140VEG,ANA,mcnabbr01,Brayden McNabb,0
202310140VEG,ANA,pachabr01,Brayden Pachal,0
202310140VEG,ANA,royni01,Nicolas Roy,0
202310140VEG,ANA,rondbjo01,Jonas RÃ¸ndbjerg,1
202310140VEG,ANA,stephch02,Chandler Stephenson,1
202310140VEG,ANA,stonema01,Mark Stone,0
202310140VEG,ANA,theodsh01,Shea Theodore,1
202310140VEG,ANA,hillad01,Adin Hill,0
