game_id,opponent,player_id,player_name,scored
202311020SEA,SEA,barrity01,Tyson Barrie,0
202311020SEA,SEA,carrial01,Alexandre Carrier,0
202311020SEA,SEA,evanglu01,Luke Evangelista,0
202311020SEA,SEA,fabbrda01,Dante Fabbro,0
202311020SEA,SEA,fagemsa01,Samuel Fagemo,0
202311020SEA,SEA,forsbfi01,Filip Forsberg,0
202311020SEA,SEA,foudyli01,Liam Foudy,0
202311020SEA,SEA,josiro01,Roman Josi,1
202311020SEA,SEA,lauzoje01,Jeremy Lauzon,0
202311020SEA,SEA,mcdonry01,Ryan McDonagh,0
202311020SEA,SEA,novakth01,Thomas Novak,1
202311020SEA,SEA,nyquigu01,Gustav Nyquist,0
202311020SEA,SEA,oreilry01,Ryan O'Reilly,0
202311020SEA,SEA,parssju01,Juuso PÃ¤rssinen,0
202311020SEA,SEA,sherwki01,Kiefer Sherwood,0
202311020SEA,SEA,sissoco01,Colton Sissons,0
202311020SEA,SEA,smithco02,Cole Smith,0
202311020SEA,SEA,treniya01,Yakov Trenin,0
202311020SEA,SEA,sarosju01,Juuse Saros,0
202311020SEA,NSH,bellepi01,Pierre-Ãdouard Bellemare,0
202311020SEA,NSH,beniema01,Matthew Beniers,0
202311020SEA,NSH,bjorkol01,Oliver Bjorkstrand,1
202311020SEA,NSH,borgewi01,William Borgen,0
202311020SEA,NSH,dumoubr01,Brian Dumoulin,1
202311020SEA,NSH,dunnvi02,Vince Dunn,1
202311020SEA,NSH,eberljo01,Jordan Eberle,0
202311020SEA,NSH,gourdya01,Yanni Gourde,0
202311020SEA,NSH,kartyty01,Tye Kartye,0
202311020SEA,NSH,larssad01,Adam Larsson,0
202311020SEA,NSH,mccanja01,Jared McCann,1
202311020SEA,NSH,oleksja01,Jamie Oleksiak,0
202311020SEA,NSH,schulju01,Justin Schultz,0
202311020SEA,NSH,schwaja01,Jaden Schwartz,0
202311020SEA,NSH,shorede01,Devin Shore,0
202311020SEA,NSH,tolvaee01,Eeli Tolvanen,0
202311020SEA,NSH,wennbal01,Alexander Wennberg,0
202311020SEA,NSH,yamamka01,Kailer Yamamoto,0
202311020SEA,NSH,grubaph01,Philipp Grubauer,0
