game_id,opponent,player_id,player_name,scored
202311180CAR,CAR,acciano01,Noel Acciari,0
202311180CAR,CAR,crosbsi01,Sidney Crosby,1
202311180CAR,CAR,ellerla01,Lars Eller,0
202311180CAR,CAR,gravery01,Ryan Graves,0
202311180CAR,CAR,guentja01,Jake Guentzel,0
202311180CAR,CAR,hinosvi01,Vinnie Hinostroza,0
202311180CAR,CAR,karlser01,Erik Karlsson,0
202311180CAR,CAR,letankr01,Kris Letang,0
202311180CAR,CAR,malkiev01,Evgeni Malkin,0
202311180CAR,CAR,nietoma01,Matthew Nieto,0
202311180CAR,CAR,oconndr01,Drew O'Connor,0
202311180CAR,CAR,pettema01,Marcus Pettersson,0
202311180CAR,CAR,rakelri01,Rickard Rakell,0
202311180CAR,CAR,ruhwech01,Chad Ruhwedel,0
202311180CAR,CAR,rustbr01,Bryan Rust,0
202311180CAR,CAR,sheary01,Ryan Shea,0
202311180CAR,CAR,smithre01,Reilly Smith,0
202311180CAR,CAR,zohorra01,Radim Zohorna,0
202311180CAR,CAR,jarrytr01,Tristan Jarry,0
202311180CAR,PIT,ahose01,Sebastian Aho,1
202311180CAR,PIT,buntimi01,Michael Bunting,0
202311180CAR,PIT,burnsbr01,Brent Burns,1
202311180CAR,PIT,deangan01,Tony DeAngelo,0
202311180CAR,PIT,druryja01,Jack Drury,0
202311180CAR,PIT,fastje01,Jesper Fast,0
202311180CAR,PIT,jarvise01,Seth Jarvis,1
202311180CAR,PIT,kotkaje01,Jesperi Kotkaniemi,0
202311180CAR,PIT,martijo01,Jordan Martinook,0
202311180CAR,PIT,necasma01,Martin NeÄas,0
202311180CAR,PIT,noesest01,Stefan Noesen,0
202311180CAR,PIT,orlovdm01,Dmitry Orlov,0
202311180CAR,PIT,pescebr01,Brett Pesce,0
202311180CAR,PIT,skjeibr01,Brady Skjei,0
202311180CAR,PIT,slavija01,Jaccob Slavin,0
202311180CAR,PIT,staaljo01,Jordan Staal,0
202311180CAR,PIT,svechan01,Andrei Svechnikov,0
202311180CAR,PIT,teravte01,Teuvo TerÃ¤vÃ¤inen,0
202311180CAR,PIT,raantan01,Antti Raanta,0
