game_id,opponent,player_id,player_name,scored
202311240NJD,NJD,beanja01,Jake Bean,0
202311240NJD,NJD,boqviad01,Adam Boqvist,0
202311240NJD,NJD,chinaye01,Yegor Chinakhov,0
202311240NJD,NJD,danfoju01,Justin Danforth,0
202311240NJD,NJD,fantiad01,Adam Fantilli,0
202311240NJD,NJD,gaudrjo01,Johnny Gaudreau,0
202311240NJD,NJD,gudbrer01,Erik Gudbranson,0
202311240NJD,NJD,jennebo01,Boone Jenner,1
202311240NJD,NJD,jiricda01,David JiÅÃ­Äek,0
202311240NJD,NJD,kuralse01,Sean Kuraly,0
202311240NJD,NJD,lainepa01,Patrik Laine,0
202311240NJD,NJD,marchki01,Kirill Marchenko,0
202311240NJD,NJD,olivima01,Mathieu Olivier,0
202311240NJD,NJD,provoiv01,Ivan Provorov,0
202311240NJD,NJD,robiner01,Eric Robinson,1
202311240NJD,NJD,sillico01,Cole Sillinger,0
202311240NJD,NJD,vorondi01,Dmitri Voronkov,0
202311240NJD,NJD,werenza01,Zach Werenski,0
202311240NJD,NJD,merzlel01,Elvis MerzÄ¼ikins,0
202311240NJD,CBJ,bahlke01,Kevin Bahl,0
202311240NJD,CBJ,bastina01,Nathan Bastian,0
202311240NJD,CBJ,brattje01,Jesper Bratt,0
202311240NJD,CBJ,hamildo01,Dougie Hamilton,0
202311240NJD,CBJ,haulaer01,Erik Haula,0
202311240NJD,CBJ,holtzal01,Alexander Holtz,1
202311240NJD,CBJ,hugheja03,Jack Hughes,0
202311240NJD,CBJ,hughelu01,Luke Hughes,0
202311240NJD,CBJ,lazarcu01,Curtis Lazar,0
202311240NJD,CBJ,marinjo01,John Marino,0
202311240NJD,CBJ,mcleomi01,Michael McLeod,0
202311240NJD,CBJ,merceda01,Dawson Mercer,0
202311240NJD,CBJ,milleco02,Colin Miller,0
202311240NJD,CBJ,palaton01,OndÅej PalÃ¡t,0
202311240NJD,CBJ,siegejo01,Jonas Siegenthaler,0
202311240NJD,CBJ,smithbr05,Brendan Smith,0
202311240NJD,CBJ,tiernch01,Chris Tierney,0
202311240NJD,CBJ,toffoty01,Tyler Toffoli,0
202311240NJD,CBJ,schmiak01,Akira Schmid,0
