game_id,opponent,player_id,player_name,scored
202310240MTL,MTL,bahlke01,Kevin Bahl,0
202310240MTL,MTL,bastina01,Nathan Bastian,0
202310240MTL,MTL,brattje01,Jesper Bratt,0
202310240MTL,MTL,hamildo01,Dougie Hamilton,0
202310240MTL,MTL,haulaer01,Erik Haula,0
202310240MTL,MTL,hischni01,Nico Hischier,1
202310240MTL,MTL,holtzal01,Alexander Holtz,1
202310240MTL,MTL,hugheja03,Jack Hughes,0
202310240MTL,MTL,hughelu01,Luke Hughes,0
202310240MTL,MTL,lazarcu01,Curtis Lazar,0
202310240MTL,MTL,marinjo01,John Marino,0
202310240MTL,MTL,mcleomi01,Michael McLeod,0
202310240MTL,MTL,meierti01,Timo Meier,0
202310240MTL,MTL,merceda01,Dawson Mercer,0
202310240MTL,MTL,palaton01,OndÅej PalÃ¡t,0
202310240MTL,MTL,siegejo01,Jonas Siegenthaler,0
202310240MTL,MTL,smithbr05,Brendan Smith,0
202310240MTL,MTL,toffoty01,Tyler Toffoli,1
202310240MTL,MTL,vanecvi01,VÃ­tek VanÄÄek,0
202310240MTL,NJD,anderjo05,Josh Anderson,0
202310240MTL,NJD,barroju01,Justin Barron,1
202310240MTL,NJD,caufico01,Cole Caufield,0
202310240MTL,NJD,evansja02,Jake Evans,0
202310240MTL,NJD,gallabr01,Brendan Gallagher,0
202310240MTL,NJD,harrijo01,Jordan Harris,0
202310240MTL,NJD,harvera01,RafaÃ«l Harvey-Pinard,0
202310240MTL,NJD,kovacjo01,Johnathan Kovacevic,0
202310240MTL,NJD,lindsgu01,Gustav LindstrÃ¶m,0
202310240MTL,NJD,mathemi01,Mike Matheson,1
202310240MTL,NJD,monahse01,Sean Monahan,0
202310240MTL,NJD,newhoal01,Alex Newhook,0
202310240MTL,NJD,pearsta01,Tanner Pearson,0
202310240MTL,NJD,pezzemi01,Michael Pezzetta,0
202310240MTL,NJD,slafkju01,Juraj Slafkovsky,0
202310240MTL,NJD,suzukni01,Nick Suzuki,0
202310240MTL,NJD,xhekaar01,Arber Xhekaj,0
202310240MTL,NJD,yloneje01,Jesse YlÃ¶nen,0
202310240MTL,NJD,primeca01,Cayden Primeau,0
