game_id,opponent,player_id,player_name,scored
202310210MTL,MTL,backsni02,Nicklas BÃ¤ckstrÃ¶m,0
202310210MTL,MTL,carlsjo01,John Carlson,0
202310210MTL,MTL,feherma01,Martin FehÃ©rvÃ¡ry,0
202310210MTL,MTL,hamanha01,Hardy Haman Aktell,0
202310210MTL,MTL,jenseni02,Nick Jensen,0
202310210MTL,MTL,kuzneev01,Evgeny Kuznetsov,0
202310210MTL,MTL,malenbe01,Beck Malenstyn,0
202310210MTL,MTL,manthan01,Anthony Mantha,0
202310210MTL,MTL,mcmicco01,Connor McMichael,0
202310210MTL,MTL,milanso01,Sonny Milano,0
202310210MTL,MTL,oshietj01,T.J. Oshie,0
202310210MTL,MTL,ovechal01,Alex Ovechkin,0
202310210MTL,MTL,phillma01,Matthew Phillips,0
202310210MTL,MTL,protaal01,Aliaksei Protas,0
202310210MTL,MTL,sandira01,Rasmus Sandin,0
202310210MTL,MTL,stromdy01,Dylan Strome,1
202310210MTL,MTL,vanritr01,Trevor van Riemsdyk,0
202310210MTL,MTL,wilsoto01,Tom Wilson,0
202310210MTL,MTL,kuempda01,Darcy Kuemper,0
202310210MTL,WSH,anderjo05,Josh Anderson,0
202310210MTL,WSH,barroju01,Justin Barron,0
202310210MTL,WSH,caufico01,Cole Caufield,1
202310210MTL,WSH,evansja02,Jake Evans,0
202310210MTL,WSH,gallabr01,Brendan Gallagher,1
202310210MTL,WSH,harrijo01,Jordan Harris,0
202310210MTL,WSH,harvera01,RafaÃ«l Harvey-Pinard,0
202310210MTL,WSH,kovacjo01,Johnathan Kovacevic,0
202310210MTL,WSH,mathemi01,Mike Matheson,0
202310210MTL,WSH,monahse01,Sean Monahan,1
202310210MTL,WSH,newhoal01,Alex Newhook,0
202310210MTL,WSH,pearsta01,Tanner Pearson,0
202310210MTL,WSH,pezzemi01,Michael Pezzetta,0
202310210MTL,WSH,savarda01,David Savard,0
202310210MTL,WSH,slafkju01,Juraj Slafkovsky,0
202310210MTL,WSH,suzukni01,Nick Suzuki,0
202310210MTL,WSH,xhekaar01,Arber Xhekaj,0
202310210MTL,WSH,yloneje01,Jesse YlÃ¶nen,0
202310210MTL,WSH,allenja01,Jake Allen,0
