game_id,opponent,player_id,player_name,scored
202311040EDM,EDM,barrity01,Tyson Barrie,0
202311040EDM,EDM,carrial01,Alexandre Carrier,0
202311040EDM,EDM,delgama01,Marc Del Gaizo,0
202311040EDM,EDM,evanglu01,Luke Evangelista,0
202311040EDM,EDM,fabbrda01,Dante Fabbro,0
202311040EDM,EDM,forsbfi01,Filip Forsberg,1
202311040EDM,EDM,foudyli01,Liam Foudy,0
202311040EDM,EDM,josiro01,Roman Josi,0
202311040EDM,EDM,lauzoje01,Jeremy Lauzon,0
202311040EDM,EDM,novakth01,Thomas Novak,1
202311040EDM,EDM,nyquigu01,Gustav Nyquist,0
202311040EDM,EDM,oreilry01,Ryan O'Reilly,1
202311040EDM,EDM,parssju01,Juuso PÃ¤rssinen,0
202311040EDM,EDM,sherwki01,Kiefer Sherwood,0
202311040EDM,EDM,sissoco01,Colton Sissons,0
202311040EDM,EDM,smithco02,Cole Smith,0
202311040EDM,EDM,tomasph01,Philip Tomasino,0
202311040EDM,EDM,treniya01,Yakov Trenin,0
202311040EDM,EDM,lankike01,Kevin Lankinen,0
202311040EDM,NSH,bouchev01,Evan Bouchard,0
202311040EDM,NSH,cecico01,Cody Ceci,0
202311040EDM,NSH,deshavi01,Vincent Desharnais,0
202311040EDM,NSH,draisle01,Leon Draisaitl,0
202311040EDM,NSH,ekholma01,Mattias Ekholm,0
202311040EDM,NSH,foegewa01,Warren Foegele,0
202311040EDM,NSH,gagnesa01,Sam Gagner,0
202311040EDM,NSH,hollody01,Dylan Holloway,0
202311040EDM,NSH,hymanza01,Zach Hyman,1
202311040EDM,NSH,kaneev01,Evander Kane,0
202311040EDM,NSH,kulakbr01,Brett Kulak,0
202311040EDM,NSH,lavoira01,Raphael Lavoie,0
202311040EDM,NSH,mcdavco01,Connor McDavid,0
202311040EDM,NSH,mcleory01,Ryan McLeod,0
202311040EDM,NSH,nugenry01,Ryan Nugent-Hopkins,0
202311040EDM,NSH,nurseda01,Darnell Nurse,1
202311040EDM,NSH,ryande01,Derek Ryan,0
202311040EDM,NSH,campbja01,Jack Campbell,0
