game_id,opponent,player_id,player_name,scored
202311240CAR,CAR,cernaer01,Erik ÄernÃ¡k,0
202311240CAR,CAR,cirelan01,Anthony Cirelli,0
202311240CAR,CAR,dehaaca01,Calvin de Haan,0
202311240CAR,CAR,eyssimi01,Michael Eyssimont,0
202311240CAR,CAR,glendlu01,Luke Glendening,1
202311240CAR,CAR,hagelbr01,Brandon Hagel,1
202311240CAR,CAR,hedmavi01,Victor Hedman,0
202311240CAR,CAR,jeannta01,Tanner Jeannot,0
202311240CAR,CAR,koepkco01,Cole Koepke,0
202311240CAR,CAR,kucheni01,Nikita Kucherov,1
202311240CAR,CAR,mottety01,Tyler Motte,0
202311240CAR,CAR,paulni01,Nick Paul,0
202311240CAR,CAR,perbini01,Nicklaus Perbix,0
202311240CAR,CAR,pointbr01,Brayden Point,1
202311240CAR,CAR,raddyda01,Darren Raddysh,0
202311240CAR,CAR,sergami01,Mikhail Sergachev,0
202311240CAR,CAR,stamkst01,Steven Stamkos,1
202311240CAR,CAR,watsoau01,Austin Watson,0
202311240CAR,CAR,vasilan02,Andrei Vasilevskiy,0
202311240CAR,TBL,ahose01,Sebastian Aho,0
202311240CAR,TBL,buntimi01,Michael Bunting,1
202311240CAR,TBL,burnsbr01,Brent Burns,0
202311240CAR,TBL,chatfja01,Jalen Chatfield,0
202311240CAR,TBL,druryja01,Jack Drury,0
202311240CAR,TBL,fastje01,Jesper Fast,0
202311240CAR,TBL,jarvise01,Seth Jarvis,0
202311240CAR,TBL,kotkaje01,Jesperi Kotkaniemi,0
202311240CAR,TBL,martijo01,Jordan Martinook,0
202311240CAR,TBL,necasma01,Martin NeÄas,0
202311240CAR,TBL,noesest01,Stefan Noesen,1
202311240CAR,TBL,orlovdm01,Dmitry Orlov,0
202311240CAR,TBL,pescebr01,Brett Pesce,0
202311240CAR,TBL,skjeibr01,Brady Skjei,0
202311240CAR,TBL,slavija01,Jaccob Slavin,0
202311240CAR,TBL,staaljo01,Jordan Staal,0
202311240CAR,TBL,svechan01,Andrei Svechnikov,0
202311240CAR,TBL,teravte01,Teuvo TerÃ¤vÃ¤inen,0
202311240CAR,TBL,raantan01,Antti Raanta,0
