game_id,opponent,player_id,player_name,scored
202311020EDM,EDM,bennja01,Jamie Benn,0
202311020EDM,EDM,dadonev01,Evgenii Dadonov,0
202311020EDM,EDM,dellaty01,Ty Dellandrea,0
202311020EDM,EDM,duchema01,Matt Duchene,1
202311020EDM,EDM,hakanja01,Jani HakanpÃ¤Ã¤,0
202311020EDM,EDM,harleth01,Thomas Harley,0
202311020EDM,EDM,heiskmi01,Miro Heiskanen,0
202311020EDM,EDM,hintzro01,Roope Hintz,1
202311020EDM,EDM,johnswy01,Wyatt Johnston,0
202311020EDM,EDM,lindees01,Esa Lindell,0
202311020EDM,EDM,lundkni01,Nils Lundkvist,0
202311020EDM,EDM,marchma01,Mason Marchment,0
202311020EDM,EDM,paveljo01,Joe Pavelski,1
202311020EDM,EDM,roberja01,Jason Robertson,0
202311020EDM,EDM,seguity01,Tyler Seguin,0
202311020EDM,EDM,smithcr01,Craig Smith,0
202311020EDM,EDM,steelsa01,Sam Steel,0
202311020EDM,EDM,suterry01,Ryan Suter,0
202311020EDM,EDM,wedgesc01,Scott Wedgewood,0
202311020EDM,DAL,bouchev01,Evan Bouchard,0
202311020EDM,DAL,brobeph01,Philip Broberg,0
202311020EDM,DAL,brownco02,Connor Brown,0
202311020EDM,DAL,cecico01,Cody Ceci,0
202311020EDM,DAL,deshavi01,Vincent Desharnais,0
202311020EDM,DAL,draisle01,Leon Draisaitl,0
202311020EDM,DAL,ekholma01,Mattias Ekholm,0
202311020EDM,DAL,foegewa01,Warren Foegele,0
202311020EDM,DAL,gagnesa01,Sam Gagner,1
202311020EDM,DAL,hollody01,Dylan Holloway,0
202311020EDM,DAL,hymanza01,Zach Hyman,0
202311020EDM,DAL,kaneev01,Evander Kane,1
202311020EDM,DAL,kulakbr01,Brett Kulak,0
202311020EDM,DAL,mcdavco01,Connor McDavid,0
202311020EDM,DAL,mcleory01,Ryan McLeod,0
202311020EDM,DAL,nugenry01,Ryan Nugent-Hopkins,0
202311020EDM,DAL,nurseda01,Darnell Nurse,0
202311020EDM,DAL,ryande01,Derek Ryan,0
202311020EDM,DAL,skinnst01,Stuart Skinner,0
