game_id,opponent,player_id,player_name,scored
202310300ARI,ARI,athanan01,Andreas Athanasiou,0
202310300ARI,ARI,bedarco01,Connor Bedard,1
202310300ARI,ARI,dickija01,Jason Dickinson,0
202310300ARI,ARI,donatry01,Ryan Donato,0
202310300ARI,ARI,entwima01,Mackenzie Entwistle,0
202310300ARI,ARI,foligni01,Nick Foligno,0
202310300ARI,ARI,johnsre01,Reese Johnson,0
202310300ARI,ARI,johnsty01,Tyler Johnson,0
202310300ARI,ARI,jonesse01,Seth Jones,0
202310300ARI,ARI,kaisewy01,Wyatt Kaiser,0
202310300ARI,ARI,korchke01,Kevin Korchinski,0
202310300ARI,ARI,kurasph01,Philipp Kurashev,0
202310300ARI,ARI,murphco02,Connor Murphy,0
202310300ARI,ARI,perryco01,Corey Perry,0
202310300ARI,ARI,phillis01,Isaak Phillips,0
202310300ARI,ARI,raddyta01,Taylor Raddysh,0
202310300ARI,ARI,reichlu01,Lukas Reichel,0
202310300ARI,ARI,tinorja01,Jarred Tinordi,0
202310300ARI,ARI,mrazepe01,Petr MrÃ¡zek,0
202310300ARI,ARI,soderar01,Arvid SÃ¶derblom,0
202310300ARI,CHI,bjugsni01,Nick Bjugstad,0
202310300ARI,CHI,boydtr01,Travis Boyd,0
202310300ARI,CHI,brownjo01,Josh Brown,1
202310300ARI,CHI,carcomi01,Michael Carcone,1
202310300ARI,CHI,coolelo01,Logan Cooley,0
202310300ARI,CHI,crousla01,Lawson Crouse,0
202310300ARI,CHI,dumbama01,Mathew Dumba,0
202310300ARI,CHI,durzise01,Sean Durzi,1
202310300ARI,CHI,haytoba01,Barrett Hayton,0
202310300ARI,CHI,kellecl01,Clayton Keller,0
202310300ARI,CHI,kerfoal01,Alexander Kerfoot,0
202310300ARI,CHI,maccema01,Matias Maccelli,0
202310300ARI,CHI,mcbaija03,Jack McBain,1
202310300ARI,CHI,moserja01,J.J. Moser,0
202310300ARI,CHI,obrieli01,Liam O'Brien,1
202310300ARI,CHI,schmani01,Nick Schmaltz,0
202310300ARI,CHI,stechtr01,Troy Stecher,0
202310300ARI,CHI,valimju01,Juuso VÃ¤limÃ¤ki,0
202310300ARI,CHI,ingraco01,Connor Ingram,0
