game_id,opponent,player_id,player_name,scored
202311090LAK,LAK,acciano01,Noel Acciari,0
202311090LAK,LAK,carteje01,Jeff Carter,0
202311090LAK,LAK,crosbsi01,Sidney Crosby,1
202311090LAK,LAK,ellerla01,Lars Eller,1
202311090LAK,LAK,gravery01,Ryan Graves,0
202311090LAK,LAK,guentja01,Jake Guentzel,1
202311090LAK,LAK,karlser01,Erik Karlsson,0
202311090LAK,LAK,letankr01,Kris Letang,0
202311090LAK,LAK,malkiev01,Evgeni Malkin,0
202311090LAK,LAK,nietoma01,Matthew Nieto,0
202311090LAK,LAK,oconndr01,Drew O'Connor,0
202311090LAK,LAK,pettema01,Marcus Pettersson,0
202311090LAK,LAK,rakelri01,Rickard Rakell,0
202311090LAK,LAK,ruhwech01,Chad Ruhwedel,0
202311090LAK,LAK,rustbr01,Bryan Rust,1
202311090LAK,LAK,sheary01,Ryan Shea,0
202311090LAK,LAK,smithre01,Reilly Smith,0
202311090LAK,LAK,zohorra01,Radim Zohorna,0
202311090LAK,LAK,hellbma01,Magnus Hellberg,0
202311090LAK,PIT,andermi02,Michael Anderson,0
202311090LAK,PIT,byfiequ01,Quinton Byfield,0
202311090LAK,PIT,danauph01,Phillip Danault,0
202311090LAK,PIT,doughdr01,Drew Doughty,0
202311090LAK,PIT,duboipi01,Pierre-Luc Dubois,0
202311090LAK,PIT,engluan01,Andreas Englund,0
202311090LAK,PIT,fialake01,Kevin Fiala,1
202311090LAK,PIT,gavrivl01,Vladislav Gavrikov,0
202311090LAK,PIT,grundca01,Carl GrundstrÃ¶m,1
202311090LAK,PIT,kaliyar01,Arthur Kaliyev,0
202311090LAK,PIT,kempead01,Adrian Kempe,1
202311090LAK,PIT,kopitan01,AnÅ¾e Kopitar,0
202311090LAK,PIT,laferal01,Alex Laferriere,0
202311090LAK,PIT,lewistr01,Trevor Lewis,0
202311090LAK,PIT,lizotbl01,Blake Lizotte,0
202311090LAK,PIT,mooretr01,Trevor Moore,0
202311090LAK,PIT,royma04,Matt Roy,0
202311090LAK,PIT,spencjo01,Jordan Spence,0
202311090LAK,PIT,copleph01,Pheonix Copley,0
