game_id,opponent,player_id,player_name,scored
202311070NYR,NYR,chiarbe01,Ben Chiarot,0
202311070NYR,NYR,comphj.01,J.T. Compher,0
202311070NYR,NYR,coppan01,Andrew Copp,1
202311070NYR,NYR,debrial01,Alex DeBrincat,0
202311070NYR,NYR,fabbrro01,Robby Fabbri,0
202311070NYR,NYR,fischch01,Christian Fischer,0
202311070NYR,NYR,gostish01,Shayne Gostisbehere,0
202311070NYR,NYR,kostikl01,Klim Kostin,1
202311070NYR,NYR,larkidy01,Dylan Larkin,0
202311070NYR,NYR,maattol01,Olli MÃ¤Ã¤ttÃ¤,0
202311070NYR,NYR,perroda01,David Perron,0
202311070NYR,NYR,petryje01,Jeff Petry,0
202311070NYR,NYR,rasmumi01,Michael Rasmussen,1
202311070NYR,NYR,raymolu01,Lucas Raymond,0
202311070NYR,NYR,seidemo01,Moritz Seider,0
202311070NYR,NYR,spronda01,Daniel Sprong,0
202311070NYR,NYR,velenjo01,Joe Veleno,0
202311070NYR,NYR,walmaja01,Jake Walman,0
202311070NYR,NYR,hussovi01,Ville Husso,0
202311070NYR,DET,boninni01,Nick Bonino,0
202311070NYR,DET,cuyllwi01,William Cuylle,1
202311070NYR,DET,goodrba01,Barclay Goodrow,0
202311070NYR,DET,gustaer02,Erik Gustafsson,0
202311070NYR,DET,jonesza01,Zachary Jones,0
202311070NYR,DET,kakkoka01,Kaapo Kakko,0
202311070NYR,DET,kreidch01,Chris Kreider,1
202311070NYR,DET,lafreal01,Alexis LafreniÃ¨re,0
202311070NYR,DET,lindgry01,Ryan Lindgren,0
202311070NYR,DET,milleka01,K'Andre Miller,0
202311070NYR,DET,panarar01,Artemi Panarin,1
202311070NYR,DET,pitlity01,Tyler Pitlick,0
202311070NYR,DET,schnebr01,Braden Schneider,0
202311070NYR,DET,trochvi01,Vincent Trocheck,1
202311070NYR,DET,troubja01,Jacob Trouba,0
202311070NYR,DET,veseyji02,Jimmy Vesey,0
202311070NYR,DET,wheelbl01,Blake Wheeler,0
202311070NYR,DET,zibanmi01,Mika Zibanejad,0
202311070NYR,DET,quickjo01,Jonathan Quick,0
