game_id,opponent,player_id,player_name,scored
202312140TOR,TOR,beanja01,Jake Bean,0
202312140TOR,TOR,bemstem01,Emil BemstrÃ¶m,0
202312140TOR,TOR,blankni01,Nick Blankenburg,0
202312140TOR,TOR,chinaye01,Yegor Chinakhov,1
202312140TOR,TOR,danfoju01,Justin Danforth,1
202312140TOR,TOR,fantiad01,Adam Fantilli,0
202312140TOR,TOR,gaudrjo01,Johnny Gaudreau,1
202312140TOR,TOR,jiricda01,David JiÅÃ­Äek,0
202312140TOR,TOR,johnske01,Kent Johnson,1
202312140TOR,TOR,kuralse01,Sean Kuraly,0
202312140TOR,TOR,lainepa01,Patrik Laine,1
202312140TOR,TOR,marchki01,Kirill Marchenko,0
202312140TOR,TOR,peekean01,Andrew Peeke,0
202312140TOR,TOR,provoiv01,Ivan Provorov,0
202312140TOR,TOR,sillico01,Cole Sillinger,0
202312140TOR,TOR,texieal01,Alexandre Texier,0
202312140TOR,TOR,vorondi01,Dmitri Voronkov,0
202312140TOR,TOR,werenza01,Zach Werenski,0
202312140TOR,TOR,merzlel01,Elvis MerzÄ¼ikins,0
202312140TOR,CBJ,benoisi01,Simon Benoit,0
202312140TOR,CBJ,bertuty01,Tyler Bertuzzi,0
202312140TOR,CBJ,broditj01,T.J. Brodie,0
202312140TOR,CBJ,domima01,Max Domi,0
202312140TOR,CBJ,gregono01,Noah Gregor,0
202312140TOR,CBJ,jarnkca01,Calle JÃ¤rnkrok,0
202312140TOR,CBJ,kampfda01,David KÃ¤mpf,0
202312140TOR,CBJ,lageswi01,William Lagesson,0
202312140TOR,CBJ,marnemi01,Mitch Marner,1
202312140TOR,CBJ,matthau01,Auston Matthews,1
202312140TOR,CBJ,mccabja01,Jake McCabe,1
202312140TOR,CBJ,mcmanbo02,Bobby McMann,0
202312140TOR,CBJ,nylanwi01,William Nylander,1
202312140TOR,CBJ,reavery01,Ryan Reaves,0
202312140TOR,CBJ,riellmo01,Morgan Rielly,0
202312140TOR,CBJ,roberni01,Nicholas Robertson,0
202312140TOR,CBJ,tavarjo01,John Tavares,0
202312140TOR,CBJ,timmico01,Conor Timmins,0
202312140TOR,CBJ,samsoil01,Ilya Samsonov,0
