game_id,opponent,player_id,player_name,scored
202311180CGY,CGY,ahose02,Sebastian Aho,0
202311180CGY,CGY,barzama01,Mathew Barzal,1
202311180CGY,CGY,cizikca01,Casey Cizikas,0
202311180CGY,CGY,cluttca01,Cal Clutterbuck,0
202311180CGY,CGY,dobsono01,Noah Dobson,0
202311180CGY,CGY,engvapi01,Pierre Engvall,0
202311180CGY,CGY,faschhu01,Hudson Fasching,1
202311180CGY,CGY,holmssi01,Simon HolmstrÃ¶m,0
202311180CGY,CGY,horvabo01,Bo Horvat,0
202311180CGY,CGY,leean01,Anders Lee,0
202311180CGY,CGY,mayfisc01,Scott Mayfield,0
202311180CGY,CGY,nelsobr01,Brock Nelson,1
202311180CGY,CGY,pageaje01,Jean-Gabriel Pageau,0
202311180CGY,CGY,palmiky01,Kyle Palmieri,1
202311180CGY,CGY,pelecad01,Adam Pelech,0
202311180CGY,CGY,pulocry01,Ryan Pulock,0
202311180CGY,CGY,romanal01,Alexander Romanov,0
202311180CGY,CGY,wahlsol01,Oliver Wahlstrom,0
202311180CGY,CGY,sorokil01,Ilya Sorokin,0
202311180CGY,NYI,anderra01,Rasmus Andersson,0
202311180CGY,NYI,backlmi01,Mikael Backlund,0
202311180CGY,NYI,colembl01,Blake Coleman,1
202311180CGY,NYI,desimni01,Nick DeSimone,0
202311180CGY,NYI,dubedi01,Dillon DubÃ©,0
202311180CGY,NYI,greeraj01,A.J. Greer,0
202311180CGY,NYI,hanifno01,Noah Hanifin,0
202311180CGY,NYI,huberjo01,Jonathan Huberdeau,0
202311180CGY,NYI,kadrina01,Nazem Kadri,0
202311180CGY,NYI,lindhel01,Elias Lindholm,0
202311180CGY,NYI,mangian01,Andrew Mangiapane,0
202311180CGY,NYI,pospima01,Martin Pospisil,1
202311180CGY,NYI,ruzicad01,Adam RuÅ¾iÄka,0
202311180CGY,NYI,sharaye01,Yegor Sharangovich,1
202311180CGY,NYI,tanevch01,Chris Tanev,0
202311180CGY,NYI,weegama01,MacKenzie Weegar,1
202311180CGY,NYI,zadorni01,Nikita Zadorov,0
202311180CGY,NYI,zaryco01,Connor Zary,0
202311180CGY,NYI,marksja02,Jacob MarkstrÃ¶m,0
