game_id,opponent,player_id,player_name,scored
202312180WPG,WPG,anderjo05,Josh Anderson,1
202312180WPG,WPG,armiajo01,Joel Armia,0
202312180WPG,WPG,barroju01,Justin Barron,1
202312180WPG,WPG,caufico01,Cole Caufield,0
202312180WPG,WPG,dvorach01,Christian Dvorak,1
202312180WPG,WPG,evansja02,Jake Evans,0
202312180WPG,WPG,gallabr01,Brendan Gallagher,0
202312180WPG,WPG,guhleka01,Kaiden Guhle,0
202312180WPG,WPG,kovacjo01,Johnathan Kovacevic,0
202312180WPG,WPG,mathemi01,Mike Matheson,0
202312180WPG,WPG,monahse01,Sean Monahan,0
202312180WPG,WPG,pezzemi01,Michael Pezzetta,0
202312180WPG,WPG,savarda01,David Savard,0
202312180WPG,WPG,slafkju01,Juraj Slafkovsky,0
202312180WPG,WPG,stephmi01,Mitchell Stephens,0
202312180WPG,WPG,strubja01,Jayden Struble,0
202312180WPG,WPG,suzukni01,Nick Suzuki,0
202312180WPG,WPG,yloneje01,Jesse YlÃ¶nen,0
202312180WPG,WPG,allenja01,Jake Allen,0
202312180WPG,MTL,applema01,Mason Appleton,0
202312180WPG,MTL,barromo01,Morgan Barron,0
202312180WPG,MTL,demeldy01,Dylan DeMelo,0
202312180WPG,MTL,dillobr01,Brenden Dillon,0
202312180WPG,MTL,ehlerni01,Nikolaj Ehlers,0
202312180WPG,MTL,gustada01,David Gustafsson,0
202312180WPG,MTL,iafalal01,Alex Iafallo,0
202312180WPG,MTL,jonssax01,Axel Jonsson-FjÃ¤llby,0
202312180WPG,MTL,lowryad01,Adam Lowry,0
202312180WPG,MTL,morrijo04,Josh Morrissey,0
202312180WPG,MTL,namesvl01,Vladislav Namestnikov,0
202312180WPG,MTL,niedeni01,Nino Niederreiter,0
202312180WPG,MTL,perfeco01,Cole Perfetti,1
202312180WPG,MTL,pionkne01,Neal Pionk,0
202312180WPG,MTL,sambedy01,Dylan Samberg,0
202312180WPG,MTL,scheima01,Mark Scheifele,0
202312180WPG,MTL,schmina01,Nate Schmidt,0
202312180WPG,MTL,vilarga01,Gabriel Vilardi,1
202312180WPG,MTL,helleco01,Connor Hellebuyck,0
