game_id,opponent,player_id,player_name,scored
202311250VEG,VEG,bjugsni01,Nick Bjugstad,0
202311250VEG,VEG,boydtr01,Travis Boyd,0
202311250VEG,VEG,brownjo01,Josh Brown,0
202311250VEG,VEG,carcomi01,Michael Carcone,0
202311250VEG,VEG,coolelo01,Logan Cooley,0
202311250VEG,VEG,crousla01,Lawson Crouse,1
202311250VEG,VEG,durzise01,Sean Durzi,0
202311250VEG,VEG,kelemmi01,MiloÅ¡ Kelemen,0
202311250VEG,VEG,kellecl01,Clayton Keller,1
202311250VEG,VEG,kerfoal01,Alexander Kerfoot,0
202311250VEG,VEG,kessemi01,Michael Kesselring,0
202311250VEG,VEG,kolyavl01,Vladislav Kolyachonok,0
202311250VEG,VEG,maccema01,Matias Maccelli,0
202311250VEG,VEG,moserja01,J.J. Moser,0
202311250VEG,VEG,obrieli01,Liam O'Brien,0
202311250VEG,VEG,schmani01,Nick Schmaltz,0
202311250VEG,VEG,stechtr01,Troy Stecher,0
202311250VEG,VEG,zuckeja01,Jason Zucker,0
202311250VEG,VEG,ingraco01,Connor Ingram,0
202311250VEG,ARI,amadimi01,Michael Amadio,0
202311250VEG,ARI,barbaiv01,Ivan Barbashev,0
202311250VEG,ARI,carriwi01,William Carrier,0
202311250VEG,ARI,cottepa01,Paul Cotter,0
202311250VEG,ARI,eicheja01,Jack Eichel,0
202311250VEG,ARI,hagueni01,Nicolas Hague,0
202311250VEG,ARI,howdebr01,Brett Howden,0
202311250VEG,ARI,huttobe01,Ben Hutton,0
202311250VEG,ARI,karlswi01,William Karlsson,0
202311250VEG,ARI,koleske01,Keegan Kolesar,0
202311250VEG,ARI,audymjo01,Jonathan Marchessault,0
202311250VEG,ARI,mcnabbr01,Brayden McNabb,0
202311250VEG,ARI,pachabr01,Brayden Pachal,0
202311250VEG,ARI,pietral01,Alex Pietrangelo,0
202311250VEG,ARI,royni01,Nicolas Roy,0
202311250VEG,ARI,stephch02,Chandler Stephenson,0
202311250VEG,ARI,stonema01,Mark Stone,0
202311250VEG,ARI,whiteza01,Zach Whitecloud,0
202311250VEG,ARI,thomplo01,Logan Thompson,0
