game_id,opponent,player_id,player_name,scored
202311090WPG,WPG,barrity01,Tyson Barrie,0
202311090WPG,WPG,carrial01,Alexandre Carrier,0
202311090WPG,WPG,delgama01,Marc Del Gaizo,0
202311090WPG,WPG,evanglu01,Luke Evangelista,0
202311090WPG,WPG,fabbrda01,Dante Fabbro,0
202311090WPG,WPG,forsbfi01,Filip Forsberg,1
202311090WPG,WPG,foudyli01,Liam Foudy,0
202311090WPG,WPG,josiro01,Roman Josi,0
202311090WPG,WPG,lauzoje01,Jeremy Lauzon,0
202311090WPG,WPG,mccarmi01,Michael McCarron,0
202311090WPG,WPG,novakth01,Thomas Novak,0
202311090WPG,WPG,nyquigu01,Gustav Nyquist,0
202311090WPG,WPG,oreilry01,Ryan O'Reilly,0
202311090WPG,WPG,sherwki01,Kiefer Sherwood,0
202311090WPG,WPG,sissoco01,Colton Sissons,0
202311090WPG,WPG,smithco02,Cole Smith,0
202311090WPG,WPG,tomasph01,Philip Tomasino,1
202311090WPG,WPG,treniya01,Yakov Trenin,0
202311090WPG,WPG,sarosju01,Juuse Saros,0
202311090WPG,NSH,applema01,Mason Appleton,1
202311090WPG,NSH,barromo01,Morgan Barron,0
202311090WPG,NSH,connoky01,Kyle Connor,1
202311090WPG,NSH,demeldy01,Dylan DeMelo,0
202311090WPG,NSH,dillobr01,Brenden Dillon,1
202311090WPG,NSH,ehlerni01,Nikolaj Ehlers,0
202311090WPG,NSH,gustada01,David Gustafsson,0
202311090WPG,NSH,iafalal01,Alex Iafallo,0
202311090WPG,NSH,kuparra01,Rasmus Kupari,0
202311090WPG,NSH,lowryad01,Adam Lowry,0
202311090WPG,NSH,morrijo04,Josh Morrissey,0
202311090WPG,NSH,namesvl01,Vladislav Namestnikov,0
202311090WPG,NSH,niedeni01,Nino Niederreiter,0
202311090WPG,NSH,perfeco01,Cole Perfetti,1
202311090WPG,NSH,pionkne01,Neal Pionk,0
202311090WPG,NSH,sambedy01,Dylan Samberg,0
202311090WPG,NSH,scheima01,Mark Scheifele,0
202311090WPG,NSH,schmina01,Nate Schmidt,0
202311090WPG,NSH,brossla01,Laurent Brossoit,0
