game_id,opponent,player_id,player_name,scored
202312140SEA,SEA,anderjo08,Joey Anderson,0
202312140SEA,SEA,beauvan01,Anthony Beauvillier,0
202312140SEA,SEA,bedarco01,Connor Bedard,0
202312140SEA,SEA,crevilo01,Louis Crevier,0
202312140SEA,SEA,dickija01,Jason Dickinson,0
202312140SEA,SEA,donatry01,Ryan Donato,0
202312140SEA,SEA,foligni01,Nick Foligno,0
202312140SEA,SEA,guttmco01,Cole Guttman,0
202312140SEA,SEA,johnsre01,Reese Johnson,0
202312140SEA,SEA,johnsty01,Tyler Johnson,0
202312140SEA,SEA,kurasph01,Philipp Kurashev,0
202312140SEA,SEA,murphco02,Connor Murphy,0
202312140SEA,SEA,phillis01,Isaak Phillips,0
202312140SEA,SEA,raddyta01,Taylor Raddysh,1
202312140SEA,SEA,reichlu01,Lukas Reichel,0
202312140SEA,SEA,roosfi01,Filip Roos,0
202312140SEA,SEA,vlasial01,Alex Vlasic,0
202312140SEA,SEA,zaitsni01,Nikita Zaitsev,0
202312140SEA,SEA,mrazepe01,Petr MrÃ¡zek,0
202312140SEA,SEA,soderar01,Arvid SÃ¶derblom,0
202312140SEA,CHI,bellepi01,Pierre-Ãdouard Bellemare,1
202312140SEA,CHI,beniema01,Matthew Beniers,0
202312140SEA,CHI,bjorkol01,Oliver Bjorkstrand,1
202312140SEA,CHI,borgewi01,William Borgen,0
202312140SEA,CHI,dumoubr01,Brian Dumoulin,0
202312140SEA,CHI,dunnvi02,Vince Dunn,0
202312140SEA,CHI,eberljo01,Jordan Eberle,0
202312140SEA,CHI,evansry01,Ryker Evans,0
202312140SEA,CHI,gourdya01,Yanni Gourde,0
202312140SEA,CHI,kartyty01,Tye Kartye,1
202312140SEA,CHI,larssad01,Adam Larsson,0
202312140SEA,CHI,mccanja01,Jared McCann,1
202312140SEA,CHI,oleksja01,Jamie Oleksiak,0
202312140SEA,CHI,shorede01,Devin Shore,0
202312140SEA,CHI,tanevbr01,Brandon Tanev,0
202312140SEA,CHI,tolvaee01,Eeli Tolvanen,1
202312140SEA,CHI,wennbal01,Alexander Wennberg,0
202312140SEA,CHI,yamamka01,Kailer Yamamoto,1
202312140SEA,CHI,daccojo01,Joey Daccord,0
