game_id,opponent,player_id,player_name,scored
202312040VEG,VEG,alexani01,Nikita Alexandrov,0
202312040VEG,VEG,blaissa01,Sammy Blais,0
202312040VEG,VEG,buchnpa01,Pavel Buchnevich,1
202312040VEG,VEG,faulkju01,Justin Faulk,0
202312040VEG,VEG,hayeske01,Kevin Hayes,0
202312040VEG,VEG,kapanka01,Kasperi Kapanen,0
202312040VEG,VEG,krugto01,Torey Krug,0
202312040VEG,VEG,kyroujo01,Jordan Kyrou,0
202312040VEG,VEG,leddyni01,Nick Leddy,0
202312040VEG,VEG,neighja01,Jake Neighbours,0
202312040VEG,VEG,parayco01,Colton Parayko,0
202312040VEG,VEG,perunsc01,Scott Perunovich,0
202312040VEG,VEG,saadbr01,Brandon Saad,0
202312040VEG,VEG,scandma01,Marco Scandella,0
202312040VEG,VEG,schenbr01,Brayden Schenn,0
202312040VEG,VEG,sundqos01,Oskar Sundqvist,0
202312040VEG,VEG,thomaro01,Robert Thomas,0
202312040VEG,VEG,toropal01,Alexey Toropchenko,1
202312040VEG,VEG,binnijo01,Jordan Binnington,0
202312040VEG,STL,amadimi01,Michael Amadio,0
202312040VEG,STL,barbaiv01,Ivan Barbashev,0
202312040VEG,STL,carriwi01,William Carrier,0
202312040VEG,STL,cottepa01,Paul Cotter,0
202312040VEG,STL,eicheja01,Jack Eichel,1
202312040VEG,STL,hagueni01,Nicolas Hague,0
202312040VEG,STL,howdebr01,Brett Howden,0
202312040VEG,STL,huttobe01,Ben Hutton,0
202312040VEG,STL,karlswi01,William Karlsson,0
202312040VEG,STL,koleske01,Keegan Kolesar,0
202312040VEG,STL,korczka01,Kaedan Korczak,0
202312040VEG,STL,audymjo01,Jonathan Marchessault,0
202312040VEG,STL,mcnabbr01,Brayden McNabb,0
202312040VEG,STL,pietral01,Alex Pietrangelo,0
202312040VEG,STL,royni01,Nicolas Roy,0
202312040VEG,STL,stephch02,Chandler Stephenson,0
202312040VEG,STL,stonema01,Mark Stone,0
202312040VEG,STL,whiteza01,Zach Whitecloud,0
202312040VEG,STL,thomplo01,Logan Thompson,0
