game_id,opponent,player_id,player_name,scored
202312080FLA,FLA,carteje01,Jeff Carter,0
202312080FLA,FLA,crosbsi01,Sidney Crosby,0
202312080FLA,FLA,ellerla01,Lars Eller,0
202312080FLA,FLA,gravery01,Ryan Graves,0
202312080FLA,FLA,grudejo02,Jonathan Gruden,0
202312080FLA,FLA,guentja01,Jake Guentzel,0
202312080FLA,FLA,harkija01,Jansen Harkins,0
202312080FLA,FLA,hinosvi01,Vinnie Hinostroza,0
202312080FLA,FLA,johnsma04,Marc Johnstone,0
202312080FLA,FLA,karlser01,Erik Karlsson,0
202312080FLA,FLA,letankr01,Kris Letang,0
202312080FLA,FLA,ludvijo01,John Ludvig,0
202312080FLA,FLA,malkiev01,Evgeni Malkin,0
202312080FLA,FLA,oconndr01,Drew O'Connor,0
202312080FLA,FLA,pettema01,Marcus Pettersson,0
202312080FLA,FLA,puustva01,Valtteri Puustinen,0
202312080FLA,FLA,sheary01,Ryan Shea,0
202312080FLA,FLA,smithre01,Reilly Smith,1
202312080FLA,FLA,jarrytr01,Tristan Jarry,0
202312080FLA,PIT,barkoal01,Aleksander Barkov,1
202312080FLA,PIT,bennesa01,Sam Bennett,0
202312080FLA,PIT,cousini01,Nick Cousins,0
202312080FLA,PIT,ekblaaa01,Aaron Ekblad,0
202312080FLA,PIT,ekmanol01,Oliver Ekman-Larsson,1
202312080FLA,PIT,forslgu02,Gustav Forsling,0
202312080FLA,PIT,gadjojo01,Jonah Gadjovich,0
202312080FLA,PIT,kulikdm01,Dmitry Kulikov,0
202312080FLA,PIT,lombery01,Ryan Lomberg,0
202312080FLA,PIT,lundean01,Anton Lundell,0
202312080FLA,PIT,luostee01,Eetu Luostarinen,1
202312080FLA,PIT,mikkoni01,Niko Mikkola,0
202312080FLA,PIT,montobr01,Brandon Montour,0
202312080FLA,PIT,reinhsa01,Sam Reinhart,0
202312080FLA,PIT,rodriev01,Evan Rodrigues,0
202312080FLA,PIT,stenlke01,Kevin Stenlund,0
202312080FLA,PIT,tkachma01,Matthew Tkachuk,0
202312080FLA,PIT,verhaca01,Carter Verhaeghe,0
202312080FLA,PIT,bobrose01,Sergei Bobrovsky,0
