game_id,opponent,player_id,player_name,scored
202312120NSH,NSH,atkinca01,Cam Atkinson,0
202312120NSH,NSH,brinkbo01,Bobby Brink,0
202312120NSH,NSH,coutuse01,Sean Couturier,1
202312120NSH,NSH,deslani01,Nicolas Deslauriers,0
202312120NSH,NSH,farabjo01,Joel Farabee,0
202312120NSH,NSH,foersty01,Tyson Foerster,0
202312120NSH,NSH,frostmo01,Morgan Frost,0
202312120NSH,NSH,hathaga01,Garnet Hathaway,0
202312120NSH,NSH,konectr01,Travis Konecny,0
202312120NSH,NSH,laughsc01,Scott Laughton,0
202312120NSH,NSH,poehlry01,Ryan Poehling,0
202312120NSH,NSH,ristora01,Rasmus Ristolainen,0
202312120NSH,NSH,sanhetr01,Travis Sanheim,1
202312120NSH,NSH,seeleni01,Nick Seeler,0
202312120NSH,NSH,tippeow01,Owen Tippett,0
202312120NSH,NSH,walkese01,Sean Walker,0
202312120NSH,NSH,yorkca01,Cameron York,0
202312120NSH,NSH,zamulye01,Yegor Zamula,0
202312120NSH,NSH,erssosa01,Samuel Ersson,0
202312120NSH,PHI,carrial01,Alexandre Carrier,0
202312120NSH,PHI,evanglu01,Luke Evangelista,0
202312120NSH,PHI,fabbrda01,Dante Fabbro,0
202312120NSH,PHI,forsbfi01,Filip Forsberg,1
202312120NSH,PHI,glassco01,Cody Glass,0
202312120NSH,PHI,josiro01,Roman Josi,0
202312120NSH,PHI,lauzoje01,Jeremy Lauzon,0
202312120NSH,PHI,mccarmi01,Michael McCarron,1
202312120NSH,PHI,mcdonry01,Ryan McDonagh,0
202312120NSH,PHI,novakth01,Thomas Novak,0
202312120NSH,PHI,nyquigu01,Gustav Nyquist,1
202312120NSH,PHI,oreilry01,Ryan O'Reilly,0
202312120NSH,PHI,parssju01,Juuso PÃ¤rssinen,0
202312120NSH,PHI,schenlu01,Luke Schenn,0
202312120NSH,PHI,sherwki01,Kiefer Sherwood,0
202312120NSH,PHI,sissoco01,Colton Sissons,0
202312120NSH,PHI,smithco02,Cole Smith,0
202312120NSH,PHI,treniya01,Yakov Trenin,0
202312120NSH,PHI,sarosju01,Juuse Saros,0
