game_id,opponent,player_id,player_name,scored
202312070DET,DET,addisca01,Calen Addison,0
202312070DET,DET,baileju01,Justin Bailey,0
202312070DET,DET,barabal01,Alexander Barabanov,0
202312070DET,DET,burroky01,Kyle Burroughs,0
202312070DET,DET,duclaan01,Anthony Duclair,0
202312070DET,DET,eklunwi01,William Eklund,0
202312070DET,DET,ferrama01,Mario Ferraro,0
202312070DET,DET,granlmi01,Mikael Granlund,1
202312070DET,DET,hertlto01,TomÃ¡Å¡ Hertl,1
202312070DET,DET,hoffmmi02,Mike Hoffman,0
202312070DET,DET,labanke01,Kevin Labanc,0
202312070DET,DET,macdoja02,Jacob MacDonald,0
202312070DET,DET,okhotni01,Nikita Okhotyuk,0
202312070DET,DET,ruttaja02,Jan Rutta,0
202312070DET,DET,sturmni01,Nico Sturm,1
202312070DET,DET,vlasima01,Marc-Ãdouard Vlasic,0
202312070DET,DET,zadinfi01,Filip Zadina,0
202312070DET,DET,zettefa01,Fabian Zetterlund,1
202312070DET,DET,blackma01,Mackenzie Blackwood,0
202312070DET,DET,kahkoka01,Kaapo KÃ¤hkÃ¶nen,0
202312070DET,SJS,chiarbe01,Ben Chiarot,0
202312070DET,SJS,coppan01,Andrew Copp,0
202312070DET,SJS,debrial01,Alex DeBrincat,0
202312070DET,SJS,fabbrro01,Robby Fabbri,0
202312070DET,SJS,fischch01,Christian Fischer,0
202312070DET,SJS,gostish01,Shayne Gostisbehere,0
202312070DET,SJS,hollju01,Justin Holl,0
202312070DET,SJS,kanepa01,Patrick Kane,0
202312070DET,SJS,kostikl01,Klim Kostin,1
202312070DET,SJS,larkidy01,Dylan Larkin,1
202312070DET,SJS,perroda01,David Perron,0
202312070DET,SJS,petryje01,Jeff Petry,0
202312070DET,SJS,rasmumi01,Michael Rasmussen,1
202312070DET,SJS,raymolu01,Lucas Raymond,1
202312070DET,SJS,seidemo01,Moritz Seider,0
202312070DET,SJS,spronda01,Daniel Sprong,0
202312070DET,SJS,velenjo01,Joe Veleno,0
202312070DET,SJS,walmaja01,Jake Walman,0
202312070DET,SJS,hussovi01,Ville Husso,0
