game_id,opponent,player_id,player_name,scored
202311270CBJ,CBJ,beechjo01,John Beecher,1
202311270CBJ,CBJ,carlobr01,Brandon Carlo,0
202311270CBJ,CBJ,coylech01,Charlie Coyle,0
202311270CBJ,CBJ,debruja01,Jake DeBrusk,0
202311270CBJ,CBJ,forbode01,Derek Forbort,0
202311270CBJ,CBJ,fredetr01,Trent Frederic,0
202311270CBJ,CBJ,geekimo01,Morgan Geekie,0
202311270CBJ,CBJ,grzelma01,Matt Grzelcyk,0
202311270CBJ,CBJ,heineda01,Danton Heinen,0
202311270CBJ,CBJ,laukoja01,Jakub Lauko,0
202311270CBJ,CBJ,lindhha01,Hampus Lindholm,0
202311270CBJ,CBJ,marchbr03,Brad Marchand,0
202311270CBJ,CBJ,mcavoch01,Charlie McAvoy,0
202311270CBJ,CBJ,pastrda01,David PastrÅÃ¡k,0
202311270CBJ,CBJ,poitrma01,Matthew Poitras,1
202311270CBJ,CBJ,shattke01,Kevin Shattenkirk,0
202311270CBJ,CBJ,vanrija01,James van Riemsdyk,0
202311270CBJ,CBJ,zachapa01,Pavel Zacha,0
202311270CBJ,CBJ,swaymje01,Jeremy Swayman,0
202311270CBJ,CBJ,ullmali01,Linus Ullmark,0
202311270CBJ,BOS,beanja01,Jake Bean,0
202311270CBJ,BOS,boqviad01,Adam Boqvist,0
202311270CBJ,BOS,chinaye01,Yegor Chinakhov,1
202311270CBJ,BOS,danfoju01,Justin Danforth,1
202311270CBJ,BOS,fantiad01,Adam Fantilli,0
202311270CBJ,BOS,gaudrjo01,Johnny Gaudreau,0
202311270CBJ,BOS,gudbrer01,Erik Gudbranson,0
202311270CBJ,BOS,jennebo01,Boone Jenner,0
202311270CBJ,BOS,jiricda01,David JiÅÃ­Äek,0
202311270CBJ,BOS,kuralse01,Sean Kuraly,0
202311270CBJ,BOS,lainepa01,Patrik Laine,0
202311270CBJ,BOS,marchki01,Kirill Marchenko,1
202311270CBJ,BOS,provoiv01,Ivan Provorov,1
202311270CBJ,BOS,robiner01,Eric Robinson,0
202311270CBJ,BOS,sillico01,Cole Sillinger,0
202311270CBJ,BOS,texieal01,Alexandre Texier,0
202311270CBJ,BOS,vorondi01,Dmitri Voronkov,1
202311270CBJ,BOS,werenza01,Zach Werenski,0
202311270CBJ,BOS,martisp01,Spencer Martin,0
