game_id,opponent,player_id,player_name,scored
202310140SJS,SJS,byrambo01,Bowen Byram,0
202310140SJS,SJS,coglian01,Andrew Cogliano,0
202310140SJS,SJS,coltoro01,Ross Colton,0
202310140SJS,SJS,drouijo01,Jonathan Drouin,0
202310140SJS,SJS,girarsa01,Samuel Girard,0
202310140SJS,SJS,johanry01,Ryan Johansen,0
202310140SJS,SJS,johnsja02,Jack Johnson,0
202310140SJS,SJS,lehkoar01,Artturi Lehkonen,0
202310140SJS,SJS,mackina01,Nathan MacKinnon,0
202310140SJS,SJS,makarca01,Cale Makar,1
202310140SJS,SJS,mansojo01,Josh Manson,0
202310140SJS,SJS,nichuva01,Valeri Nichushkin,0
202310140SJS,SJS,oconnlo01,Logan O'Connor,0
202310140SJS,SJS,olofsfr01,Fredrik Olofsson,0
202310140SJS,SJS,rantami01,Mikko Rantanen,0
202310140SJS,SJS,tatarto01,TomÃ¡Å¡ Tatar,0
202310140SJS,SJS,toewsde01,Devon Toews,0
202310140SJS,SJS,woodmi01,Miles Wood,0
202310140SJS,SJS,georgal01,Alexandar Georgiev,0
202310140SJS,COL,barabal01,Alexander Barabanov,0
202310140SJS,COL,bennima01,Matt Benning,0
202310140SJS,COL,bordeth01,Thomas Bordeleau,1
202310140SJS,COL,burroky01,Kyle Burroughs,0
202310140SJS,COL,duclaan01,Anthony Duclair,0
202310140SJS,COL,eklunwi01,William Eklund,0
202310140SJS,COL,ferrama01,Mario Ferraro,0
202310140SJS,COL,hertlto01,TomÃ¡Å¡ Hertl,0
202310140SJS,COL,hoffmmi02,Mike Hoffman,0
202310140SJS,COL,knyzhni01,Nikolai Knyzhov,0
202310140SJS,COL,kuninlu01,Luke Kunin,0
202310140SJS,COL,peterja01,Jacob Peterson,0
202310140SJS,COL,ruttaja02,Jan Rutta,0
202310140SJS,COL,smithgi01,Givani Smith,0
202310140SJS,COL,sturmni01,Nico Sturm,0
202310140SJS,COL,vlasima01,Marc-Ãdouard Vlasic,0
202310140SJS,COL,zadinfi01,Filip Zadina,0
202310140SJS,COL,zettefa01,Fabian Zetterlund,0
202310140SJS,COL,blackma01,Mackenzie Blackwood,0
