game_id,opponent,player_id,player_name,scored
202312010CBJ,CBJ,bathedr01,Drake Batherson,0
202312010CBJ,CBJ,branner01,Erik BrÃ¤nnstrÃ¶m,0
202312010CBJ,CBJ,chaboth01,Thomas Chabot,0
202312010CBJ,CBJ,chartro01,Rourke Chartier,0
202312010CBJ,CBJ,chychja01,Jakob Chychrun,0
202312010CBJ,CBJ,giroucl01,Claude Giroux,1
202312010CBJ,CBJ,hamontr01,Travis Hamonic,0
202312010CBJ,CBJ,highmma01,Matthew Highmore,0
202312010CBJ,CBJ,josepma01,Mathieu Joseph,0
202312010CBJ,CBJ,kellypa01,Parker Kelly,0
202312010CBJ,CBJ,kubaldo01,Dominik KubalÃ­k,0
202312010CBJ,CBJ,macewza01,Zack MacEwen,0
202312010CBJ,CBJ,norrijo01,Joshua Norris,0
202312010CBJ,CBJ,sandeja01,Jake Sanderson,0
202312010CBJ,CBJ,stuetti02,Tim StÃ¼tzle,0
202312010CBJ,CBJ,tarasvl01,Vladimir Tarasenko,0
202312010CBJ,CBJ,tkachbr01,Brady Tkachuk,1
202312010CBJ,CBJ,zubar01,Artem Zub,0
202312010CBJ,CBJ,korpijo01,Joonas Korpisalo,0
202312010CBJ,OTT,beanja01,Jake Bean,0
202312010CBJ,OTT,boqviad01,Adam Boqvist,0
202312010CBJ,OTT,chinaye01,Yegor Chinakhov,0
202312010CBJ,OTT,danfoju01,Justin Danforth,0
202312010CBJ,OTT,fantiad01,Adam Fantilli,1
202312010CBJ,OTT,gaudrjo01,Johnny Gaudreau,0
202312010CBJ,OTT,gudbrer01,Erik Gudbranson,0
202312010CBJ,OTT,jennebo01,Boone Jenner,1
202312010CBJ,OTT,jiricda01,David JiÅÃ­Äek,0
202312010CBJ,OTT,johnske01,Kent Johnson,0
202312010CBJ,OTT,kuralse01,Sean Kuraly,0
202312010CBJ,OTT,lainepa01,Patrik Laine,1
202312010CBJ,OTT,marchki01,Kirill Marchenko,0
202312010CBJ,OTT,olivima01,Mathieu Olivier,0
202312010CBJ,OTT,provoiv01,Ivan Provorov,0
202312010CBJ,OTT,texieal01,Alexandre Texier,0
202312010CBJ,OTT,vorondi01,Dmitri Voronkov,1
202312010CBJ,OTT,werenza01,Zach Werenski,0
202312010CBJ,OTT,merzlel01,Elvis MerzÄ¼ikins,0
