game_id,opponent,player_id,player_name,scored
202310240CBJ,CBJ,carrisa01,Sam Carrick,0
202310240CBJ,CBJ,fowleca01,Cam Fowler,0
202310240CBJ,CBJ,groulbe01,Benoit-Olivier Groulx,0
202310240CBJ,CBJ,gudasra01,Radko Gudas,0
202310240CBJ,CBJ,henriad01,Adam Henrique,0
202310240CBJ,CBJ,johnsro02,Ross Johnston,0
202310240CBJ,CBJ,jonesma03,Max Jones,0
202310240CBJ,CBJ,lacomja01,Jackson LaCombe,0
202310240CBJ,CBJ,leasobr01,Brett Leason,1
202310240CBJ,CBJ,lyubuil01,Ilya Lyubushkin,0
202310240CBJ,CBJ,mctavma01,Mason McTavish,0
202310240CBJ,CBJ,mintypa01,Pavel Mintyukov,0
202310240CBJ,CBJ,silfvja01,Jakob Silfverberg,0
202310240CBJ,CBJ,stromry01,Ryan Strome,1
202310240CBJ,CBJ,terrytr01,Troy Terry,0
202310240CBJ,CBJ,vaakaur01,Urho Vaakanainen,0
202310240CBJ,CBJ,vatrafr01,Frank Vatrano,1
202310240CBJ,CBJ,zegratr01,Trevor Zegras,0
202310240CBJ,CBJ,dostalu01,LukÃ¡Å¡ DostÃ¡l,0
202310240CBJ,ANA,beanja01,Jake Bean,0
202310240CBJ,ANA,bemstem01,Emil BemstrÃ¶m,1
202310240CBJ,ANA,danfoju01,Justin Danforth,0
202310240CBJ,ANA,fantiad01,Adam Fantilli,1
202310240CBJ,ANA,gaudrjo01,Johnny Gaudreau,0
202310240CBJ,ANA,gudbrer01,Erik Gudbranson,0
202310240CBJ,ANA,jennebo01,Boone Jenner,0
202310240CBJ,ANA,jiricda01,David JiÅÃ­Äek,0
202310240CBJ,ANA,johnske01,Kent Johnson,0
202310240CBJ,ANA,kuralse01,Sean Kuraly,0
202310240CBJ,ANA,marchki01,Kirill Marchenko,0
202310240CBJ,ANA,olivima01,Mathieu Olivier,0
202310240CBJ,ANA,provoiv01,Ivan Provorov,0
202310240CBJ,ANA,rosloja01,Jack Roslovic,0
202310240CBJ,ANA,severda01,Damon Severson,0
202310240CBJ,ANA,sillico01,Cole Sillinger,0
202310240CBJ,ANA,texieal01,Alexandre Texier,0
202310240CBJ,ANA,werenza01,Zach Werenski,0
202310240CBJ,ANA,merzlel01,Elvis MerzÄ¼ikins,0
