game_id,opponent,player_id,player_name,scored
202311160OTT,OTT,chiarbe01,Ben Chiarot,0
202311160OTT,OTT,comphj.01,J.T. Compher,0
202311160OTT,OTT,coppan01,Andrew Copp,0
202311160OTT,OTT,debrial01,Alex DeBrincat,1
202311160OTT,OTT,fabbrro01,Robby Fabbri,0
202311160OTT,OTT,fischch01,Christian Fischer,0
202311160OTT,OTT,gostish01,Shayne Gostisbehere,1
202311160OTT,OTT,kostikl01,Klim Kostin,0
202311160OTT,OTT,larkidy01,Dylan Larkin,0
202311160OTT,OTT,maattol01,Olli MÃ¤Ã¤ttÃ¤,0
202311160OTT,OTT,perroda01,David Perron,1
202311160OTT,OTT,petryje01,Jeff Petry,0
202311160OTT,OTT,rasmumi01,Michael Rasmussen,0
202311160OTT,OTT,raymolu01,Lucas Raymond,1
202311160OTT,OTT,seidemo01,Moritz Seider,0
202311160OTT,OTT,spronda01,Daniel Sprong,0
202311160OTT,OTT,velenjo01,Joe Veleno,0
202311160OTT,OTT,walmaja01,Jake Walman,0
202311160OTT,OTT,reimeja01,James Reimer,0
202311160OTT,DET,bathedr01,Drake Batherson,0
202311160OTT,DET,bernaja01,Jacob Bernard-Docker,0
202311160OTT,DET,branner01,Erik BrÃ¤nnstrÃ¶m,0
202311160OTT,DET,chartro01,Rourke Chartier,0
202311160OTT,DET,chychja01,Jakob Chychrun,0
202311160OTT,DET,giroucl01,Claude Giroux,0
202311160OTT,DET,hamontr01,Travis Hamonic,0
202311160OTT,DET,highmma01,Matthew Highmore,0
202311160OTT,DET,jarvero01,Roby Jarventie,0
202311160OTT,DET,josepma01,Mathieu Joseph,0
202311160OTT,DET,kellypa01,Parker Kelly,0
202311160OTT,DET,kubaldo01,Dominik KubalÃ­k,0
202311160OTT,DET,norrijo01,Joshua Norris,1
202311160OTT,DET,sandeja01,Jake Sanderson,1
202311160OTT,DET,stuetti02,Tim StÃ¼tzle,1
202311160OTT,DET,tarasvl01,Vladimir Tarasenko,0
202311160OTT,DET,tkachbr01,Brady Tkachuk,1
202311160OTT,DET,zubar01,Artem Zub,0
202311160OTT,DET,korpijo01,Joonas Korpisalo,0
