game_id,opponent,player_id,player_name,scored
202310190ANA,ANA,bennja01,Jamie Benn,0
202310190ANA,ANA,dadonev01,Evgenii Dadonov,0
202310190ANA,ANA,duchema01,Matt Duchene,0
202310190ANA,ANA,faksara01,Radek Faksa,0
202310190ANA,ANA,hakanja01,Jani HakanpÃ¤Ã¤,0
202310190ANA,ANA,harleth01,Thomas Harley,0
202310190ANA,ANA,heiskmi01,Miro Heiskanen,1
202310190ANA,ANA,hintzro01,Roope Hintz,1
202310190ANA,ANA,johnswy01,Wyatt Johnston,0
202310190ANA,ANA,lindees01,Esa Lindell,0
202310190ANA,ANA,lundkni01,Nils Lundkvist,0
202310190ANA,ANA,marchma01,Mason Marchment,0
202310190ANA,ANA,paveljo01,Joe Pavelski,1
202310190ANA,ANA,roberja01,Jason Robertson,0
202310190ANA,ANA,seguity01,Tyler Seguin,0
202310190ANA,ANA,smithcr01,Craig Smith,0
202310190ANA,ANA,steelsa01,Sam Steel,0
202310190ANA,ANA,suterry01,Ryan Suter,0
202310190ANA,ANA,oettija01,Jake Oettinger,0
202310190ANA,DAL,carlsle01,Leo Carlsson,1
202310190ANA,DAL,carrisa01,Sam Carrick,0
202310190ANA,DAL,fowleca01,Cam Fowler,0
202310190ANA,DAL,groulbe01,Benoit-Olivier Groulx,0
202310190ANA,DAL,gudasra01,Radko Gudas,0
202310190ANA,DAL,johnsro02,Ross Johnston,0
202310190ANA,DAL,jonesma03,Max Jones,0
202310190ANA,DAL,lacomja01,Jackson LaCombe,0
202310190ANA,DAL,leasobr01,Brett Leason,0
202310190ANA,DAL,luneatr01,Tristan Luneau,0
202310190ANA,DAL,lyubuil01,Ilya Lyubushkin,0
202310190ANA,DAL,mctavma01,Mason McTavish,0
202310190ANA,DAL,mintypa01,Pavel Mintyukov,0
202310190ANA,DAL,silfvja01,Jakob Silfverberg,0
202310190ANA,DAL,stromry01,Ryan Strome,0
202310190ANA,DAL,terrytr01,Troy Terry,1
202310190ANA,DAL,vatrafr01,Frank Vatrano,0
202310190ANA,DAL,zegratr01,Trevor Zegras,0
202310190ANA,DAL,gibsojo02,John Gibson,0
