game_id,opponent,player_id,player_name,scored
202312160EDM,EDM,barkoal01,Aleksander Barkov,1
202312160EDM,EDM,bennesa01,Sam Bennett,1
202312160EDM,EDM,cousini01,Nick Cousins,0
202312160EDM,EDM,ekmanol01,Oliver Ekman-Larsson,0
202312160EDM,EDM,forslgu02,Gustav Forsling,0
202312160EDM,EDM,kulikdm01,Dmitry Kulikov,0
202312160EDM,EDM,lockwwi01,William Lockwood,0
202312160EDM,EDM,lombery01,Ryan Lomberg,0
202312160EDM,EDM,lorenst01,Steven Lorentz,0
202312160EDM,EDM,luostee01,Eetu Luostarinen,0
202312160EDM,EDM,mahurjo01,Josh Mahura,0
202312160EDM,EDM,mikkoni01,Niko Mikkola,0
202312160EDM,EDM,montobr01,Brandon Montour,1
202312160EDM,EDM,reinhsa01,Sam Reinhart,0
202312160EDM,EDM,rodriev01,Evan Rodrigues,0
202312160EDM,EDM,stenlke01,Kevin Stenlund,0
202312160EDM,EDM,tkachma01,Matthew Tkachuk,0
202312160EDM,EDM,verhaca01,Carter Verhaeghe,1
202312160EDM,EDM,bobrose01,Sergei Bobrovsky,0
202312160EDM,FLA,bouchev01,Evan Bouchard,0
202312160EDM,FLA,brownco02,Connor Brown,0
202312160EDM,FLA,cecico01,Cody Ceci,0
202312160EDM,FLA,deshavi01,Vincent Desharnais,0
202312160EDM,FLA,draisle01,Leon Draisaitl,0
202312160EDM,FLA,ekholma01,Mattias Ekholm,0
202312160EDM,FLA,foegewa01,Warren Foegele,0
202312160EDM,FLA,gagnesa01,Sam Gagner,0
202312160EDM,FLA,hamblja01,James Hamblin,0
202312160EDM,FLA,hymanza01,Zach Hyman,1
202312160EDM,FLA,janmama02,Mattias Janmark,0
202312160EDM,FLA,kaneev01,Evander Kane,0
202312160EDM,FLA,kulakbr01,Brett Kulak,0
202312160EDM,FLA,mcdavco01,Connor McDavid,0
202312160EDM,FLA,mcleory01,Ryan McLeod,0
202312160EDM,FLA,nugenry01,Ryan Nugent-Hopkins,0
202312160EDM,FLA,nurseda01,Darnell Nurse,0
202312160EDM,FLA,ryande01,Derek Ryan,0
202312160EDM,FLA,pickaca01,Calvin Pickard,0
