game_id,opponent,player_id,player_name,scored
202310290BUF,BUF,byrambo01,Bowen Byram,0
202310290BUF,BUF,coglian01,Andrew Cogliano,0
202310290BUF,BUF,coltoro01,Ross Colton,0
202310290BUF,BUF,drouijo01,Jonathan Drouin,0
202310290BUF,BUF,girarsa01,Samuel Girard,0
202310290BUF,BUF,johanry01,Ryan Johansen,0
202310290BUF,BUF,johnsja02,Jack Johnson,0
202310290BUF,BUF,lehkoar01,Artturi Lehkonen,0
202310290BUF,BUF,mackina01,Nathan MacKinnon,0
202310290BUF,BUF,makarca01,Cale Makar,0
202310290BUF,BUF,mansojo01,Josh Manson,0
202310290BUF,BUF,nichuva01,Valeri Nichushkin,0
202310290BUF,BUF,oconnlo01,Logan O'Connor,0
202310290BUF,BUF,olofsfr01,Fredrik Olofsson,0
202310290BUF,BUF,rantami01,Mikko Rantanen,0
202310290BUF,BUF,tatarto01,TomÃ¡Å¡ Tatar,0
202310290BUF,BUF,toewsde01,Devon Toews,0
202310290BUF,BUF,woodmi01,Miles Wood,0
202310290BUF,BUF,georgal01,Alexandar Georgiev,0
202310290BUF,COL,bensoza01,Zach Benson,0
202310290BUF,COL,brysoja01,Jacob Bryson,0
202310290BUF,COL,cozendy01,Dylan Cozens,0
202310290BUF,COL,dahlira01,Rasmus Dahlin,1
202310290BUF,COL,girgeze01,Zemgus Girgensons,0
202310290BUF,COL,greenjo02,Jordan Greenway,0
202310290BUF,COL,johnser01,Erik Johnson,0
202310290BUF,COL,jokihhe01,Henri Jokiharju,0
202310290BUF,COL,jostty01,Tyson Jost,1
202310290BUF,COL,krebspe01,Peyton Krebs,0
202310290BUF,COL,mitteca01,Casey Mittelstadt,1
202310290BUF,COL,okposky01,Kyle Okposo,0
202310290BUF,COL,peterjo01,John-Jason Peterka,1
202310290BUF,COL,powerow01,Owen Power,0
202310290BUF,COL,samuema02,Mattias Samuelsson,0
202310290BUF,COL,skinnje01,Jeff Skinner,0
202310290BUF,COL,thompta01,Tage Thompson,0
202310290BUF,COL,tuchal01,Alex Tuch,0
202310290BUF,COL,luukkuk01,Ukko-Pekka Luukkonen,0
