game_id,opponent,player_id,player_name,scored
202311220ARI,ARI,alexani01,Nikita Alexandrov,0
202311220ARI,ARI,blaissa01,Sammy Blais,0
202311220ARI,ARI,buchnpa01,Pavel Buchnevich,0
202311220ARI,ARI,faulkju01,Justin Faulk,0
202311220ARI,ARI,hayeske01,Kevin Hayes,1
202311220ARI,ARI,kapanka01,Kasperi Kapanen,0
202311220ARI,ARI,krugto01,Torey Krug,0
202311220ARI,ARI,kyroujo01,Jordan Kyrou,0
202311220ARI,ARI,leddyni01,Nick Leddy,1
202311220ARI,ARI,neighja01,Jake Neighbours,0
202311220ARI,ARI,parayco01,Colton Parayko,1
202311220ARI,ARI,perunsc01,Scott Perunovich,0
202311220ARI,ARI,saadbr01,Brandon Saad,0
202311220ARI,ARI,scandma01,Marco Scandella,0
202311220ARI,ARI,schenbr01,Brayden Schenn,1
202311220ARI,ARI,sundqos01,Oskar Sundqvist,0
202311220ARI,ARI,thomaro01,Robert Thomas,1
202311220ARI,ARI,toropal01,Alexey Toropchenko,1
202311220ARI,ARI,binnijo01,Jordan Binnington,0
202311220ARI,ARI,hoferjo01,Joel Hofer,0
202311220ARI,STL,bjugsni01,Nick Bjugstad,1
202311220ARI,STL,boydtr01,Travis Boyd,0
202311220ARI,STL,brownjo01,Josh Brown,0
202311220ARI,STL,carcomi01,Michael Carcone,1
202311220ARI,STL,coolelo01,Logan Cooley,0
202311220ARI,STL,crousla01,Lawson Crouse,1
202311220ARI,STL,dumbama01,Mathew Dumba,0
202311220ARI,STL,durzise01,Sean Durzi,0
202311220ARI,STL,jenikja01,Jan JenÃ­k,0
202311220ARI,STL,kellecl01,Clayton Keller,0
202311220ARI,STL,kerfoal01,Alexander Kerfoot,0
202311220ARI,STL,kessemi01,Michael Kesselring,0
202311220ARI,STL,maccema01,Matias Maccelli,0
202311220ARI,STL,moserja01,J.J. Moser,0
202311220ARI,STL,obrieli01,Liam O'Brien,0
202311220ARI,STL,schmani01,Nick Schmaltz,1
202311220ARI,STL,stechtr01,Troy Stecher,0
202311220ARI,STL,zuckeja01,Jason Zucker,1
202311220ARI,STL,ingraco01,Connor Ingram,0
202311220ARI,STL,vejmeka01,Karel Vejmelka,0
