game_id,opponent,player_id,player_name,scored
202312120VEG,VEG,anderra01,Rasmus Andersson,0
202312120VEG,VEG,backlmi01,Mikael Backlund,0
202312120VEG,VEG,colembl01,Blake Coleman,0
202312120VEG,VEG,desimni01,Nick DeSimone,0
202312120VEG,VEG,dubedi01,Dillon DubÃ©,0
202312120VEG,VEG,gilbede01,Dennis Gilbert,0
202312120VEG,VEG,greeraj01,A.J. Greer,0
202312120VEG,VEG,hanifno01,Noah Hanifin,0
202312120VEG,VEG,huberjo01,Jonathan Huberdeau,0
202312120VEG,VEG,kadrina01,Nazem Kadri,1
202312120VEG,VEG,lindhel01,Elias Lindholm,0
202312120VEG,VEG,mangian01,Andrew Mangiapane,0
202312120VEG,VEG,oestejo01,Jordan Oesterle,0
202312120VEG,VEG,pospima01,Martin Pospisil,0
202312120VEG,VEG,ruzicad01,Adam RuÅ¾iÄka,0
202312120VEG,VEG,sharaye01,Yegor Sharangovich,1
202312120VEG,VEG,weegama01,MacKenzie Weegar,1
202312120VEG,VEG,zaryco01,Connor Zary,0
202312120VEG,VEG,wolfdu01,Dustin Wolf,0
202312120VEG,CGY,amadimi01,Michael Amadio,0
202312120VEG,CGY,barbaiv01,Ivan Barbashev,1
202312120VEG,CGY,carriwi01,William Carrier,0
202312120VEG,CGY,cottepa01,Paul Cotter,0
202312120VEG,CGY,eicheja01,Jack Eichel,0
202312120VEG,CGY,hagueni01,Nicolas Hague,0
202312120VEG,CGY,howdebr01,Brett Howden,0
202312120VEG,CGY,huttobe01,Ben Hutton,0
202312120VEG,CGY,karlswi01,William Karlsson,1
202312120VEG,CGY,koleske01,Keegan Kolesar,0
202312120VEG,CGY,audymjo01,Jonathan Marchessault,0
202312120VEG,CGY,mcnabbr01,Brayden McNabb,0
202312120VEG,CGY,pachabr01,Brayden Pachal,0
202312120VEG,CGY,pietral01,Alex Pietrangelo,0
202312120VEG,CGY,royni01,Nicolas Roy,0
202312120VEG,CGY,stephch02,Chandler Stephenson,1
202312120VEG,CGY,stonema01,Mark Stone,1
202312120VEG,CGY,whiteza01,Zach Whitecloud,0
202312120VEG,CGY,thomplo01,Logan Thompson,0
