game_id,opponent,player_id,player_name,scored
202310240VEG,VEG,andraem01,Emil Andrae,0
202310240VEG,VEG,atkinca01,Cam Atkinson,1
202310240VEG,VEG,brinkbo01,Bobby Brink,0
202310240VEG,VEG,catesno01,Noah Cates,1
202310240VEG,VEG,coutuse01,Sean Couturier,0
202310240VEG,VEG,deslani01,Nicolas Deslauriers,0
202310240VEG,VEG,farabjo01,Joel Farabee,0
202310240VEG,VEG,foersty01,Tyson Foerster,0
202310240VEG,VEG,hathaga01,Garnet Hathaway,0
202310240VEG,VEG,konectr01,Travis Konecny,0
202310240VEG,VEG,laughsc01,Scott Laughton,0
202310240VEG,VEG,poehlry01,Ryan Poehling,0
202310240VEG,VEG,sanhetr01,Travis Sanheim,0
202310240VEG,VEG,seeleni01,Nick Seeler,0
202310240VEG,VEG,tippeow01,Owen Tippett,0
202310240VEG,VEG,walkese01,Sean Walker,0
202310240VEG,VEG,yorkca01,Cameron York,0
202310240VEG,VEG,zamulye01,Yegor Zamula,0
202310240VEG,VEG,hartca01,Carter Hart,0
202310240VEG,PHI,amadimi01,Michael Amadio,0
202310240VEG,PHI,barbaiv01,Ivan Barbashev,1
202310240VEG,PHI,carriwi01,William Carrier,0
202310240VEG,PHI,cottepa01,Paul Cotter,1
202310240VEG,PHI,eicheja01,Jack Eichel,0
202310240VEG,PHI,hagueni01,Nicolas Hague,0
202310240VEG,PHI,howdebr01,Brett Howden,0
202310240VEG,PHI,karlswi01,William Karlsson,0
202310240VEG,PHI,koleske01,Keegan Kolesar,0
202310240VEG,PHI,korczka01,Kaedan Korczak,0
202310240VEG,PHI,audymjo01,Jonathan Marchessault,0
202310240VEG,PHI,martial01,Alec Martinez,0
202310240VEG,PHI,mcnabbr01,Brayden McNabb,0
202310240VEG,PHI,pachabr01,Brayden Pachal,0
202310240VEG,PHI,royni01,Nicolas Roy,0
202310240VEG,PHI,stephch02,Chandler Stephenson,0
202310240VEG,PHI,stonema01,Mark Stone,0
202310240VEG,PHI,theodsh01,Shea Theodore,1
202310240VEG,PHI,thomplo01,Logan Thompson,0
