game_id,opponent,player_id,player_name,scored
202310140MTL,MTL,athanan01,Andreas Athanasiou,0
202310140MTL,MTL,bedarco01,Connor Bedard,0
202310140MTL,MTL,dickija01,Jason Dickinson,0
202310140MTL,MTL,donatry01,Ryan Donato,0
202310140MTL,MTL,foligni01,Nick Foligno,0
202310140MTL,MTL,guttmco01,Cole Guttman,0
202310140MTL,MTL,johnsre01,Reese Johnson,0
202310140MTL,MTL,johnsty01,Tyler Johnson,1
202310140MTL,MTL,jonesse01,Seth Jones,0
202310140MTL,MTL,kaisewy01,Wyatt Kaiser,0
202310140MTL,MTL,katchbo01,Boris Katchouk,0
202310140MTL,MTL,korchke01,Kevin Korchinski,0
202310140MTL,MTL,murphco02,Connor Murphy,0
202310140MTL,MTL,perryco01,Corey Perry,0
202310140MTL,MTL,raddyta01,Taylor Raddysh,0
202310140MTL,MTL,reichlu01,Lukas Reichel,0
202310140MTL,MTL,tinorja01,Jarred Tinordi,0
202310140MTL,MTL,vlasial01,Alex Vlasic,0
202310140MTL,MTL,mrazepe01,Petr MrÃ¡zek,0
202310140MTL,CHI,anderjo05,Josh Anderson,0
202310140MTL,CHI,caufico01,Cole Caufield,1
202310140MTL,CHI,dachki01,Kirby Dach,0
202310140MTL,CHI,evansja02,Jake Evans,0
202310140MTL,CHI,gallabr01,Brendan Gallagher,0
202310140MTL,CHI,guhleka01,Kaiden Guhle,0
202310140MTL,CHI,harrijo01,Jordan Harris,0
202310140MTL,CHI,harvera01,RafaÃ«l Harvey-Pinard,0
202310140MTL,CHI,kovacjo01,Johnathan Kovacevic,0
202310140MTL,CHI,mathemi01,Mike Matheson,0
202310140MTL,CHI,monahse01,Sean Monahan,1
202310140MTL,CHI,newhoal01,Alex Newhook,0
202310140MTL,CHI,pearsta01,Tanner Pearson,1
202310140MTL,CHI,savarda01,David Savard,0
202310140MTL,CHI,slafkju01,Juraj Slafkovsky,0
202310140MTL,CHI,suzukni01,Nick Suzuki,0
202310140MTL,CHI,xhekaar01,Arber Xhekaj,0
202310140MTL,CHI,yloneje01,Jesse YlÃ¶nen,0
202310140MTL,CHI,montesa01,Sam Montembeault,0
