game_id,opponent,player_id,player_name,scored
202311090OTT,OTT,beauvan01,Anthony Beauvillier,0
202311090OTT,OTT,boesebr01,Brock Boeser,1
202311090OTT,OTT,coleia01,Ian Cole,0
202311090OTT,OTT,digiuph01,Phillip Di Giuseppe,0
202311090OTT,OTT,friedma01,Mark Friedman,0
202311090OTT,OTT,garlaco01,Conor Garland,0
202311090OTT,OTT,hoglani01,Nils HÃ¶glander,0
202311090OTT,OTT,hronefi01,Filip Hronek,0
202311090OTT,OTT,hughequ01,Quinn Hughes,0
202311090OTT,OTT,joshuda01,Dakota Joshua,0
202311090OTT,OTT,kuzmean01,Andrei Kuzmenko,0
202311090OTT,OTT,laffesa01,Sam Lafferty,0
202311090OTT,OTT,mikheil01,Ilya Mikheyev,1
202311090OTT,OTT,millejt01,J.T. Miller,1
202311090OTT,OTT,myersty01,Tyler Myers,0
202311090OTT,OTT,petteel01,Elias Pettersson,1
202311090OTT,OTT,soucyca01,Carson Soucy,0
202311090OTT,OTT,suterpi01,Pius Suter,0
202311090OTT,OTT,desmica01,Casey DeSmith,0
202311090OTT,VAN,bathedr01,Drake Batherson,1
202311090OTT,VAN,bernaja01,Jacob Bernard-Docker,0
202311090OTT,VAN,chartro01,Rourke Chartier,0
202311090OTT,VAN,chychja01,Jakob Chychrun,0
202311090OTT,VAN,giroucl01,Claude Giroux,0
202311090OTT,VAN,hamontr01,Travis Hamonic,0
202311090OTT,VAN,highmma01,Matthew Highmore,0
202311090OTT,VAN,jarvero01,Roby Jarventie,0
202311090OTT,VAN,josepma01,Mathieu Joseph,0
202311090OTT,VAN,kellypa01,Parker Kelly,0
202311090OTT,VAN,klevety01,Tyler Kleven,0
202311090OTT,VAN,kubaldo01,Dominik KubalÃ­k,0
202311090OTT,VAN,norrijo01,Joshua Norris,0
202311090OTT,VAN,sandeja01,Jake Sanderson,0
202311090OTT,VAN,stuetti02,Tim StÃ¼tzle,0
202311090OTT,VAN,tarasvl01,Vladimir Tarasenko,0
202311090OTT,VAN,tkachbr01,Brady Tkachuk,0
202311090OTT,VAN,zubar01,Artem Zub,1
202311090OTT,VAN,forsban01,Anton Forsberg,0
