game_id,opponent,player_id,player_name,scored
202312040PHI,PHI,carteje01,Jeff Carter,0
202312040PHI,PHI,crosbsi01,Sidney Crosby,1
202312040PHI,PHI,ellerla01,Lars Eller,0
202312040PHI,PHI,gravery01,Ryan Graves,0
202312040PHI,PHI,guentja01,Jake Guentzel,0
202312040PHI,PHI,harkija01,Jansen Harkins,0
202312040PHI,PHI,karlser01,Erik Karlsson,0
202312040PHI,PHI,koppajo01,Joona Koppanen,0
202312040PHI,PHI,letankr01,Kris Letang,0
202312040PHI,PHI,ludvijo01,John Ludvig,0
202312040PHI,PHI,malkiev01,Evgeni Malkin,0
202312040PHI,PHI,nylanal01,Alexander Nylander,0
202312040PHI,PHI,oconndr01,Drew O'Connor,0
202312040PHI,PHI,pettema01,Marcus Pettersson,0
202312040PHI,PHI,rustbr01,Bryan Rust,0
202312040PHI,PHI,sheary01,Ryan Shea,0
202312040PHI,PHI,smithre01,Reilly Smith,0
202312040PHI,PHI,zohorra01,Radim Zohorna,0
202312040PHI,PHI,nedelal01,Alex Nedeljkovic,0
202312040PHI,PIT,atkinca01,Cam Atkinson,0
202312040PHI,PIT,brinkbo01,Bobby Brink,0
202312040PHI,PIT,coutuse01,Sean Couturier,1
202312040PHI,PIT,deslani01,Nicolas Deslauriers,0
202312040PHI,PIT,farabjo01,Joel Farabee,0
202312040PHI,PIT,foersty01,Tyson Foerster,1
202312040PHI,PIT,frostmo01,Morgan Frost,0
202312040PHI,PIT,hathaga01,Garnet Hathaway,0
202312040PHI,PIT,konectr01,Travis Konecny,0
202312040PHI,PIT,laughsc01,Scott Laughton,0
202312040PHI,PIT,poehlry01,Ryan Poehling,0
202312040PHI,PIT,ristora01,Rasmus Ristolainen,0
202312040PHI,PIT,sanhetr01,Travis Sanheim,0
202312040PHI,PIT,seeleni01,Nick Seeler,0
202312040PHI,PIT,staalma01,Marc Staal,0
202312040PHI,PIT,tippeow01,Owen Tippett,0
202312040PHI,PIT,walkese01,Sean Walker,0
202312040PHI,PIT,yorkca01,Cameron York,0
202312040PHI,PIT,hartca01,Carter Hart,0
