game_id,opponent,player_id,player_name,scored
202311040STL,STL,anderjo05,Josh Anderson,0
202311040STL,STL,armiajo01,Joel Armia,0
202311040STL,STL,barroju01,Justin Barron,0
202311040STL,STL,caufico01,Cole Caufield,0
202311040STL,STL,dvorach01,Christian Dvorak,0
202311040STL,STL,evansja02,Jake Evans,0
202311040STL,STL,gallabr01,Brendan Gallagher,1
202311040STL,STL,guhleka01,Kaiden Guhle,0
202311040STL,STL,harrijo01,Jordan Harris,0
202311040STL,STL,kovacjo01,Johnathan Kovacevic,0
202311040STL,STL,mathemi01,Mike Matheson,0
202311040STL,STL,monahse01,Sean Monahan,0
202311040STL,STL,newhoal01,Alex Newhook,0
202311040STL,STL,pearsta01,Tanner Pearson,0
202311040STL,STL,pezzemi01,Michael Pezzetta,0
202311040STL,STL,slafkju01,Juraj Slafkovsky,1
202311040STL,STL,suzukni01,Nick Suzuki,1
202311040STL,STL,xhekaar01,Arber Xhekaj,0
202311040STL,STL,montesa01,Sam Montembeault,0
202311040STL,MTL,blaissa01,Sammy Blais,0
202311040STL,MTL,buchnpa01,Pavel Buchnevich,0
202311040STL,MTL,faulkju01,Justin Faulk,0
202311040STL,MTL,hayeske01,Kevin Hayes,0
202311040STL,MTL,kapanka01,Kasperi Kapanen,1
202311040STL,MTL,krugto01,Torey Krug,0
202311040STL,MTL,kyroujo01,Jordan Kyrou,1
202311040STL,MTL,leddyni01,Nick Leddy,0
202311040STL,MTL,neighja01,Jake Neighbours,0
202311040STL,MTL,parayco01,Colton Parayko,0
202311040STL,MTL,saadbr01,Brandon Saad,1
202311040STL,MTL,scandma01,Marco Scandella,0
202311040STL,MTL,schenbr01,Brayden Schenn,1
202311040STL,MTL,sundqos01,Oskar Sundqvist,0
202311040STL,MTL,thomaro01,Robert Thomas,1
202311040STL,MTL,toropal01,Alexey Toropchenko,1
202311040STL,MTL,tuckety01,Tyler Tucker,0
202311040STL,MTL,vranaja01,Jakub VrÃ¡na,0
202311040STL,MTL,hoferjo01,Joel Hofer,0
