game_id,opponent,player_id,player_name,scored
202312070COL,COL,applema01,Mason Appleton,0
202312070COL,COL,barromo01,Morgan Barron,0
202312070COL,COL,connoky01,Kyle Connor,1
202312070COL,COL,demeldy01,Dylan DeMelo,0
202312070COL,COL,dillobr01,Brenden Dillon,0
202312070COL,COL,ehlerni01,Nikolaj Ehlers,0
202312070COL,COL,gustada01,David Gustafsson,0
202312070COL,COL,iafalal01,Alex Iafallo,0
202312070COL,COL,jonssax01,Axel Jonsson-FjÃ¤llby,0
202312070COL,COL,lowryad01,Adam Lowry,1
202312070COL,COL,morrijo04,Josh Morrissey,1
202312070COL,COL,niedeni01,Nino Niederreiter,0
202312070COL,COL,perfeco01,Cole Perfetti,0
202312070COL,COL,pionkne01,Neal Pionk,0
202312070COL,COL,sambedy01,Dylan Samberg,0
202312070COL,COL,scheima01,Mark Scheifele,0
202312070COL,COL,stanllo01,Logan Stanley,0
202312070COL,COL,vilarga01,Gabriel Vilardi,0
202312070COL,COL,helleco01,Connor Hellebuyck,0
202312070COL,WPG,byrambo01,Bowen Byram,0
202312070COL,WPG,coglian01,Andrew Cogliano,0
202312070COL,WPG,coltoro01,Ross Colton,0
202312070COL,WPG,drouijo01,Jonathan Drouin,0
202312070COL,WPG,johanry01,Ryan Johansen,0
202312070COL,WPG,johnsja02,Jack Johnson,0
202312070COL,WPG,kivirjo01,Joel Kiviranta,1
202312070COL,WPG,macdeku01,Kurtis MacDermid,0
202312070COL,WPG,mackina01,Nathan MacKinnon,1
202312070COL,WPG,makarca01,Cale Makar,0
202312070COL,WPG,malinsa01,Sam Malinski,0
202312070COL,WPG,mansojo01,Josh Manson,0
202312070COL,WPG,oconnlo01,Logan O'Connor,0
202312070COL,WPG,olofsfr01,Fredrik Olofsson,0
202312070COL,WPG,rantami01,Mikko Rantanen,0
202312070COL,WPG,tatarto01,TomÃ¡Å¡ Tatar,0
202312070COL,WPG,toewsde01,Devon Toews,0
202312070COL,WPG,woodmi01,Miles Wood,0
202312070COL,WPG,georgal01,Alexandar Georgiev,0
