game_id,opponent,player_id,player_name,scored
202310140CBJ,CBJ,boninni01,Nick Bonino,0
202310140CBJ,CBJ,chytifi01,Filip Chytil,0
202310140CBJ,CBJ,cuyllwi01,William Cuylle,1
202310140CBJ,CBJ,foxad01,Adam Fox,0
202310140CBJ,CBJ,goodrba01,Barclay Goodrow,0
202310140CBJ,CBJ,gustaer02,Erik Gustafsson,1
202310140CBJ,CBJ,jonesza01,Zachary Jones,0
202310140CBJ,CBJ,kakkoka01,Kaapo Kakko,0
202310140CBJ,CBJ,kreidch01,Chris Kreider,1
202310140CBJ,CBJ,lafreal01,Alexis LafreniÃ¨re,0
202310140CBJ,CBJ,milleka01,K'Andre Miller,0
202310140CBJ,CBJ,panarar01,Artemi Panarin,0
202310140CBJ,CBJ,schnebr01,Braden Schneider,0
202310140CBJ,CBJ,trochvi01,Vincent Trocheck,0
202310140CBJ,CBJ,troubja01,Jacob Trouba,0
202310140CBJ,CBJ,veseyji02,Jimmy Vesey,0
202310140CBJ,CBJ,wheelbl01,Blake Wheeler,0
202310140CBJ,CBJ,zibanmi01,Mika Zibanejad,0
202310140CBJ,CBJ,shestig01,Igor Shesterkin,0
202310140CBJ,NYR,beanja01,Jake Bean,0
202310140CBJ,NYR,boqviad01,Adam Boqvist,0
202310140CBJ,NYR,danfoju01,Justin Danforth,1
202310140CBJ,NYR,fantiad01,Adam Fantilli,0
202310140CBJ,NYR,foudyli01,Liam Foudy,0
202310140CBJ,NYR,gaudrjo01,Johnny Gaudreau,0
202310140CBJ,NYR,gudbrer01,Erik Gudbranson,0
202310140CBJ,NYR,jennebo01,Boone Jenner,1
202310140CBJ,NYR,jiricda01,David JiÅÃ­Äek,1
202310140CBJ,NYR,johnske01,Kent Johnson,0
202310140CBJ,NYR,kuralse01,Sean Kuraly,0
202310140CBJ,NYR,lainepa01,Patrik Laine,0
202310140CBJ,NYR,marchki01,Kirill Marchenko,0
202310140CBJ,NYR,olivima01,Mathieu Olivier,0
202310140CBJ,NYR,provoiv01,Ivan Provorov,0
202310140CBJ,NYR,severda01,Damon Severson,0
202310140CBJ,NYR,sillico01,Cole Sillinger,0
202310140CBJ,NYR,texieal01,Alexandre Texier,0
202310140CBJ,NYR,martisp01,Spencer Martin,0
202310140CBJ,NYR,merzlel01,Elvis MerzÄ¼ikins,0
