game_id,opponent,player_id,player_name,scored
202312020TOR,TOR,carlobr01,Brandon Carlo,0
202312020TOR,TOR,coylech01,Charlie Coyle,0
202312020TOR,TOR,debruja01,Jake DeBrusk,0
202312020TOR,TOR,forbode01,Derek Forbort,0
202312020TOR,TOR,fredetr01,Trent Frederic,1
202312020TOR,TOR,geekimo01,Morgan Geekie,0
202312020TOR,TOR,grzelma01,Matt Grzelcyk,0
202312020TOR,TOR,heineda01,Danton Heinen,0
202312020TOR,TOR,laukoja01,Jakub Lauko,0
202312020TOR,TOR,lindhha01,Hampus Lindholm,0
202312020TOR,TOR,marchbr03,Brad Marchand,1
202312020TOR,TOR,mcavoch01,Charlie McAvoy,0
202312020TOR,TOR,pastrda01,David PastrÅÃ¡k,1
202312020TOR,TOR,poitrma01,Matthew Poitras,0
202312020TOR,TOR,shattke01,Kevin Shattenkirk,1
202312020TOR,TOR,steenos01,Oskar Steen,0
202312020TOR,TOR,vanrija01,James van Riemsdyk,0
202312020TOR,TOR,zachapa01,Pavel Zacha,0
202312020TOR,TOR,ullmali01,Linus Ullmark,0
202312020TOR,BOS,benoisi01,Simon Benoit,0
202312020TOR,BOS,bertuty01,Tyler Bertuzzi,0
202312020TOR,BOS,broditj01,T.J. Brodie,0
202312020TOR,BOS,domima01,Max Domi,1
202312020TOR,BOS,gregono01,Noah Gregor,0
202312020TOR,BOS,jarnkca01,Calle JÃ¤rnkrok,0
202312020TOR,BOS,kampfda01,David KÃ¤mpf,0
202312020TOR,BOS,kniesma01,Matthew Knies,0
202312020TOR,BOS,lageswi01,William Lagesson,0
202312020TOR,BOS,marnemi01,Mitch Marner,0
202312020TOR,BOS,matthau01,Auston Matthews,1
202312020TOR,BOS,mccabja01,Jake McCabe,0
202312020TOR,BOS,nylanwi01,William Nylander,0
202312020TOR,BOS,reavery01,Ryan Reaves,0
202312020TOR,BOS,riellmo01,Morgan Rielly,0
202312020TOR,BOS,roberni01,Nicholas Robertson,0
202312020TOR,BOS,tavarjo01,John Tavares,0
202312020TOR,BOS,timmico01,Conor Timmins,0
202312020TOR,BOS,wolljo01,Joseph Woll,0
