game_id,opponent,player_id,player_name,scored
202311070SJS,SJS,atkinca01,Cam Atkinson,0
202311070SJS,SJS,belpelo01,Louis Belpedio,0
202311070SJS,SJS,brinkbo01,Bobby Brink,0
202311070SJS,SJS,catesno01,Noah Cates,0
202311070SJS,SJS,coutuse01,Sean Couturier,0
202311070SJS,SJS,deslani01,Nicolas Deslauriers,0
202311070SJS,SJS,farabjo01,Joel Farabee,1
202311070SJS,SJS,foersty01,Tyson Foerster,0
202311070SJS,SJS,hathaga01,Garnet Hathaway,0
202311070SJS,SJS,konectr01,Travis Konecny,0
202311070SJS,SJS,laughsc01,Scott Laughton,0
202311070SJS,SJS,poehlry01,Ryan Poehling,0
202311070SJS,SJS,sanhetr01,Travis Sanheim,0
202311070SJS,SJS,seeleni01,Nick Seeler,0
202311070SJS,SJS,tippeow01,Owen Tippett,0
202311070SJS,SJS,walkese01,Sean Walker,0
202311070SJS,SJS,yorkca01,Cameron York,0
202311070SJS,SJS,zamulye01,Yegor Zamula,0
202311070SJS,SJS,erssosa01,Samuel Ersson,0
202311070SJS,PHI,burroky01,Kyle Burroughs,0
202311070SJS,PHI,carpery01,Ryan Carpenter,0
202311070SJS,PHI,duclaan01,Anthony Duclair,1
202311070SJS,PHI,eklunwi01,William Eklund,1
202311070SJS,PHI,emberty01,Ty Emberson,0
202311070SJS,PHI,ferrama01,Mario Ferraro,0
202311070SJS,PHI,granlmi01,Mikael Granlund,0
202311070SJS,PHI,hertlto01,TomÃ¡Å¡ Hertl,0
202311070SJS,PHI,hoffmmi02,Mike Hoffman,0
202311070SJS,PHI,kuninlu01,Luke Kunin,0
202311070SJS,PHI,labanke01,Kevin Labanc,0
202311070SJS,PHI,okhotni01,Nikita Okhotyuk,0
202311070SJS,PHI,ruttaja02,Jan Rutta,0
202311070SJS,PHI,smithgi01,Givani Smith,0
202311070SJS,PHI,sturmni01,Nico Sturm,0
202311070SJS,PHI,vlasima01,Marc-Ãdouard Vlasic,0
202311070SJS,PHI,zadinfi01,Filip Zadina,0
202311070SJS,PHI,zettefa01,Fabian Zetterlund,0
202311070SJS,PHI,blackma01,Mackenzie Blackwood,0
