game_id,opponent,player_id,player_name,scored
202310270ARI,ARI,andermi02,Michael Anderson,1
202310270ARI,ARI,byfiequ01,Quinton Byfield,1
202310270ARI,ARI,danauph01,Phillip Danault,0
202310270ARI,ARI,doughdr01,Drew Doughty,1
202310270ARI,ARI,duboipi01,Pierre-Luc Dubois,0
202310270ARI,ARI,engluan01,Andreas Englund,0
202310270ARI,ARI,fialake01,Kevin Fiala,0
202310270ARI,ARI,gavrivl01,Vladislav Gavrikov,0
202310270ARI,ARI,grundca01,Carl GrundstrÃ¶m,0
202310270ARI,ARI,kaliyar01,Arthur Kaliyev,0
202310270ARI,ARI,kempead01,Adrian Kempe,0
202310270ARI,ARI,kopitan01,AnÅ¾e Kopitar,1
202310270ARI,ARI,laferal01,Alex Laferriere,0
202310270ARI,ARI,lewistr01,Trevor Lewis,0
202310270ARI,ARI,lizotbl01,Blake Lizotte,0
202310270ARI,ARI,mooretr01,Trevor Moore,0
202310270ARI,ARI,royma04,Matt Roy,0
202310270ARI,ARI,spencjo01,Jordan Spence,0
202310270ARI,ARI,copleph01,Pheonix Copley,0
202310270ARI,ARI,talboca01,Cam Talbot,0
202310270ARI,LAK,bjugsni01,Nick Bjugstad,0
202310270ARI,LAK,boydtr01,Travis Boyd,0
202310270ARI,LAK,brownjo01,Josh Brown,0
202310270ARI,LAK,carcomi01,Michael Carcone,0
202310270ARI,LAK,coolelo01,Logan Cooley,0
202310270ARI,LAK,dumbama01,Mathew Dumba,0
202310270ARI,LAK,durzise01,Sean Durzi,1
202310270ARI,LAK,haytoba01,Barrett Hayton,0
202310270ARI,LAK,kellecl01,Clayton Keller,0
202310270ARI,LAK,kerfoal01,Alexander Kerfoot,0
202310270ARI,LAK,maccema01,Matias Maccelli,1
202310270ARI,LAK,mcbaija03,Jack McBain,1
202310270ARI,LAK,moserja01,J.J. Moser,1
202310270ARI,LAK,obrieli01,Liam O'Brien,0
202310270ARI,LAK,sanfoza01,Zach Sanford,0
202310270ARI,LAK,schmani01,Nick Schmaltz,0
202310270ARI,LAK,stechtr01,Troy Stecher,0
202310270ARI,LAK,valimju01,Juuso VÃ¤limÃ¤ki,0
202310270ARI,LAK,vejmeka01,Karel Vejmelka,0
