game_id,opponent,player_id,player_name,scored
202312060EDM,EDM,ahose01,Sebastian Aho,0
202312060EDM,EDM,buntimi01,Michael Bunting,0
202312060EDM,EDM,burnsbr01,Brent Burns,0
202312060EDM,EDM,chatfja01,Jalen Chatfield,0
202312060EDM,EDM,druryja01,Jack Drury,0
202312060EDM,EDM,fastje01,Jesper Fast,0
202312060EDM,EDM,jarvise01,Seth Jarvis,0
202312060EDM,EDM,kotkaje01,Jesperi Kotkaniemi,0
202312060EDM,EDM,martijo01,Jordan Martinook,0
202312060EDM,EDM,necasma01,Martin NeÄas,0
202312060EDM,EDM,noesest01,Stefan Noesen,0
202312060EDM,EDM,orlovdm01,Dmitry Orlov,0
202312060EDM,EDM,pescebr01,Brett Pesce,0
202312060EDM,EDM,skjeibr01,Brady Skjei,0
202312060EDM,EDM,slavija01,Jaccob Slavin,0
202312060EDM,EDM,staaljo01,Jordan Staal,1
202312060EDM,EDM,svechan01,Andrei Svechnikov,0
202312060EDM,EDM,teravte01,Teuvo TerÃ¤vÃ¤inen,0
202312060EDM,EDM,kochepy01,Pyotr Kochetkov,0
202312060EDM,EDM,raantan01,Antti Raanta,0
202312060EDM,CAR,bouchev01,Evan Bouchard,0
202312060EDM,CAR,brownco02,Connor Brown,0
202312060EDM,CAR,cecico01,Cody Ceci,0
202312060EDM,CAR,deshavi01,Vincent Desharnais,0
202312060EDM,CAR,draisle01,Leon Draisaitl,0
202312060EDM,CAR,ekholma01,Mattias Ekholm,1
202312060EDM,CAR,foegewa01,Warren Foegele,1
202312060EDM,CAR,gagnesa01,Sam Gagner,0
202312060EDM,CAR,hamblja01,James Hamblin,0
202312060EDM,CAR,hymanza01,Zach Hyman,1
202312060EDM,CAR,janmama02,Mattias Janmark,0
202312060EDM,CAR,kaneev01,Evander Kane,0
202312060EDM,CAR,kulakbr01,Brett Kulak,0
202312060EDM,CAR,mcdavco01,Connor McDavid,0
202312060EDM,CAR,mcleory01,Ryan McLeod,1
202312060EDM,CAR,nugenry01,Ryan Nugent-Hopkins,0
202312060EDM,CAR,nurseda01,Darnell Nurse,0
202312060EDM,CAR,ryande01,Derek Ryan,0
202312060EDM,CAR,skinnst01,Stuart Skinner,0
