game_id,opponent,player_id,player_name,scored
202312120STL,STL,berggjo02,Jonatan Berggren,1
202312120STL,STL,chiarbe01,Ben Chiarot,0
202312120STL,STL,coppan01,Andrew Copp,0
202312120STL,STL,czarnau01,Austin Czarnik,0
202312120STL,STL,debrial01,Alex DeBrincat,0
202312120STL,STL,fabbrro01,Robby Fabbri,1
202312120STL,STL,fischch01,Christian Fischer,0
202312120STL,STL,gostish01,Shayne Gostisbehere,0
202312120STL,STL,hollju01,Justin Holl,0
202312120STL,STL,kanepa01,Patrick Kane,0
202312120STL,STL,maattol01,Olli MÃ¤Ã¤ttÃ¤,0
202312120STL,STL,petryje01,Jeff Petry,0
202312120STL,STL,rasmumi01,Michael Rasmussen,1
202312120STL,STL,raymolu01,Lucas Raymond,1
202312120STL,STL,seidemo01,Moritz Seider,1
202312120STL,STL,spronda01,Daniel Sprong,0
202312120STL,STL,velenjo01,Joe Veleno,0
202312120STL,STL,walmaja01,Jake Walman,1
202312120STL,STL,hussovi01,Ville Husso,0
202312120STL,DET,blaissa01,Sammy Blais,0
202312120STL,DET,buchnpa01,Pavel Buchnevich,0
202312120STL,DET,faulkju01,Justin Faulk,0
202312120STL,DET,hayeske01,Kevin Hayes,1
202312120STL,DET,kapanka01,Kasperi Kapanen,0
202312120STL,DET,krugto01,Torey Krug,0
202312120STL,DET,kyroujo01,Jordan Kyrou,0
202312120STL,DET,leddyni01,Nick Leddy,0
202312120STL,DET,mcginhu01,Hugh McGing,0
202312120STL,DET,neighja01,Jake Neighbours,0
202312120STL,DET,parayco01,Colton Parayko,0
202312120STL,DET,perunsc01,Scott Perunovich,0
202312120STL,DET,saadbr01,Brandon Saad,1
202312120STL,DET,scandma01,Marco Scandella,1
202312120STL,DET,schenbr01,Brayden Schenn,0
202312120STL,DET,sundqos01,Oskar Sundqvist,0
202312120STL,DET,thomaro01,Robert Thomas,0
202312120STL,DET,toropal01,Alexey Toropchenko,0
202312120STL,DET,binnijo01,Jordan Binnington,0
