game_id,opponent,player_id,player_name,scored
202311240SEA,SEA,amanni01,Nils Ãman,0
202311240SEA,SEA,beauvan01,Anthony Beauvillier,0
202311240SEA,SEA,bluegte01,Teddy Blueger,1
202311240SEA,SEA,boesebr01,Brock Boeser,0
202311240SEA,SEA,coleia01,Ian Cole,0
202311240SEA,SEA,digiuph01,Phillip Di Giuseppe,0
202311240SEA,SEA,friedma01,Mark Friedman,0
202311240SEA,SEA,garlaco01,Conor Garland,0
202311240SEA,SEA,hoglani01,Nils HÃ¶glander,1
202311240SEA,SEA,hronefi01,Filip Hronek,0
202311240SEA,SEA,hughequ01,Quinn Hughes,0
202311240SEA,SEA,joshuda01,Dakota Joshua,1
202311240SEA,SEA,juulsno01,Noah Juulsen,0
202311240SEA,SEA,laffesa01,Sam Lafferty,1
202311240SEA,SEA,mikheil01,Ilya Mikheyev,1
202311240SEA,SEA,millejt01,J.T. Miller,0
202311240SEA,SEA,myersty01,Tyler Myers,0
202311240SEA,SEA,petteel01,Elias Pettersson,0
202311240SEA,SEA,demkoth01,Thatcher Demko,0
202311240SEA,VAN,bellepi01,Pierre-Ãdouard Bellemare,0
202311240SEA,VAN,beniema01,Matthew Beniers,0
202311240SEA,VAN,bjorkol01,Oliver Bjorkstrand,0
202311240SEA,VAN,borgewi01,William Borgen,0
202311240SEA,VAN,dumoubr01,Brian Dumoulin,0
202311240SEA,VAN,dunnvi02,Vince Dunn,0
202311240SEA,VAN,eberljo01,Jordan Eberle,0
202311240SEA,VAN,gourdya01,Yanni Gourde,0
202311240SEA,VAN,kartyty01,Tye Kartye,1
202311240SEA,VAN,larssad01,Adam Larsson,0
202311240SEA,VAN,mccanja01,Jared McCann,0
202311240SEA,VAN,oleksja01,Jamie Oleksiak,0
202311240SEA,VAN,schulju01,Justin Schultz,0
202311240SEA,VAN,schwaja01,Jaden Schwartz,0
202311240SEA,VAN,tanevbr01,Brandon Tanev,0
202311240SEA,VAN,tolvaee01,Eeli Tolvanen,0
202311240SEA,VAN,wennbal01,Alexander Wennberg,0
202311240SEA,VAN,yamamka01,Kailer Yamamoto,0
202311240SEA,VAN,daccojo01,Joey Daccord,0
