game_id,opponent,player_id,player_name,scored
202312070VAN,VAN,boldyma01,Matt Boldy,0
202312070VAN,VAN,brodijo01,Jonas Brodin,0
202312070VAN,VAN,dewarco01,Connor Dewar,0
202312070VAN,VAN,duhaibr01,Brandon Duhaime,0
202312070VAN,VAN,eriksjo02,Joel Eriksson Ek,0
202312070VAN,VAN,faberbr01,Brock Faber,0
202312070VAN,VAN,foligma01,Marcus Foligno,0
202312070VAN,VAN,gaudrfr01,FrÃ©dÃ©rick Gaudreau,0
202312070VAN,VAN,goligal01,Alex Goligoski,0
202312070VAN,VAN,hartmry01,Ryan Hartman,0
202312070VAN,VAN,johanma03,Marcus Johansson,0
202312070VAN,VAN,kapriki01,Kirill Kaprizov,0
202312070VAN,VAN,maroopa01,Pat Maroon,0
202312070VAN,VAN,merrijo01,Jonathon Merrill,0
202312070VAN,VAN,middlja01,Jacob Middleton,0
202312070VAN,VAN,rossima01,Marco Rossi,0
202312070VAN,VAN,spurgja01,Jared Spurgeon,0
202312070VAN,VAN,zuccama01,Mats Zuccarello,0
202312070VAN,VAN,gustafi01,Filip Gustavsson,0
202312070VAN,MIN,amanni01,Nils Ãman,0
202312070VAN,MIN,bluegte01,Teddy Blueger,1
202312070VAN,MIN,boesebr01,Brock Boeser,0
202312070VAN,MIN,coleia01,Ian Cole,0
202312070VAN,MIN,digiuph01,Phillip Di Giuseppe,0
202312070VAN,MIN,garlaco01,Conor Garland,0
202312070VAN,MIN,hoglani01,Nils HÃ¶glander,1
202312070VAN,MIN,hronefi01,Filip Hronek,0
202312070VAN,MIN,hughequ01,Quinn Hughes,0
202312070VAN,MIN,joshuda01,Dakota Joshua,0
202312070VAN,MIN,juulsno01,Noah Juulsen,0
202312070VAN,MIN,kuzmean01,Andrei Kuzmenko,0
202312070VAN,MIN,laffesa01,Sam Lafferty,0
202312070VAN,MIN,mikheil01,Ilya Mikheyev,0
202312070VAN,MIN,millejt01,J.T. Miller,0
202312070VAN,MIN,myersty01,Tyler Myers,0
202312070VAN,MIN,petteel01,Elias Pettersson,0
202312070VAN,MIN,zadorni01,Nikita Zadorov,0
202312070VAN,MIN,desmica01,Casey DeSmith,0
