game_id,opponent,player_id,player_name,scored
202310140TOR,TOR,addisca01,Calen Addison,0
202310140TOR,TOR,boldyma01,Matt Boldy,1
202310140TOR,TOR,brodijo01,Jonas Brodin,0
202310140TOR,TOR,dewarco01,Connor Dewar,0
202310140TOR,TOR,duhaibr01,Brandon Duhaime,1
202310140TOR,TOR,eriksjo02,Joel Eriksson Ek,0
202310140TOR,TOR,faberbr01,Brock Faber,0
202310140TOR,TOR,foligma01,Marcus Foligno,0
202310140TOR,TOR,gaudrfr01,FrÃ©dÃ©rick Gaudreau,0
202310140TOR,TOR,goligal01,Alex Goligoski,0
202310140TOR,TOR,hartmry01,Ryan Hartman,1
202310140TOR,TOR,johanma03,Marcus Johansson,0
202310140TOR,TOR,kapriki01,Kirill Kaprizov,0
202310140TOR,TOR,maroopa01,Pat Maroon,0
202310140TOR,TOR,merrijo01,Jonathon Merrill,0
202310140TOR,TOR,middlja01,Jacob Middleton,0
202310140TOR,TOR,rossima01,Marco Rossi,1
202310140TOR,TOR,zuccama01,Mats Zuccarello,0
202310140TOR,TOR,gustafi01,Filip Gustavsson,0
202310140TOR,MIN,bertuty01,Tyler Bertuzzi,1
202310140TOR,MIN,broditj01,T.J. Brodie,0
202310140TOR,MIN,domima01,Max Domi,0
202310140TOR,MIN,giordma01,Mark Giordano,0
202310140TOR,MIN,gregono01,Noah Gregor,0
202310140TOR,MIN,jarnkca01,Calle JÃ¤rnkrok,1
202310140TOR,MIN,kampfda01,David KÃ¤mpf,0
202310140TOR,MIN,klingjo01,John Klingberg,0
202310140TOR,MIN,kniesma01,Matthew Knies,0
202310140TOR,MIN,liljeti01,Timothy Liljegren,0
202310140TOR,MIN,marnemi01,Mitch Marner,0
202310140TOR,MIN,matthau01,Auston Matthews,1
202310140TOR,MIN,mccabja01,Jake McCabe,0
202310140TOR,MIN,mintefr01,Fraser Minten,0
202310140TOR,MIN,nylanwi01,William Nylander,1
202310140TOR,MIN,reavery01,Ryan Reaves,0
202310140TOR,MIN,riellmo01,Morgan Rielly,0
202310140TOR,MIN,tavarjo01,John Tavares,0
202310140TOR,MIN,samsoil01,Ilya Samsonov,0
