game_id,opponent,player_id,player_name,scored
202310190SJS,SJS,beechjo01,John Beecher,0
202310190SJS,SJS,carlobr01,Brandon Carlo,0
202310190SJS,SJS,coylech01,Charlie Coyle,0
202310190SJS,SJS,debruja01,Jake DeBrusk,0
202310190SJS,SJS,forbode01,Derek Forbort,0
202310190SJS,SJS,fredetr01,Trent Frederic,0
202310190SJS,SJS,geekimo01,Morgan Geekie,0
202310190SJS,SJS,grzelma01,Matt Grzelcyk,0
202310190SJS,SJS,laukoja01,Jakub Lauko,0
202310190SJS,SJS,lindhha01,Hampus Lindholm,0
202310190SJS,SJS,lucicmi01,Milan Lucic,0
202310190SJS,SJS,marchbr03,Brad Marchand,1
202310190SJS,SJS,mcavoch01,Charlie McAvoy,0
202310190SJS,SJS,pastrda01,David PastrÅÃ¡k,1
202310190SJS,SJS,poitrma01,Matthew Poitras,0
202310190SJS,SJS,shattke01,Kevin Shattenkirk,0
202310190SJS,SJS,vanrija01,James van Riemsdyk,1
202310190SJS,SJS,zachapa01,Pavel Zacha,0
202310190SJS,SJS,ullmali01,Linus Ullmark,0
202310190SJS,BOS,barabal01,Alexander Barabanov,0
202310190SJS,BOS,bennima01,Matt Benning,0
202310190SJS,BOS,bordeth01,Thomas Bordeleau,0
202310190SJS,BOS,burroky01,Kyle Burroughs,0
202310190SJS,BOS,duclaan01,Anthony Duclair,1
202310190SJS,BOS,eklunwi01,William Eklund,0
202310190SJS,BOS,ferrama01,Mario Ferraro,0
202310190SJS,BOS,hertlto01,TomÃ¡Å¡ Hertl,0
202310190SJS,BOS,hoffmmi02,Mike Hoffman,0
202310190SJS,BOS,knyzhni01,Nikolai Knyzhov,0
202310190SJS,BOS,kuninlu01,Luke Kunin,0
202310190SJS,BOS,labanke01,Kevin Labanc,0
202310190SJS,BOS,ruttaja02,Jan Rutta,0
202310190SJS,BOS,smithgi01,Givani Smith,0
202310190SJS,BOS,sturmni01,Nico Sturm,0
202310190SJS,BOS,vlasima01,Marc-Ãdouard Vlasic,0
202310190SJS,BOS,zadinfi01,Filip Zadina,0
202310190SJS,BOS,zettefa01,Fabian Zetterlund,0
202310190SJS,BOS,kahkoka01,Kaapo KÃ¤hkÃ¶nen,0
