game_id,opponent,player_id,player_name,scored
202312150DAL,DAL,bathedr01,Drake Batherson,1
202312150DAL,DAL,bernaja01,Jacob Bernard-Docker,0
202312150DAL,DAL,branner01,Erik BrÃ¤nnstrÃ¶m,0
202312150DAL,DAL,chartro01,Rourke Chartier,0
202312150DAL,DAL,chychja01,Jakob Chychrun,0
202312150DAL,DAL,giroucl01,Claude Giroux,0
202312150DAL,DAL,greigri01,Ridly Greig,0
202312150DAL,DAL,hamontr01,Travis Hamonic,1
202312150DAL,DAL,josepma01,Mathieu Joseph,0
202312150DAL,DAL,kastema01,Mark Kastelic,0
202312150DAL,DAL,kellypa01,Parker Kelly,0
202312150DAL,DAL,kubaldo01,Dominik KubalÃ­k,0
202312150DAL,DAL,macewza01,Zack MacEwen,0
202312150DAL,DAL,norrijo01,Joshua Norris,1
202312150DAL,DAL,sandeja01,Jake Sanderson,0
202312150DAL,DAL,stuetti02,Tim StÃ¼tzle,0
202312150DAL,DAL,tkachbr01,Brady Tkachuk,0
202312150DAL,DAL,zubar01,Artem Zub,0
202312150DAL,DAL,forsban01,Anton Forsberg,0
202312150DAL,OTT,bennja01,Jamie Benn,0
202312150DAL,OTT,dadonev01,Evgenii Dadonov,0
202312150DAL,OTT,duchema01,Matt Duchene,1
202312150DAL,OTT,faksara01,Radek Faksa,0
202312150DAL,OTT,hakanja01,Jani HakanpÃ¤Ã¤,0
202312150DAL,OTT,hanlejo01,Joel Hanley,0
202312150DAL,OTT,harleth01,Thomas Harley,1
202312150DAL,OTT,heiskmi01,Miro Heiskanen,1
202312150DAL,OTT,hintzro01,Roope Hintz,0
202312150DAL,OTT,johnswy01,Wyatt Johnston,0
202312150DAL,OTT,lindees01,Esa Lindell,1
202312150DAL,OTT,marchma01,Mason Marchment,0
202312150DAL,OTT,paveljo01,Joe Pavelski,1
202312150DAL,OTT,roberja01,Jason Robertson,0
202312150DAL,OTT,seguity01,Tyler Seguin,0
202312150DAL,OTT,smithcr01,Craig Smith,0
202312150DAL,OTT,steelsa01,Sam Steel,0
202312150DAL,OTT,suterry01,Ryan Suter,0
202312150DAL,OTT,oettija01,Jake Oettinger,0
202312150DAL,OTT,wedgesc01,Scott Wedgewood,0
