game_id,opponent,player_id,player_name,scored
202312160PHI,PHI,chiarbe01,Ben Chiarot,0
202312160PHI,PHI,comphj.01,J.T. Compher,0
202312160PHI,PHI,coppan01,Andrew Copp,0
202312160PHI,PHI,czarnau01,Austin Czarnik,0
202312160PHI,PHI,debrial01,Alex DeBrincat,0
202312160PHI,PHI,fabbrro01,Robby Fabbri,0
202312160PHI,PHI,fischch01,Christian Fischer,0
202312160PHI,PHI,gostish01,Shayne Gostisbehere,0
202312160PHI,PHI,kanepa01,Patrick Kane,0
202312160PHI,PHI,kostikl01,Klim Kostin,0
202312160PHI,PHI,maattol01,Olli MÃ¤Ã¤ttÃ¤,0
202312160PHI,PHI,petryje01,Jeff Petry,0
202312160PHI,PHI,rasmumi01,Michael Rasmussen,0
202312160PHI,PHI,raymolu01,Lucas Raymond,0
202312160PHI,PHI,seidemo01,Moritz Seider,0
202312160PHI,PHI,spronda01,Daniel Sprong,0
202312160PHI,PHI,velenjo01,Joe Veleno,0
202312160PHI,PHI,walmaja01,Jake Walman,0
202312160PHI,PHI,hussovi01,Ville Husso,0
202312160PHI,PHI,lyonal01,Alex Lyon,0
202312160PHI,DET,atkinca01,Cam Atkinson,0
202312160PHI,DET,brinkbo01,Bobby Brink,0
202312160PHI,DET,coutuse01,Sean Couturier,0
202312160PHI,DET,deslani01,Nicolas Deslauriers,0
202312160PHI,DET,farabjo01,Joel Farabee,0
202312160PHI,DET,foersty01,Tyson Foerster,0
202312160PHI,DET,frostmo01,Morgan Frost,0
202312160PHI,DET,hathaga01,Garnet Hathaway,0
202312160PHI,DET,konectr01,Travis Konecny,0
202312160PHI,DET,laughsc01,Scott Laughton,0
202312160PHI,DET,poehlry01,Ryan Poehling,0
202312160PHI,DET,ristora01,Rasmus Ristolainen,0
202312160PHI,DET,seeleni01,Nick Seeler,0
202312160PHI,DET,staalma01,Marc Staal,0
202312160PHI,DET,tippeow01,Owen Tippett,0
202312160PHI,DET,walkese01,Sean Walker,0
202312160PHI,DET,yorkca01,Cameron York,1
202312160PHI,DET,zamulye01,Yegor Zamula,0
202312160PHI,DET,erssosa01,Samuel Ersson,0
