game_id,opponent,player_id,player_name,scored
202310190TBL,TBL,beauvan01,Anthony Beauvillier,0
202310190TBL,TBL,boesebr01,Brock Boeser,1
202310190TBL,TBL,coleia01,Ian Cole,0
202310190TBL,TBL,digiuph01,Phillip Di Giuseppe,0
202310190TBL,TBL,friedma01,Mark Friedman,0
202310190TBL,TBL,garlaco01,Conor Garland,0
202310190TBL,TBL,hoglani01,Nils HÃ¶glander,0
202310190TBL,TBL,hronefi01,Filip Hronek,0
202310190TBL,TBL,hughequ01,Quinn Hughes,0
202310190TBL,TBL,joshuda01,Dakota Joshua,0
202310190TBL,TBL,kuzmean01,Andrei Kuzmenko,0
202310190TBL,TBL,laffesa01,Sam Lafferty,0
202310190TBL,TBL,millejt01,J.T. Miller,1
202310190TBL,TBL,myersty01,Tyler Myers,1
202310190TBL,TBL,petteel01,Elias Pettersson,0
202310190TBL,TBL,soucyca01,Carson Soucy,0
202310190TBL,TBL,studnja01,Jack Studnicka,0
202310190TBL,TBL,suterpi01,Pius Suter,0
202310190TBL,TBL,demkoth01,Thatcher Demko,0
202310190TBL,VAN,barreal01,Alex BarrÃ©-Boulet,0
202310190TBL,VAN,cernaer01,Erik ÄernÃ¡k,0
202310190TBL,VAN,cirelan01,Anthony Cirelli,0
202310190TBL,VAN,dehaaca01,Calvin de Haan,0
202310190TBL,VAN,eyssimi01,Michael Eyssimont,1
202310190TBL,VAN,glendlu01,Luke Glendening,0
202310190TBL,VAN,hagelbr01,Brandon Hagel,0
202310190TBL,VAN,hedmavi01,Victor Hedman,0
202310190TBL,VAN,jeannta01,Tanner Jeannot,0
202310190TBL,VAN,kucheni01,Nikita Kucherov,1
202310190TBL,VAN,merelwa01,Waltteri Merela,0
202310190TBL,VAN,paulni01,Nick Paul,1
202310190TBL,VAN,perbini01,Nicklaus Perbix,0
202310190TBL,VAN,pointbr01,Brayden Point,0
202310190TBL,VAN,raddyda01,Darren Raddysh,0
202310190TBL,VAN,sergami01,Mikhail Sergachev,0
202310190TBL,VAN,shearco01,Conor Sheary,0
202310190TBL,VAN,stamkst01,Steven Stamkos,0
202310190TBL,VAN,johanjo03,Jonas Johansson,0
