game_id,opponent,player_id,player_name,scored
202312070BOS,BOS,bensoza01,Zach Benson,0
202312070BOS,BOS,cliftco01,Connor Clifton,0
202312070BOS,BOS,cozendy01,Dylan Cozens,0
202312070BOS,BOS,johnser01,Erik Johnson,0
202312070BOS,BOS,johnsry03,Ryan Johnson,0
202312070BOS,BOS,jokihhe01,Henri Jokiharju,0
202312070BOS,BOS,jostty01,Tyson Jost,0
202312070BOS,BOS,krebspe01,Peyton Krebs,0
202312070BOS,BOS,mitteca01,Casey Mittelstadt,0
202312070BOS,BOS,okposky01,Kyle Okposo,0
202312070BOS,BOS,olofsvi01,Victor Olofsson,1
202312070BOS,BOS,peterjo01,John-Jason Peterka,1
202312070BOS,BOS,powerow01,Owen Power,0
202312070BOS,BOS,robiner01,Eric Robinson,0
202312070BOS,BOS,rosenis01,Isak Rosen,0
202312070BOS,BOS,samuema02,Mattias Samuelsson,0
202312070BOS,BOS,skinnje01,Jeff Skinner,0
202312070BOS,BOS,thompta01,Tage Thompson,1
202312070BOS,BOS,levide01,Devon Levi,0
202312070BOS,BUF,beechjo01,John Beecher,0
202312070BOS,BUF,carlobr01,Brandon Carlo,0
202312070BOS,BUF,coylech01,Charlie Coyle,0
202312070BOS,BUF,debruja01,Jake DeBrusk,0
202312070BOS,BUF,fredetr01,Trent Frederic,0
202312070BOS,BUF,geekimo01,Morgan Geekie,0
202312070BOS,BUF,grzelma01,Matt Grzelcyk,0
202312070BOS,BUF,heineda01,Danton Heinen,0
202312070BOS,BUF,laukoja01,Jakub Lauko,0
202312070BOS,BUF,lindhha01,Hampus Lindholm,0
202312070BOS,BUF,lohrema01,Mason Lohrei,0
202312070BOS,BUF,marchbr03,Brad Marchand,1
202312070BOS,BUF,mcavoch01,Charlie McAvoy,0
202312070BOS,BUF,pastrda01,David PastrÅÃ¡k,0
202312070BOS,BUF,shattke01,Kevin Shattenkirk,0
202312070BOS,BUF,steenos01,Oskar Steen,0
202312070BOS,BUF,vanrija01,James van Riemsdyk,0
202312070BOS,BUF,zachapa01,Pavel Zacha,0
202312070BOS,BUF,ullmali01,Linus Ullmark,0
