game_id,opponent,player_id,player_name,scored
202310260TBL,TBL,bennima01,Matt Benning,0
202310260TBL,TBL,bordeth01,Thomas Bordeleau,0
202310260TBL,TBL,burroky01,Kyle Burroughs,0
202310260TBL,TBL,duclaan01,Anthony Duclair,0
202310260TBL,TBL,eklunwi01,William Eklund,0
202310260TBL,TBL,emberty01,Ty Emberson,0
202310260TBL,TBL,ferrama01,Mario Ferraro,0
202310260TBL,TBL,hertlto01,TomÃ¡Å¡ Hertl,0
202310260TBL,TBL,hoffmmi02,Mike Hoffman,0
202310260TBL,TBL,knyzhni01,Nikolai Knyzhov,0
202310260TBL,TBL,kuninlu01,Luke Kunin,0
202310260TBL,TBL,labanke01,Kevin Labanc,0
202310260TBL,TBL,peterja01,Jacob Peterson,0
202310260TBL,TBL,ruttaja02,Jan Rutta,0
202310260TBL,TBL,smithgi01,Givani Smith,0
202310260TBL,TBL,sturmni01,Nico Sturm,0
202310260TBL,TBL,zadinfi01,Filip Zadina,0
202310260TBL,TBL,zettefa01,Fabian Zetterlund,0
202310260TBL,TBL,blackma01,Mackenzie Blackwood,0
202310260TBL,TBL,kahkoka01,Kaapo KÃ¤hkÃ¶nen,0
202310260TBL,SJS,barreal01,Alex BarrÃ©-Boulet,0
202310260TBL,SJS,cernaer01,Erik ÄernÃ¡k,0
202310260TBL,SJS,cirelan01,Anthony Cirelli,0
202310260TBL,SJS,dehaaca01,Calvin de Haan,0
202310260TBL,SJS,eyssimi01,Michael Eyssimont,1
202310260TBL,SJS,glendlu01,Luke Glendening,1
202310260TBL,SJS,hagelbr01,Brandon Hagel,1
202310260TBL,SJS,hedmavi01,Victor Hedman,0
202310260TBL,SJS,jeannta01,Tanner Jeannot,0
202310260TBL,SJS,kucheni01,Nikita Kucherov,0
202310260TBL,SJS,merelwa01,Waltteri Merela,0
202310260TBL,SJS,paulni01,Nick Paul,1
202310260TBL,SJS,perbini01,Nicklaus Perbix,0
202310260TBL,SJS,pointbr01,Brayden Point,1
202310260TBL,SJS,raddyda01,Darren Raddysh,0
202310260TBL,SJS,sergami01,Mikhail Sergachev,0
202310260TBL,SJS,shearco01,Conor Sheary,0
202310260TBL,SJS,stamkst01,Steven Stamkos,1
202310260TBL,SJS,johanjo03,Jonas Johansson,0
