game_id,opponent,player_id,player_name,scored
202311070COL,COL,bahlke01,Kevin Bahl,0
202311070COL,COL,bastina01,Nathan Bastian,0
202311070COL,COL,brattje01,Jesper Bratt,0
202311070COL,COL,hamildo01,Dougie Hamilton,1
202311070COL,COL,haulaer01,Erik Haula,0
202311070COL,COL,holtzal01,Alexander Holtz,0
202311070COL,COL,hughelu01,Luke Hughes,0
202311070COL,COL,lazarcu01,Curtis Lazar,0
202311070COL,COL,marinjo01,John Marino,0
202311070COL,COL,mcleomi01,Michael McLeod,0
202311070COL,COL,meierti01,Timo Meier,1
202311070COL,COL,merceda01,Dawson Mercer,0
202311070COL,COL,palaton01,OndÅej PalÃ¡t,0
202311070COL,COL,siegejo01,Jonas Siegenthaler,0
202311070COL,COL,smithbr05,Brendan Smith,0
202311070COL,COL,tiernch01,Chris Tierney,0
202311070COL,COL,toffoty01,Tyler Toffoli,1
202311070COL,COL,willmma01,Maxwell Willman,0
202311070COL,COL,vanecvi01,VÃ­tek VanÄÄek,0
202311070COL,NJD,byrambo01,Bowen Byram,0
202311070COL,NJD,coglian01,Andrew Cogliano,0
202311070COL,NJD,coltoro01,Ross Colton,1
202311070COL,NJD,drouijo01,Jonathan Drouin,0
202311070COL,NJD,girarsa01,Samuel Girard,0
202311070COL,NJD,johanry01,Ryan Johansen,1
202311070COL,NJD,johnsja02,Jack Johnson,0
202311070COL,NJD,lehkoar01,Artturi Lehkonen,0
202311070COL,NJD,mackina01,Nathan MacKinnon,1
202311070COL,NJD,makarca01,Cale Makar,0
202311070COL,NJD,mansojo01,Josh Manson,0
202311070COL,NJD,nichuva01,Valeri Nichushkin,0
202311070COL,NJD,oconnlo01,Logan O'Connor,0
202311070COL,NJD,pavelon02,Ondrej Pavel,0
202311070COL,NJD,rantami01,Mikko Rantanen,1
202311070COL,NJD,tatarto01,TomÃ¡Å¡ Tatar,0
202311070COL,NJD,toewsde01,Devon Toews,0
202311070COL,NJD,woodmi01,Miles Wood,1
202311070COL,NJD,georgal01,Alexandar Georgiev,0
