game_id,opponent,player_id,player_name,scored
202310220DET,DET,backlmi01,Mikael Backlund,0
202310220DET,DET,colembl01,Blake Coleman,0
202310220DET,DET,coronma01,Matthew Coronato,0
202310220DET,DET,dubedi01,Dillon DubÃ©,0
202310220DET,DET,duehrwa01,Walker Duehr,0
202310220DET,DET,gilbede01,Dennis Gilbert,0
202310220DET,DET,greeraj01,A.J. Greer,0
202310220DET,DET,hanifno01,Noah Hanifin,0
202310220DET,DET,huberjo01,Jonathan Huberdeau,0
202310220DET,DET,kadrina01,Nazem Kadri,0
202310220DET,DET,lindhel01,Elias Lindholm,0
202310220DET,DET,mangian01,Andrew Mangiapane,1
202310220DET,DET,oestejo01,Jordan Oesterle,0
202310220DET,DET,ruzicad01,Adam RuÅ¾iÄka,0
202310220DET,DET,sharaye01,Yegor Sharangovich,1
202310220DET,DET,tanevch01,Chris Tanev,0
202310220DET,DET,weegama01,MacKenzie Weegar,0
202310220DET,DET,zadorni01,Nikita Zadorov,0
202310220DET,DET,vladada01,Daniel VladaÅ,0
202310220DET,CGY,berggjo02,Jonatan Berggren,0
202310220DET,CGY,chiarbe01,Ben Chiarot,0
202310220DET,CGY,comphj.01,J.T. Compher,0
202310220DET,CGY,coppan01,Andrew Copp,0
202310220DET,CGY,czarnau01,Austin Czarnik,0
202310220DET,CGY,debrial01,Alex DeBrincat,1
202310220DET,CGY,fischch01,Christian Fischer,0
202310220DET,CGY,gostish01,Shayne Gostisbehere,0
202310220DET,CGY,hollju01,Justin Holl,0
202310220DET,CGY,larkidy01,Dylan Larkin,1
202310220DET,CGY,maattol01,Olli MÃ¤Ã¤ttÃ¤,0
202310220DET,CGY,perroda01,David Perron,0
202310220DET,CGY,rasmumi01,Michael Rasmussen,0
202310220DET,CGY,raymolu01,Lucas Raymond,0
202310220DET,CGY,seidemo01,Moritz Seider,0
202310220DET,CGY,spronda01,Daniel Sprong,0
202310220DET,CGY,velenjo01,Joe Veleno,1
202310220DET,CGY,walmaja01,Jake Walman,1
202310220DET,CGY,reimeja01,James Reimer,0
