game_id,opponent,player_id,player_name,scored
202310260EDM,EDM,boninni01,Nick Bonino,0
202310260EDM,EDM,chytifi01,Filip Chytil,0
202310260EDM,EDM,cuyllwi01,William Cuylle,0
202310260EDM,EDM,foxad01,Adam Fox,1
202310260EDM,EDM,goodrba01,Barclay Goodrow,0
202310260EDM,EDM,gustaer02,Erik Gustafsson,0
202310260EDM,EDM,kakkoka01,Kaapo Kakko,0
202310260EDM,EDM,kreidch01,Chris Kreider,0
202310260EDM,EDM,lafreal01,Alexis LafreniÃ¨re,1
202310260EDM,EDM,lindgry01,Ryan Lindgren,0
202310260EDM,EDM,milleka01,K'Andre Miller,0
202310260EDM,EDM,panarar01,Artemi Panarin,0
202310260EDM,EDM,schnebr01,Braden Schneider,1
202310260EDM,EDM,trochvi01,Vincent Trocheck,0
202310260EDM,EDM,troubja01,Jacob Trouba,0
202310260EDM,EDM,veseyji02,Jimmy Vesey,0
202310260EDM,EDM,wheelbl01,Blake Wheeler,0
202310260EDM,EDM,zibanmi01,Mika Zibanejad,0
202310260EDM,EDM,quickjo01,Jonathan Quick,0
202310260EDM,NYR,bouchev01,Evan Bouchard,0
202310260EDM,NYR,brobeph01,Philip Broberg,0
202310260EDM,NYR,brownco02,Connor Brown,0
202310260EDM,NYR,cecico01,Cody Ceci,0
202310260EDM,NYR,deshavi01,Vincent Desharnais,0
202310260EDM,NYR,draisle01,Leon Draisaitl,0
202310260EDM,NYR,ekholma01,Mattias Ekholm,0
202310260EDM,NYR,ernead01,Adam Erne,0
202310260EDM,NYR,foegewa01,Warren Foegele,0
202310260EDM,NYR,hollody01,Dylan Holloway,0
202310260EDM,NYR,hymanza01,Zach Hyman,0
202310260EDM,NYR,janmama02,Mattias Janmark,0
202310260EDM,NYR,kaneev01,Evander Kane,0
202310260EDM,NYR,kulakbr01,Brett Kulak,0
202310260EDM,NYR,mcleory01,Ryan McLeod,0
202310260EDM,NYR,nugenry01,Ryan Nugent-Hopkins,0
202310260EDM,NYR,nurseda01,Darnell Nurse,0
202310260EDM,NYR,ryande01,Derek Ryan,0
202310260EDM,NYR,skinnst01,Stuart Skinner,0
