game_id,opponent,player_id,player_name,scored
202311190CHI,CHI,bensoza01,Zach Benson,0
202311190CHI,CHI,cliftco01,Connor Clifton,0
202311190CHI,CHI,cozendy01,Dylan Cozens,0
202311190CHI,CHI,dahlira01,Rasmus Dahlin,1
202311190CHI,CHI,girgeze01,Zemgus Girgensons,0
202311190CHI,CHI,greenjo02,Jordan Greenway,0
202311190CHI,CHI,johnser01,Erik Johnson,1
202311190CHI,CHI,johnsry03,Ryan Johnson,0
202311190CHI,CHI,jokihhe01,Henri Jokiharju,0
202311190CHI,CHI,krebspe01,Peyton Krebs,0
202311190CHI,CHI,mitteca01,Casey Mittelstadt,0
202311190CHI,CHI,okposky01,Kyle Okposo,0
202311190CHI,CHI,olofsvi01,Victor Olofsson,0
202311190CHI,CHI,peterjo01,John-Jason Peterka,0
202311190CHI,CHI,powerow01,Owen Power,0
202311190CHI,CHI,samuema02,Mattias Samuelsson,0
202311190CHI,CHI,skinnje01,Jeff Skinner,1
202311190CHI,CHI,tuchal01,Alex Tuch,0
202311190CHI,CHI,luukkuk01,Ukko-Pekka Luukkonen,0
202311190CHI,BUF,bedarco01,Connor Bedard,0
202311190CHI,BUF,dickija01,Jason Dickinson,0
202311190CHI,BUF,donatry01,Ryan Donato,0
202311190CHI,BUF,entwima01,Mackenzie Entwistle,0
202311190CHI,BUF,foligni01,Nick Foligno,0
202311190CHI,BUF,hallta02,Taylor Hall,0
202311190CHI,BUF,johnsre01,Reese Johnson,0
202311190CHI,BUF,johnsty01,Tyler Johnson,0
202311190CHI,BUF,jonesse01,Seth Jones,0
202311190CHI,BUF,kaisewy01,Wyatt Kaiser,0
202311190CHI,BUF,korchke01,Kevin Korchinski,0
202311190CHI,BUF,kurasph01,Philipp Kurashev,1
202311190CHI,BUF,murphco02,Connor Murphy,0
202311190CHI,BUF,perryco01,Corey Perry,0
202311190CHI,BUF,phillis01,Isaak Phillips,0
202311190CHI,BUF,raddyta01,Taylor Raddysh,1
202311190CHI,BUF,reichlu01,Lukas Reichel,0
202311190CHI,BUF,vlasial01,Alex Vlasic,0
202311190CHI,BUF,mrazepe01,Petr MrÃ¡zek,0
