game_id,opponent,player_id,player_name,scored
202310190NYR,NYR,barrity01,Tyson Barrie,0
202310190NYR,NYR,carrial01,Alexandre Carrier,0
202310190NYR,NYR,evanglu01,Luke Evangelista,0
202310190NYR,NYR,fabbrda01,Dante Fabbro,0
202310190NYR,NYR,forsbfi01,Filip Forsberg,1
202310190NYR,NYR,glassco01,Cody Glass,0
202310190NYR,NYR,josiro01,Roman Josi,0
202310190NYR,NYR,lauzoje01,Jeremy Lauzon,0
202310190NYR,NYR,mccarmi01,Michael McCarron,0
202310190NYR,NYR,mcdonry01,Ryan McDonagh,0
202310190NYR,NYR,novakth01,Thomas Novak,0
202310190NYR,NYR,nyquigu01,Gustav Nyquist,0
202310190NYR,NYR,oreilry01,Ryan O'Reilly,1
202310190NYR,NYR,parssju01,Juuso PÃ¤rssinen,0
202310190NYR,NYR,sherwki01,Kiefer Sherwood,0
202310190NYR,NYR,sissoco01,Colton Sissons,0
202310190NYR,NYR,smithco02,Cole Smith,1
202310190NYR,NYR,treniya01,Yakov Trenin,0
202310190NYR,NYR,sarosju01,Juuse Saros,0
202310190NYR,NSH,boninni01,Nick Bonino,0
202310190NYR,NSH,chytifi01,Filip Chytil,0
202310190NYR,NSH,cuyllwi01,William Cuylle,0
202310190NYR,NSH,foxad01,Adam Fox,1
202310190NYR,NSH,goodrba01,Barclay Goodrow,0
202310190NYR,NSH,gustaer02,Erik Gustafsson,0
202310190NYR,NSH,kakkoka01,Kaapo Kakko,0
202310190NYR,NSH,kreidch01,Chris Kreider,0
202310190NYR,NSH,lafreal01,Alexis LafreniÃ¨re,0
202310190NYR,NSH,lindgry01,Ryan Lindgren,0
202310190NYR,NSH,milleka01,K'Andre Miller,0
202310190NYR,NSH,panarar01,Artemi Panarin,0
202310190NYR,NSH,schnebr01,Braden Schneider,0
202310190NYR,NSH,trochvi01,Vincent Trocheck,0
202310190NYR,NSH,troubja01,Jacob Trouba,0
202310190NYR,NSH,veseyji02,Jimmy Vesey,0
202310190NYR,NSH,wheelbl01,Blake Wheeler,0
202310190NYR,NSH,zibanmi01,Mika Zibanejad,0
202310190NYR,NSH,quickjo01,Jonathan Quick,0
202310190NYR,NSH,shestig01,Igor Shesterkin,0
