game_id,opponent,player_id,player_name,scored
202311160CBJ,CBJ,bjugsni01,Nick Bjugstad,0
202311160CBJ,CBJ,boydtr01,Travis Boyd,0
202311160CBJ,CBJ,brownjo01,Josh Brown,0
202311160CBJ,CBJ,carcomi01,Michael Carcone,0
202311160CBJ,CBJ,coolelo01,Logan Cooley,1
202311160CBJ,CBJ,crousla01,Lawson Crouse,1
202311160CBJ,CBJ,dumbama01,Mathew Dumba,0
202311160CBJ,CBJ,durzise01,Sean Durzi,0
202311160CBJ,CBJ,haytoba01,Barrett Hayton,1
202311160CBJ,CBJ,kellecl01,Clayton Keller,0
202311160CBJ,CBJ,kerfoal01,Alexander Kerfoot,0
202311160CBJ,CBJ,kessemi01,Michael Kesselring,0
202311160CBJ,CBJ,maccema01,Matias Maccelli,0
202311160CBJ,CBJ,moserja01,J.J. Moser,0
202311160CBJ,CBJ,obrieli01,Liam O'Brien,0
202311160CBJ,CBJ,schmani01,Nick Schmaltz,0
202311160CBJ,CBJ,stechtr01,Troy Stecher,0
202311160CBJ,CBJ,zuckeja01,Jason Zucker,0
202311160CBJ,CBJ,ingraco01,Connor Ingram,0
202311160CBJ,ARI,beanja01,Jake Bean,0
202311160CBJ,ARI,chinaye01,Yegor Chinakhov,0
202311160CBJ,ARI,danfoju01,Justin Danforth,0
202311160CBJ,ARI,fantiad01,Adam Fantilli,0
202311160CBJ,ARI,fixwotr01,Trey Fix-Wolansky,0
202311160CBJ,ARI,gaudrjo01,Johnny Gaudreau,0
202311160CBJ,ARI,gudbrer01,Erik Gudbranson,0
202311160CBJ,ARI,jennebo01,Boone Jenner,0
202311160CBJ,ARI,jiricda01,David JiÅÃ­Äek,0
202311160CBJ,ARI,kuralse01,Sean Kuraly,0
202311160CBJ,ARI,lainepa01,Patrik Laine,0
202311160CBJ,ARI,marchki01,Kirill Marchenko,0
202311160CBJ,ARI,provoiv01,Ivan Provorov,0
202311160CBJ,ARI,severda01,Damon Severson,1
202311160CBJ,ARI,sillico01,Cole Sillinger,0
202311160CBJ,ARI,texieal01,Alexandre Texier,0
202311160CBJ,ARI,vorondi01,Dmitri Voronkov,0
202311160CBJ,ARI,werenza01,Zach Werenski,0
202311160CBJ,ARI,merzlel01,Elvis MerzÄ¼ikins,0
