game_id,opponent,player_id,player_name,scored
202312070OTT,OTT,benoisi01,Simon Benoit,0
202312070OTT,OTT,bertuty01,Tyler Bertuzzi,0
202312070OTT,OTT,broditj01,T.J. Brodie,0
202312070OTT,OTT,domima01,Max Domi,0
202312070OTT,OTT,gregono01,Noah Gregor,0
202312070OTT,OTT,jarnkca01,Calle JÃ¤rnkrok,1
202312070OTT,OTT,kampfda01,David KÃ¤mpf,1
202312070OTT,OTT,kniesma01,Matthew Knies,0
202312070OTT,OTT,lajoima01,Maxime Lajoie,0
202312070OTT,OTT,marnemi01,Mitch Marner,1
202312070OTT,OTT,matthau01,Auston Matthews,0
202312070OTT,OTT,mccabja01,Jake McCabe,0
202312070OTT,OTT,nylanwi01,William Nylander,1
202312070OTT,OTT,reavery01,Ryan Reaves,0
202312070OTT,OTT,riellmo01,Morgan Rielly,0
202312070OTT,OTT,roberni01,Nicholas Robertson,0
202312070OTT,OTT,tavarjo01,John Tavares,0
202312070OTT,OTT,timmico01,Conor Timmins,0
202312070OTT,OTT,jonesma02,Martin Jones,0
202312070OTT,OTT,wolljo01,Joseph Woll,0
202312070OTT,TOR,bathedr01,Drake Batherson,0
202312070OTT,TOR,bernaja01,Jacob Bernard-Docker,1
202312070OTT,TOR,branner01,Erik BrÃ¤nnstrÃ¶m,0
202312070OTT,TOR,chartro01,Rourke Chartier,0
202312070OTT,TOR,chychja01,Jakob Chychrun,0
202312070OTT,TOR,giroucl01,Claude Giroux,1
202312070OTT,TOR,greigri01,Ridly Greig,0
202312070OTT,TOR,hamontr01,Travis Hamonic,0
202312070OTT,TOR,josepma01,Mathieu Joseph,0
202312070OTT,TOR,kellypa01,Parker Kelly,0
202312070OTT,TOR,kubaldo01,Dominik KubalÃ­k,0
202312070OTT,TOR,macewza01,Zack MacEwen,0
202312070OTT,TOR,norrijo01,Joshua Norris,1
202312070OTT,TOR,sandeja01,Jake Sanderson,0
202312070OTT,TOR,stuetti02,Tim StÃ¼tzle,0
202312070OTT,TOR,tarasvl01,Vladimir Tarasenko,0
202312070OTT,TOR,tkachbr01,Brady Tkachuk,0
202312070OTT,TOR,zubar01,Artem Zub,0
202312070OTT,TOR,forsban01,Anton Forsberg,0
