game_id,opponent,player_id,player_name,scored
202311250COL,COL,anderra01,Rasmus Andersson,0
202311250COL,COL,backlmi01,Mikael Backlund,1
202311250COL,COL,colembl01,Blake Coleman,0
202311250COL,COL,dubedi01,Dillon DubÃ©,0
202311250COL,COL,gilbede01,Dennis Gilbert,0
202311250COL,COL,greeraj01,A.J. Greer,0
202311250COL,COL,hanifno01,Noah Hanifin,0
202311250COL,COL,huberjo01,Jonathan Huberdeau,0
202311250COL,COL,kadrina01,Nazem Kadri,0
202311250COL,COL,lindhel01,Elias Lindholm,0
202311250COL,COL,mangian01,Andrew Mangiapane,0
202311250COL,COL,pospima01,Martin Pospisil,0
202311250COL,COL,ruzicad01,Adam RuÅ¾iÄka,0
202311250COL,COL,sharaye01,Yegor Sharangovich,0
202311250COL,COL,tanevch01,Chris Tanev,0
202311250COL,COL,weegama01,MacKenzie Weegar,0
202311250COL,COL,zadorni01,Nikita Zadorov,0
202311250COL,COL,zaryco01,Connor Zary,0
202311250COL,COL,vladada01,Daniel VladaÅ,0
202311250COL,CGY,byrambo01,Bowen Byram,0
202311250COL,CGY,coglian01,Andrew Cogliano,0
202311250COL,CGY,coltoro01,Ross Colton,0
202311250COL,CGY,drouijo01,Jonathan Drouin,1
202311250COL,CGY,johanry01,Ryan Johansen,1
202311250COL,CGY,johnsja02,Jack Johnson,0
202311250COL,CGY,jonesca01,Caleb Jones,0
202311250COL,CGY,kivirjo01,Joel Kiviranta,0
202311250COL,CGY,mackina01,Nathan MacKinnon,1
202311250COL,CGY,makarca01,Cale Makar,0
202311250COL,CGY,mansojo01,Josh Manson,0
202311250COL,CGY,nichuva01,Valeri Nichushkin,0
202311250COL,CGY,oconnlo01,Logan O'Connor,0
202311250COL,CGY,olofsfr01,Fredrik Olofsson,0
202311250COL,CGY,rantami01,Mikko Rantanen,0
202311250COL,CGY,tatarto01,TomÃ¡Å¡ Tatar,0
202311250COL,CGY,toewsde01,Devon Toews,0
202311250COL,CGY,woodmi01,Miles Wood,0
202311250COL,CGY,prosviv01,Ivan Prosvetov,0
