game_id,opponent,player_id,player_name,scored
202311130EDM,EDM,ahose02,Sebastian Aho,0
202311130EDM,EDM,barzama01,Mathew Barzal,1
202311130EDM,EDM,cizikca01,Casey Cizikas,0
202311130EDM,EDM,cluttca01,Cal Clutterbuck,0
202311130EDM,EDM,dobsono01,Noah Dobson,0
202311130EDM,EDM,engvapi01,Pierre Engvall,0
202311130EDM,EDM,gauthju01,Julien Gauthier,0
202311130EDM,EDM,holmssi01,Simon HolmstrÃ¶m,0
202311130EDM,EDM,horvabo01,Bo Horvat,0
202311130EDM,EDM,leean01,Anders Lee,0
202311130EDM,EDM,mayfisc01,Scott Mayfield,0
202311130EDM,EDM,nelsobr01,Brock Nelson,0
202311130EDM,EDM,pageaje01,Jean-Gabriel Pageau,0
202311130EDM,EDM,palmiky01,Kyle Palmieri,0
202311130EDM,EDM,pelecad01,Adam Pelech,0
202311130EDM,EDM,pulocry01,Ryan Pulock,0
202311130EDM,EDM,romanal01,Alexander Romanov,0
202311130EDM,EDM,wahlsol01,Oliver Wahlstrom,0
202311130EDM,EDM,sorokil01,Ilya Sorokin,0
202311130EDM,NYI,bouchev01,Evan Bouchard,0
202311130EDM,NYI,cecico01,Cody Ceci,0
202311130EDM,NYI,deshavi01,Vincent Desharnais,0
202311130EDM,NYI,draisle01,Leon Draisaitl,1
202311130EDM,NYI,ekholma01,Mattias Ekholm,0
202311130EDM,NYI,foegewa01,Warren Foegele,0
202311130EDM,NYI,gagnesa01,Sam Gagner,0
202311130EDM,NYI,hamblja01,James Hamblin,0
202311130EDM,NYI,hollody01,Dylan Holloway,0
202311130EDM,NYI,hymanza01,Zach Hyman,1
202311130EDM,NYI,kaneev01,Evander Kane,1
202311130EDM,NYI,kulakbr01,Brett Kulak,0
202311130EDM,NYI,lavoira01,Raphael Lavoie,0
202311130EDM,NYI,mcdavco01,Connor McDavid,1
202311130EDM,NYI,mcleory01,Ryan McLeod,0
202311130EDM,NYI,nugenry01,Ryan Nugent-Hopkins,0
202311130EDM,NYI,nurseda01,Darnell Nurse,0
202311130EDM,NYI,ryande01,Derek Ryan,0
202311130EDM,NYI,skinnst01,Stuart Skinner,0
