game_id,opponent,player_id,player_name,scored
202312030BOS,BOS,beanja01,Jake Bean,0
202312030BOS,BOS,boqviad01,Adam Boqvist,0
202312030BOS,BOS,chinaye01,Yegor Chinakhov,0
202312030BOS,BOS,danfoju01,Justin Danforth,0
202312030BOS,BOS,fantiad01,Adam Fantilli,0
202312030BOS,BOS,gaudrjo01,Johnny Gaudreau,0
202312030BOS,BOS,gudbrer01,Erik Gudbranson,0
202312030BOS,BOS,jennebo01,Boone Jenner,1
202312030BOS,BOS,jiricda01,David JiÅÃ­Äek,0
202312030BOS,BOS,johnske01,Kent Johnson,0
202312030BOS,BOS,kuralse01,Sean Kuraly,0
202312030BOS,BOS,lainepa01,Patrik Laine,0
202312030BOS,BOS,marchki01,Kirill Marchenko,0
202312030BOS,BOS,olivima01,Mathieu Olivier,0
202312030BOS,BOS,provoiv01,Ivan Provorov,0
202312030BOS,BOS,texieal01,Alexandre Texier,0
202312030BOS,BOS,vorondi01,Dmitri Voronkov,0
202312030BOS,BOS,werenza01,Zach Werenski,0
202312030BOS,BOS,martisp01,Spencer Martin,0
202312030BOS,CBJ,beechjo01,John Beecher,0
202312030BOS,CBJ,carlobr01,Brandon Carlo,0
202312030BOS,CBJ,coylech01,Charlie Coyle,0
202312030BOS,CBJ,debruja01,Jake DeBrusk,0
202312030BOS,CBJ,forbode01,Derek Forbort,0
202312030BOS,CBJ,fredetr01,Trent Frederic,0
202312030BOS,CBJ,geekimo01,Morgan Geekie,0
202312030BOS,CBJ,grzelma01,Matt Grzelcyk,0
202312030BOS,CBJ,heineda01,Danton Heinen,0
202312030BOS,CBJ,laukoja01,Jakub Lauko,0
202312030BOS,CBJ,lindhha01,Hampus Lindholm,0
202312030BOS,CBJ,marchbr03,Brad Marchand,1
202312030BOS,CBJ,mcavoch01,Charlie McAvoy,0
202312030BOS,CBJ,pastrda01,David PastrÅÃ¡k,0
202312030BOS,CBJ,poitrma01,Matthew Poitras,0
202312030BOS,CBJ,shattke01,Kevin Shattenkirk,0
202312030BOS,CBJ,vanrija01,James van Riemsdyk,0
202312030BOS,CBJ,zachapa01,Pavel Zacha,0
202312030BOS,CBJ,swaymje01,Jeremy Swayman,0
