game_id,opponent,player_id,player_name,scored
202310210EDM,EDM,applema01,Mason Appleton,0
202310210EDM,EDM,barromo01,Morgan Barron,0
202310210EDM,EDM,connoky01,Kyle Connor,0
202310210EDM,EDM,demeldy01,Dylan DeMelo,0
202310210EDM,EDM,dillobr01,Brenden Dillon,0
202310210EDM,EDM,ehlerni01,Nikolaj Ehlers,0
202310210EDM,EDM,gustada01,David Gustafsson,0
202310210EDM,EDM,iafalal01,Alex Iafallo,0
202310210EDM,EDM,kuparra01,Rasmus Kupari,0
202310210EDM,EDM,lowryad01,Adam Lowry,0
202310210EDM,EDM,morrijo04,Josh Morrissey,1
202310210EDM,EDM,namesvl01,Vladislav Namestnikov,1
202310210EDM,EDM,niedeni01,Nino Niederreiter,0
202310210EDM,EDM,perfeco01,Cole Perfetti,0
202310210EDM,EDM,pionkne01,Neal Pionk,0
202310210EDM,EDM,sambedy01,Dylan Samberg,0
202310210EDM,EDM,scheima01,Mark Scheifele,1
202310210EDM,EDM,schmina01,Nate Schmidt,0
202310210EDM,EDM,helleco01,Connor Hellebuyck,0
202310210EDM,WPG,bouchev01,Evan Bouchard,1
202310210EDM,WPG,brobeph01,Philip Broberg,0
202310210EDM,WPG,brownco02,Connor Brown,0
202310210EDM,WPG,cecico01,Cody Ceci,0
202310210EDM,WPG,deshavi01,Vincent Desharnais,0
202310210EDM,WPG,draisle01,Leon Draisaitl,0
202310210EDM,WPG,ekholma01,Mattias Ekholm,0
202310210EDM,WPG,foegewa01,Warren Foegele,0
202310210EDM,WPG,hollody01,Dylan Holloway,0
202310210EDM,WPG,hymanza01,Zach Hyman,0
202310210EDM,WPG,janmama02,Mattias Janmark,0
202310210EDM,WPG,kaneev01,Evander Kane,0
202310210EDM,WPG,kulakbr01,Brett Kulak,0
202310210EDM,WPG,mcdavco01,Connor McDavid,0
202310210EDM,WPG,mcleory01,Ryan McLeod,0
202310210EDM,WPG,nugenry01,Ryan Nugent-Hopkins,0
202310210EDM,WPG,nurseda01,Darnell Nurse,1
202310210EDM,WPG,ryande01,Derek Ryan,0
202310210EDM,WPG,skinnst01,Stuart Skinner,0
