game_id,opponent,player_id,player_name,scored
202311200VAN,VAN,addisca01,Calen Addison,0
202311200VAN,VAN,burroky01,Kyle Burroughs,0
202311200VAN,VAN,carpery01,Ryan Carpenter,0
202311200VAN,VAN,duclaan01,Anthony Duclair,0
202311200VAN,VAN,eklunwi01,William Eklund,0
202311200VAN,VAN,emberty01,Ty Emberson,0
202311200VAN,VAN,ferrama01,Mario Ferraro,0
202311200VAN,VAN,granlmi01,Mikael Granlund,0
202311200VAN,VAN,hertlto01,TomÃ¡Å¡ Hertl,1
202311200VAN,VAN,hoffmmi02,Mike Hoffman,0
202311200VAN,VAN,kuninlu01,Luke Kunin,0
202311200VAN,VAN,labanke01,Kevin Labanc,0
202311200VAN,VAN,macdoja02,Jacob MacDonald,0
202311200VAN,VAN,okhotni01,Nikita Okhotyuk,0
202311200VAN,VAN,ruttaja02,Jan Rutta,0
202311200VAN,VAN,smithgi01,Givani Smith,0
202311200VAN,VAN,zadinfi01,Filip Zadina,0
202311200VAN,VAN,zettefa01,Fabian Zetterlund,0
202311200VAN,VAN,blackma01,Mackenzie Blackwood,0
202311200VAN,SJS,beauvan01,Anthony Beauvillier,0
202311200VAN,SJS,bluegte01,Teddy Blueger,0
202311200VAN,SJS,boesebr01,Brock Boeser,0
202311200VAN,SJS,coleia01,Ian Cole,0
202311200VAN,SJS,digiuph01,Phillip Di Giuseppe,0
202311200VAN,SJS,friedma01,Mark Friedman,0
202311200VAN,SJS,garlaco01,Conor Garland,0
202311200VAN,SJS,hoglani01,Nils HÃ¶glander,0
202311200VAN,SJS,hronefi01,Filip Hronek,0
202311200VAN,SJS,hughequ01,Quinn Hughes,1
202311200VAN,SJS,joshuda01,Dakota Joshua,0
202311200VAN,SJS,juulsno01,Noah Juulsen,0
202311200VAN,SJS,kuzmean01,Andrei Kuzmenko,0
202311200VAN,SJS,laffesa01,Sam Lafferty,1
202311200VAN,SJS,mikheil01,Ilya Mikheyev,0
202311200VAN,SJS,millejt01,J.T. Miller,1
202311200VAN,SJS,myersty01,Tyler Myers,0
202311200VAN,SJS,petteel01,Elias Pettersson,0
202311200VAN,SJS,demkoth01,Thatcher Demko,0
