game_id,opponent,player_id,player_name,scored
202310240LAK,LAK,bjugsni01,Nick Bjugstad,1
202310240LAK,LAK,boydtr01,Travis Boyd,0
202310240LAK,LAK,carcomi01,Michael Carcone,0
202310240LAK,LAK,coolelo01,Logan Cooley,0
202310240LAK,LAK,crousla01,Lawson Crouse,0
202310240LAK,LAK,dermotr01,Travis Dermott,0
202310240LAK,LAK,dumbama01,Mathew Dumba,0
202310240LAK,LAK,durzise01,Sean Durzi,0
202310240LAK,LAK,haytoba01,Barrett Hayton,0
202310240LAK,LAK,kellecl01,Clayton Keller,1
202310240LAK,LAK,kerfoal01,Alexander Kerfoot,0
202310240LAK,LAK,maccema01,Matias Maccelli,0
202310240LAK,LAK,mcbaija03,Jack McBain,1
202310240LAK,LAK,moserja01,J.J. Moser,0
202310240LAK,LAK,obrieli01,Liam O'Brien,0
202310240LAK,LAK,schmani01,Nick Schmaltz,0
202310240LAK,LAK,stechtr01,Troy Stecher,0
202310240LAK,LAK,valimju01,Juuso VÃ¤limÃ¤ki,0
202310240LAK,LAK,ingraco01,Connor Ingram,0
202310240LAK,LAK,vejmeka01,Karel Vejmelka,0
202310240LAK,ARI,andermi02,Michael Anderson,0
202310240LAK,ARI,byfiequ01,Quinton Byfield,0
202310240LAK,ARI,danauph01,Phillip Danault,0
202310240LAK,ARI,doughdr01,Drew Doughty,0
202310240LAK,ARI,duboipi01,Pierre-Luc Dubois,0
202310240LAK,ARI,engluan01,Andreas Englund,0
202310240LAK,ARI,fialake01,Kevin Fiala,1
202310240LAK,ARI,gavrivl01,Vladislav Gavrikov,0
202310240LAK,ARI,grundca01,Carl GrundstrÃ¶m,0
202310240LAK,ARI,kaliyar01,Arthur Kaliyev,0
202310240LAK,ARI,kempead01,Adrian Kempe,1
202310240LAK,ARI,kopitan01,AnÅ¾e Kopitar,1
202310240LAK,ARI,laferal01,Alex Laferriere,0
202310240LAK,ARI,lewistr01,Trevor Lewis,1
202310240LAK,ARI,lizotbl01,Blake Lizotte,1
202310240LAK,ARI,mooretr01,Trevor Moore,1
202310240LAK,ARI,royma04,Matt Roy,0
202310240LAK,ARI,spencjo01,Jordan Spence,0
202310240LAK,ARI,copleph01,Pheonix Copley,0
