game_id,opponent,player_id,player_name,scored
202312070WSH,WSH,bennja01,Jamie Benn,0
202312070WSH,WSH,dadonev01,Evgenii Dadonov,0
202312070WSH,WSH,duchema01,Matt Duchene,0
202312070WSH,WSH,faksara01,Radek Faksa,0
202312070WSH,WSH,hakanja01,Jani HakanpÃ¤Ã¤,0
202312070WSH,WSH,harleth01,Thomas Harley,0
202312070WSH,WSH,heiskmi01,Miro Heiskanen,0
202312070WSH,WSH,hintzro01,Roope Hintz,1
202312070WSH,WSH,johnswy01,Wyatt Johnston,0
202312070WSH,WSH,lindees01,Esa Lindell,0
202312070WSH,WSH,lundkni01,Nils Lundkvist,0
202312070WSH,WSH,marchma01,Mason Marchment,1
202312070WSH,WSH,paveljo01,Joe Pavelski,0
202312070WSH,WSH,roberja01,Jason Robertson,0
202312070WSH,WSH,seguity01,Tyler Seguin,1
202312070WSH,WSH,smithcr01,Craig Smith,0
202312070WSH,WSH,steelsa01,Sam Steel,0
202312070WSH,WSH,suterry01,Ryan Suter,0
202312070WSH,WSH,wedgesc01,Scott Wedgewood,0
202312070WSH,DAL,aubekni01,Nicolas AubÃ©-Kubel,0
202312070WSH,DAL,carlsjo01,John Carlson,0
202312070WSH,DAL,dowdni01,Nic Dowd,0
202312070WSH,DAL,edmunjo01,Joel Edmundson,0
202312070WSH,DAL,feherma01,Martin FehÃ©rvÃ¡ry,0
202312070WSH,DAL,jenseni02,Nick Jensen,0
202312070WSH,DAL,kuzneev01,Evgeny Kuznetsov,1
202312070WSH,DAL,lapiehe01,Hendrix Lapierre,0
202312070WSH,DAL,malenbe01,Beck Malenstyn,0
202312070WSH,DAL,manthan01,Anthony Mantha,0
202312070WSH,DAL,mcmicco01,Connor McMichael,0
202312070WSH,DAL,ovechal01,Alex Ovechkin,0
202312070WSH,DAL,phillma01,Matthew Phillips,0
202312070WSH,DAL,protaal01,Aliaksei Protas,1
202312070WSH,DAL,sandira01,Rasmus Sandin,0
202312070WSH,DAL,stromdy01,Dylan Strome,1
202312070WSH,DAL,vanritr01,Trevor van Riemsdyk,0
202312070WSH,DAL,wilsoto01,Tom Wilson,0
202312070WSH,DAL,lindgch01,Charlie Lindgren,0
