game_id,opponent,player_id,player_name,scored
202310210SEA,SEA,boninni01,Nick Bonino,0
202310210SEA,SEA,chytifi01,Filip Chytil,0
202310210SEA,SEA,cuyllwi01,William Cuylle,0
202310210SEA,SEA,foxad01,Adam Fox,0
202310210SEA,SEA,goodrba01,Barclay Goodrow,0
202310210SEA,SEA,gustaer02,Erik Gustafsson,0
202310210SEA,SEA,kakkoka01,Kaapo Kakko,1
202310210SEA,SEA,kreidch01,Chris Kreider,0
202310210SEA,SEA,lafreal01,Alexis LafreniÃ¨re,1
202310210SEA,SEA,lindgry01,Ryan Lindgren,0
202310210SEA,SEA,milleka01,K'Andre Miller,0
202310210SEA,SEA,panarar01,Artemi Panarin,1
202310210SEA,SEA,schnebr01,Braden Schneider,0
202310210SEA,SEA,trochvi01,Vincent Trocheck,0
202310210SEA,SEA,troubja01,Jacob Trouba,0
202310210SEA,SEA,veseyji02,Jimmy Vesey,0
202310210SEA,SEA,wheelbl01,Blake Wheeler,0
202310210SEA,SEA,zibanmi01,Mika Zibanejad,0
202310210SEA,SEA,quickjo01,Jonathan Quick,0
202310210SEA,NYR,bellepi01,Pierre-Ãdouard Bellemare,0
202310210SEA,NYR,beniema01,Matthew Beniers,0
202310210SEA,NYR,bjorkol01,Oliver Bjorkstrand,0
202310210SEA,NYR,borgewi01,William Borgen,0
202310210SEA,NYR,burakan01,AndrÃ© Burakovsky,0
202310210SEA,NYR,dumoubr01,Brian Dumoulin,0
202310210SEA,NYR,dunnvi02,Vince Dunn,0
202310210SEA,NYR,eberljo01,Jordan Eberle,0
202310210SEA,NYR,gourdya01,Yanni Gourde,0
202310210SEA,NYR,kartyty01,Tye Kartye,0
202310210SEA,NYR,larssad01,Adam Larsson,0
202310210SEA,NYR,mccanja01,Jared McCann,0
202310210SEA,NYR,oleksja01,Jamie Oleksiak,0
202310210SEA,NYR,schulju01,Justin Schultz,1
202310210SEA,NYR,schwaja01,Jaden Schwartz,0
202310210SEA,NYR,tolvaee01,Eeli Tolvanen,0
202310210SEA,NYR,wennbal01,Alexander Wennberg,0
202310210SEA,NYR,yamamka01,Kailer Yamamoto,0
202310210SEA,NYR,grubaph01,Philipp Grubauer,0
