game_id,opponent,player_id,player_name,scored
202311100NJD,NJD,aubekni01,Nicolas AubÃ©-Kubel,1
202311100NJD,NJD,carlsjo01,John Carlson,0
202311100NJD,NJD,dowdni01,Nic Dowd,0
202311100NJD,NJD,feherma01,Martin FehÃ©rvÃ¡ry,0
202311100NJD,NJD,hamanha01,Hardy Haman Aktell,0
202311100NJD,NJD,jenseni02,Nick Jensen,0
202311100NJD,NJD,johanlu01,Lucas Johansen,0
202311100NJD,NJD,kuzneev01,Evgeny Kuznetsov,1
202311100NJD,NJD,malenbe01,Beck Malenstyn,1
202311100NJD,NJD,mcmicco01,Connor McMichael,0
202311100NJD,NJD,milanso01,Sonny Milano,0
202311100NJD,NJD,oshietj01,T.J. Oshie,0
202311100NJD,NJD,ovechal01,Alex Ovechkin,0
202311100NJD,NJD,phillma01,Matthew Phillips,0
202311100NJD,NJD,protaal01,Aliaksei Protas,0
202311100NJD,NJD,sandira01,Rasmus Sandin,0
202311100NJD,NJD,stromdy01,Dylan Strome,0
202311100NJD,NJD,wilsoto01,Tom Wilson,0
202311100NJD,NJD,lindgch01,Charlie Lindgren,0
202311100NJD,WSH,bahlke01,Kevin Bahl,0
202311100NJD,WSH,bastina01,Nathan Bastian,0
202311100NJD,WSH,brattje01,Jesper Bratt,0
202311100NJD,WSH,hamildo01,Dougie Hamilton,0
202311100NJD,WSH,haulaer01,Erik Haula,0
202311100NJD,WSH,holtzal01,Alexander Holtz,0
202311100NJD,WSH,hughelu01,Luke Hughes,0
202311100NJD,WSH,lazarcu01,Curtis Lazar,0
202311100NJD,WSH,marinjo01,John Marino,0
202311100NJD,WSH,mcleomi01,Michael McLeod,0
202311100NJD,WSH,meierti01,Timo Meier,1
202311100NJD,WSH,merceda01,Dawson Mercer,1
202311100NJD,WSH,nosekto01,TomÃ¡Å¡ Nosek,0
202311100NJD,WSH,palaton01,OndÅej PalÃ¡t,0
202311100NJD,WSH,siegejo01,Jonas Siegenthaler,0
202311100NJD,WSH,smithbr05,Brendan Smith,0
202311100NJD,WSH,tiernch01,Chris Tierney,0
202311100NJD,WSH,toffoty01,Tyler Toffoli,0
202311100NJD,WSH,schmiak01,Akira Schmid,0
202311100NJD,WSH,vanecvi01,VÃ­tek VanÄÄek,0
