game_id,opponent,player_id,player_name,scored
202312040WPG,WPG,ahose01,Sebastian Aho,0
202312040WPG,WPG,buntimi01,Michael Bunting,0
202312040WPG,WPG,burnsbr01,Brent Burns,0
202312040WPG,WPG,chatfja01,Jalen Chatfield,0
202312040WPG,WPG,druryja01,Jack Drury,0
202312040WPG,WPG,fastje01,Jesper Fast,0
202312040WPG,WPG,jarvise01,Seth Jarvis,0
202312040WPG,WPG,kotkaje01,Jesperi Kotkaniemi,0
202312040WPG,WPG,martijo01,Jordan Martinook,0
202312040WPG,WPG,necasma01,Martin NeÄas,1
202312040WPG,WPG,noesest01,Stefan Noesen,0
202312040WPG,WPG,orlovdm01,Dmitry Orlov,0
202312040WPG,WPG,pescebr01,Brett Pesce,0
202312040WPG,WPG,skjeibr01,Brady Skjei,0
202312040WPG,WPG,slavija01,Jaccob Slavin,0
202312040WPG,WPG,staaljo01,Jordan Staal,0
202312040WPG,WPG,svechan01,Andrei Svechnikov,0
202312040WPG,WPG,teravte01,Teuvo TerÃ¤vÃ¤inen,0
202312040WPG,WPG,raantan01,Antti Raanta,0
202312040WPG,CAR,applema01,Mason Appleton,0
202312040WPG,CAR,barromo01,Morgan Barron,0
202312040WPG,CAR,chishde01,Declan Chisholm,0
202312040WPG,CAR,connoky01,Kyle Connor,1
202312040WPG,CAR,demeldy01,Dylan DeMelo,0
202312040WPG,CAR,dillobr01,Brenden Dillon,0
202312040WPG,CAR,ehlerni01,Nikolaj Ehlers,1
202312040WPG,CAR,gustada01,David Gustafsson,0
202312040WPG,CAR,iafalal01,Alex Iafallo,0
202312040WPG,CAR,lowryad01,Adam Lowry,0
202312040WPG,CAR,morrijo04,Josh Morrissey,0
202312040WPG,CAR,niedeni01,Nino Niederreiter,0
202312040WPG,CAR,perfeco01,Cole Perfetti,0
202312040WPG,CAR,pionkne01,Neal Pionk,0
202312040WPG,CAR,sambedy01,Dylan Samberg,0
202312040WPG,CAR,scheima01,Mark Scheifele,0
202312040WPG,CAR,stanllo01,Logan Stanley,0
202312040WPG,CAR,vilarga01,Gabriel Vilardi,0
202312040WPG,CAR,brossla01,Laurent Brossoit,0
