game_id,opponent,player_id,player_name,scored
202312210ANA,ANA,anderra01,Rasmus Andersson,0
202312210ANA,ANA,backlmi01,Mikael Backlund,0
202312210ANA,ANA,colembl01,Blake Coleman,0
202312210ANA,ANA,desimni01,Nick DeSimone,1
202312210ANA,ANA,dubedi01,Dillon DubÃ©,0
202312210ANA,ANA,gilbede01,Dennis Gilbert,0
202312210ANA,ANA,greeraj01,A.J. Greer,1
202312210ANA,ANA,hanifno01,Noah Hanifin,0
202312210ANA,ANA,huberjo01,Jonathan Huberdeau,0
202312210ANA,ANA,kadrina01,Nazem Kadri,0
202312210ANA,ANA,lindhel01,Elias Lindholm,1
202312210ANA,ANA,mangian01,Andrew Mangiapane,0
202312210ANA,ANA,pospima01,Martin Pospisil,0
202312210ANA,ANA,ruzicad01,Adam RuÅ¾iÄka,0
202312210ANA,ANA,sharaye01,Yegor Sharangovich,0
202312210ANA,ANA,tanevch01,Chris Tanev,0
202312210ANA,ANA,weegama01,MacKenzie Weegar,0
202312210ANA,ANA,zaryco01,Connor Zary,0
202312210ANA,ANA,marksja02,Jacob MarkstrÃ¶m,0
202312210ANA,CGY,carlsle01,Leo Carlsson,0
202312210ANA,CGY,carrisa01,Sam Carrick,0
202312210ANA,CGY,drysdja01,Jamie Drysdale,0
202312210ANA,CGY,fowleca01,Cam Fowler,0
202312210ANA,CGY,gudasra01,Radko Gudas,0
202312210ANA,CGY,henriad01,Adam Henrique,0
202312210ANA,CGY,jonesma03,Max Jones,0
202312210ANA,CGY,killoal01,Alex Killorn,0
202312210ANA,CGY,lacomja01,Jackson LaCombe,0
202312210ANA,CGY,leasobr01,Brett Leason,0
202312210ANA,CGY,lyubuil01,Ilya Lyubushkin,0
202312210ANA,CGY,mcginbr01,Brock McGinn,0
202312210ANA,CGY,mctavma01,Mason McTavish,0
202312210ANA,CGY,mintypa01,Pavel Mintyukov,0
202312210ANA,CGY,silfvja01,Jakob Silfverberg,0
202312210ANA,CGY,stromry01,Ryan Strome,0
202312210ANA,CGY,terrytr01,Troy Terry,0
202312210ANA,CGY,vatrafr01,Frank Vatrano,0
202312210ANA,CGY,dostalu01,LukÃ¡Å¡ DostÃ¡l,0
