game_id,opponent,player_id,player_name,scored
202312120SEA,SEA,balinuv01,Uvis Balinskis,0
202312120SEA,SEA,barkoal01,Aleksander Barkov,0
202312120SEA,SEA,bennesa01,Sam Bennett,0
202312120SEA,SEA,cousini01,Nick Cousins,0
202312120SEA,SEA,ekblaaa01,Aaron Ekblad,0
202312120SEA,SEA,ekmanol01,Oliver Ekman-Larsson,0
202312120SEA,SEA,forslgu02,Gustav Forsling,0
202312120SEA,SEA,lombery01,Ryan Lomberg,0
202312120SEA,SEA,lorenst01,Steven Lorentz,0
202312120SEA,SEA,lundean01,Anton Lundell,0
202312120SEA,SEA,luostee01,Eetu Luostarinen,0
202312120SEA,SEA,mikkoni01,Niko Mikkola,0
202312120SEA,SEA,montobr01,Brandon Montour,0
202312120SEA,SEA,reinhsa01,Sam Reinhart,0
202312120SEA,SEA,rodriev01,Evan Rodrigues,0
202312120SEA,SEA,stenlke01,Kevin Stenlund,0
202312120SEA,SEA,tkachma01,Matthew Tkachuk,0
202312120SEA,SEA,verhaca01,Carter Verhaeghe,0
202312120SEA,SEA,bobrose01,Sergei Bobrovsky,0
202312120SEA,FLA,bellepi01,Pierre-Ãdouard Bellemare,1
202312120SEA,FLA,beniema01,Matthew Beniers,0
202312120SEA,FLA,bjorkol01,Oliver Bjorkstrand,0
202312120SEA,FLA,borgewi01,William Borgen,0
202312120SEA,FLA,dumoubr01,Brian Dumoulin,0
202312120SEA,FLA,dunnvi02,Vince Dunn,0
202312120SEA,FLA,eberljo01,Jordan Eberle,0
202312120SEA,FLA,evansry01,Ryker Evans,0
202312120SEA,FLA,gourdya01,Yanni Gourde,0
202312120SEA,FLA,kartyty01,Tye Kartye,0
202312120SEA,FLA,larssad01,Adam Larsson,0
202312120SEA,FLA,mccanja01,Jared McCann,0
202312120SEA,FLA,oleksja01,Jamie Oleksiak,0
202312120SEA,FLA,shorede01,Devin Shore,0
202312120SEA,FLA,tanevbr01,Brandon Tanev,0
202312120SEA,FLA,tolvaee01,Eeli Tolvanen,1
202312120SEA,FLA,wennbal01,Alexander Wennberg,1
202312120SEA,FLA,yamamka01,Kailer Yamamoto,1
202312120SEA,FLA,daccojo01,Joey Daccord,0
