game_id,opponent,player_id,player_name,scored
202310110CAR,CAR,bathedr01,Drake Batherson,0
202310110CAR,CAR,branner01,Erik BrÃ¤nnstrÃ¶m,0
202310110CAR,CAR,chaboth01,Thomas Chabot,0
202310110CAR,CAR,chartro01,Rourke Chartier,0
202310110CAR,CAR,chychja01,Jakob Chychrun,0
202310110CAR,CAR,giroucl01,Claude Giroux,0
202310110CAR,CAR,greigri01,Ridly Greig,0
202310110CAR,CAR,hamontr01,Travis Hamonic,0
202310110CAR,CAR,josepma01,Mathieu Joseph,1
202310110CAR,CAR,kastema01,Mark Kastelic,0
202310110CAR,CAR,kellypa01,Parker Kelly,1
202310110CAR,CAR,kubaldo01,Dominik KubalÃ­k,0
202310110CAR,CAR,sandeja01,Jake Sanderson,0
202310110CAR,CAR,stuetti02,Tim StÃ¼tzle,1
202310110CAR,CAR,tarasvl01,Vladimir Tarasenko,0
202310110CAR,CAR,tkachbr01,Brady Tkachuk,0
202310110CAR,CAR,zubar01,Artem Zub,0
202310110CAR,CAR,korpijo01,Joonas Korpisalo,0
202310110CAR,OTT,ahose01,Sebastian Aho,0
202310110CAR,OTT,buntimi01,Michael Bunting,1
202310110CAR,OTT,burnsbr01,Brent Burns,0
202310110CAR,OTT,chatfja01,Jalen Chatfield,0
202310110CAR,OTT,deangan01,Tony DeAngelo,0
202310110CAR,OTT,druryja01,Jack Drury,0
202310110CAR,OTT,fastje01,Jesper Fast,0
202310110CAR,OTT,jarvise01,Seth Jarvis,0
202310110CAR,OTT,kotkaje01,Jesperi Kotkaniemi,0
202310110CAR,OTT,martijo01,Jordan Martinook,0
202310110CAR,OTT,necasma01,Martin NeÄas,0
202310110CAR,OTT,noesest01,Stefan Noesen,0
202310110CAR,OTT,orlovdm01,Dmitry Orlov,0
202310110CAR,OTT,pescebr01,Brett Pesce,0
202310110CAR,OTT,skjeibr01,Brady Skjei,1
202310110CAR,OTT,slavija01,Jaccob Slavin,1
202310110CAR,OTT,staaljo01,Jordan Staal,1
202310110CAR,OTT,teravte01,Teuvo TerÃ¤vÃ¤inen,1
202310110CAR,OTT,anderfr01,Frederik Andersen,0
