game_id,opponent,player_id,player_name,scored
202311140CBJ,CBJ,acciano01,Noel Acciari,0
202311140CBJ,CBJ,crosbsi01,Sidney Crosby,1
202311140CBJ,CBJ,ellerla01,Lars Eller,0
202311140CBJ,CBJ,gravery01,Ryan Graves,0
202311140CBJ,CBJ,guentja01,Jake Guentzel,1
202311140CBJ,CBJ,hinosvi01,Vinnie Hinostroza,0
202311140CBJ,CBJ,karlser01,Erik Karlsson,1
202311140CBJ,CBJ,letankr01,Kris Letang,0
202311140CBJ,CBJ,malkiev01,Evgeni Malkin,0
202311140CBJ,CBJ,nietoma01,Matthew Nieto,0
202311140CBJ,CBJ,oconndr01,Drew O'Connor,0
202311140CBJ,CBJ,pettema01,Marcus Pettersson,0
202311140CBJ,CBJ,rakelri01,Rickard Rakell,0
202311140CBJ,CBJ,ruhwech01,Chad Ruhwedel,0
202311140CBJ,CBJ,rustbr01,Bryan Rust,0
202311140CBJ,CBJ,sheary01,Ryan Shea,0
202311140CBJ,CBJ,smithre01,Reilly Smith,0
202311140CBJ,CBJ,zohorra01,Radim Zohorna,0
202311140CBJ,CBJ,jarrytr01,Tristan Jarry,0
202311140CBJ,PIT,beanja01,Jake Bean,0
202311140CBJ,PIT,bemstem01,Emil BemstrÃ¶m,0
202311140CBJ,PIT,chinaye01,Yegor Chinakhov,1
202311140CBJ,PIT,danfoju01,Justin Danforth,0
202311140CBJ,PIT,fantiad01,Adam Fantilli,0
202311140CBJ,PIT,gaudrjo01,Johnny Gaudreau,0
202311140CBJ,PIT,gudbrer01,Erik Gudbranson,0
202311140CBJ,PIT,jennebo01,Boone Jenner,0
202311140CBJ,PIT,jiricda01,David JiÅÃ­Äek,0
202311140CBJ,PIT,kuralse01,Sean Kuraly,0
202311140CBJ,PIT,lainepa01,Patrik Laine,0
202311140CBJ,PIT,marchki01,Kirill Marchenko,1
202311140CBJ,PIT,provoiv01,Ivan Provorov,0
202311140CBJ,PIT,severda01,Damon Severson,0
202311140CBJ,PIT,sillico01,Cole Sillinger,0
202311140CBJ,PIT,texieal01,Alexandre Texier,1
202311140CBJ,PIT,vorondi01,Dmitri Voronkov,0
202311140CBJ,PIT,werenza01,Zach Werenski,0
202311140CBJ,PIT,merzlel01,Elvis MerzÄ¼ikins,0
