game_id,opponent,player_id,player_name,scored
202311280NJD,NJD,barzama01,Mathew Barzal,1
202311280NJD,NJD,cizikca01,Casey Cizikas,0
202311280NJD,NJD,cluttca01,Cal Clutterbuck,1
202311280NJD,NJD,dobsono01,Noah Dobson,0
202311280NJD,NJD,engvapi01,Pierre Engvall,0
202311280NJD,NJD,gauthju01,Julien Gauthier,0
202311280NJD,NJD,holmssi01,Simon HolmstrÃ¶m,0
202311280NJD,NJD,horvabo01,Bo Horvat,1
202311280NJD,NJD,huttogr01,Grant Hutton,0
202311280NJD,NJD,leean01,Anders Lee,0
202311280NJD,NJD,mayfisc01,Scott Mayfield,0
202311280NJD,NJD,nelsobr01,Brock Nelson,0
202311280NJD,NJD,pageaje01,Jean-Gabriel Pageau,1
202311280NJD,NJD,palmiky01,Kyle Palmieri,0
202311280NJD,NJD,pulocry01,Ryan Pulock,0
202311280NJD,NJD,reillmi01,Mike Reilly,0
202311280NJD,NJD,romanal01,Alexander Romanov,0
202311280NJD,NJD,wahlsol01,Oliver Wahlstrom,0
202311280NJD,NJD,sorokil01,Ilya Sorokin,0
202311280NJD,NYI,bahlke01,Kevin Bahl,0
202311280NJD,NYI,bastina01,Nathan Bastian,0
202311280NJD,NYI,brattje01,Jesper Bratt,0
202311280NJD,NYI,hamildo01,Dougie Hamilton,0
202311280NJD,NYI,hischni01,Nico Hischier,1
202311280NJD,NYI,holtzal01,Alexander Holtz,0
202311280NJD,NYI,hugheja03,Jack Hughes,1
202311280NJD,NYI,hughelu01,Luke Hughes,0
202311280NJD,NYI,lazarcu01,Curtis Lazar,1
202311280NJD,NYI,marinjo01,John Marino,0
202311280NJD,NYI,mcleomi01,Michael McLeod,1
202311280NJD,NYI,merceda01,Dawson Mercer,1
202311280NJD,NYI,milleco02,Colin Miller,0
202311280NJD,NYI,palaton01,OndÅej PalÃ¡t,0
202311280NJD,NYI,siegejo01,Jonas Siegenthaler,0
202311280NJD,NYI,smithbr05,Brendan Smith,0
202311280NJD,NYI,tiernch01,Chris Tierney,0
202311280NJD,NYI,toffoty01,Tyler Toffoli,0
202311280NJD,NYI,schmiak01,Akira Schmid,0
202311280NJD,NYI,vanecvi01,VÃ­tek VanÄÄek,0
