game_id,opponent,player_id,player_name,scored
202312100CHI,CHI,aubekni01,Nicolas AubÃ©-Kubel,0
202312100CHI,CHI,carlsjo01,John Carlson,0
202312100CHI,CHI,dowdni01,Nic Dowd,1
202312100CHI,CHI,edmunjo01,Joel Edmundson,0
202312100CHI,CHI,feherma01,Martin FehÃ©rvÃ¡ry,0
202312100CHI,CHI,jenseni02,Nick Jensen,0
202312100CHI,CHI,kuzneev01,Evgeny Kuznetsov,0
202312100CHI,CHI,malenbe01,Beck Malenstyn,0
202312100CHI,CHI,manthan01,Anthony Mantha,1
202312100CHI,CHI,mcmicco01,Connor McMichael,0
202312100CHI,CHI,milanso01,Sonny Milano,0
202312100CHI,CHI,oshietj01,T.J. Oshie,0
202312100CHI,CHI,ovechal01,Alex Ovechkin,0
202312100CHI,CHI,protaal01,Aliaksei Protas,0
202312100CHI,CHI,sandira01,Rasmus Sandin,0
202312100CHI,CHI,stromdy01,Dylan Strome,1
202312100CHI,CHI,vanritr01,Trevor van Riemsdyk,0
202312100CHI,CHI,wilsoto01,Tom Wilson,0
202312100CHI,CHI,kuempda01,Darcy Kuemper,0
202312100CHI,WSH,anderjo08,Joey Anderson,0
202312100CHI,WSH,beauvan01,Anthony Beauvillier,0
202312100CHI,WSH,bedarco01,Connor Bedard,0
202312100CHI,WSH,crevilo01,Louis Crevier,0
202312100CHI,WSH,dickija01,Jason Dickinson,0
202312100CHI,WSH,entwima01,Mackenzie Entwistle,0
202312100CHI,WSH,foligni01,Nick Foligno,0
202312100CHI,WSH,guttmco01,Cole Guttman,0
202312100CHI,WSH,johnsre01,Reese Johnson,0
202312100CHI,WSH,johnsty01,Tyler Johnson,0
202312100CHI,WSH,jonesse01,Seth Jones,0
202312100CHI,WSH,kurasph01,Philipp Kurashev,1
202312100CHI,WSH,murphco02,Connor Murphy,1
202312100CHI,WSH,phillis01,Isaak Phillips,0
202312100CHI,WSH,raddyta01,Taylor Raddysh,0
202312100CHI,WSH,reichlu01,Lukas Reichel,0
202312100CHI,WSH,vlasial01,Alex Vlasic,0
202312100CHI,WSH,zaitsni01,Nikita Zaitsev,0
202312100CHI,WSH,soderar01,Arvid SÃ¶derblom,0
