game_id,opponent,player_id,player_name,scored
202310240WSH,WSH,bertuty01,Tyler Bertuzzi,0
202310240WSH,WSH,broditj01,T.J. Brodie,0
202310240WSH,WSH,domima01,Max Domi,0
202310240WSH,WSH,giordma01,Mark Giordano,0
202310240WSH,WSH,gregono01,Noah Gregor,0
202310240WSH,WSH,holmbpo01,Pontus Holmberg,0
202310240WSH,WSH,jarnkca01,Calle JÃ¤rnkrok,0
202310240WSH,WSH,kampfda01,David KÃ¤mpf,0
202310240WSH,WSH,klingjo01,John Klingberg,0
202310240WSH,WSH,kniesma01,Matthew Knies,0
202310240WSH,WSH,liljeti01,Timothy Liljegren,0
202310240WSH,WSH,marnemi01,Mitch Marner,0
202310240WSH,WSH,matthau01,Auston Matthews,1
202310240WSH,WSH,mccabja01,Jake McCabe,0
202310240WSH,WSH,nylanwi01,William Nylander,1
202310240WSH,WSH,reavery01,Ryan Reaves,0
202310240WSH,WSH,riellmo01,Morgan Rielly,1
202310240WSH,WSH,tavarjo01,John Tavares,1
202310240WSH,WSH,wolljo01,Joseph Woll,0
202310240WSH,TOR,alexeal01,Alexander Alexeyev,0
202310240WSH,TOR,backsni02,Nicklas BÃ¤ckstrÃ¶m,0
202310240WSH,TOR,carlsjo01,John Carlson,0
202310240WSH,TOR,feherma01,Martin FehÃ©rvÃ¡ry,0
202310240WSH,TOR,jenseni02,Nick Jensen,0
202310240WSH,TOR,kuzneev01,Evgeny Kuznetsov,0
202310240WSH,TOR,malenbe01,Beck Malenstyn,0
202310240WSH,TOR,manthan01,Anthony Mantha,0
202310240WSH,TOR,mcmicco01,Connor McMichael,0
202310240WSH,TOR,milanso01,Sonny Milano,0
202310240WSH,TOR,oshietj01,T.J. Oshie,0
202310240WSH,TOR,ovechal01,Alex Ovechkin,1
202310240WSH,TOR,phillma01,Matthew Phillips,0
202310240WSH,TOR,protaal01,Aliaksei Protas,0
202310240WSH,TOR,sandira01,Rasmus Sandin,0
202310240WSH,TOR,stromdy01,Dylan Strome,0
202310240WSH,TOR,vanritr01,Trevor van Riemsdyk,0
202310240WSH,TOR,wilsoto01,Tom Wilson,0
202310240WSH,TOR,kuempda01,Darcy Kuemper,0
