game_id,opponent,player_id,player_name,scored
202310260BOS,BOS,carlsle01,Leo Carlsson,1
202310260BOS,BOS,carrisa01,Sam Carrick,0
202310260BOS,BOS,fowleca01,Cam Fowler,0
202310260BOS,BOS,gudasra01,Radko Gudas,1
202310260BOS,BOS,henriad01,Adam Henrique,0
202310260BOS,BOS,johnsro02,Ross Johnston,0
202310260BOS,BOS,jonesma03,Max Jones,0
202310260BOS,BOS,lacomja01,Jackson LaCombe,0
202310260BOS,BOS,leasobr01,Brett Leason,0
202310260BOS,BOS,lyubuil01,Ilya Lyubushkin,0
202310260BOS,BOS,mctavma01,Mason McTavish,1
202310260BOS,BOS,mintypa01,Pavel Mintyukov,0
202310260BOS,BOS,silfvja01,Jakob Silfverberg,0
202310260BOS,BOS,stromry01,Ryan Strome,0
202310260BOS,BOS,terrytr01,Troy Terry,1
202310260BOS,BOS,vaakaur01,Urho Vaakanainen,0
202310260BOS,BOS,vatrafr01,Frank Vatrano,0
202310260BOS,BOS,zegratr01,Trevor Zegras,0
202310260BOS,BOS,gibsojo02,John Gibson,0
202310260BOS,ANA,beechjo01,John Beecher,0
202310260BOS,ANA,boqvije01,Jesper Boqvist,0
202310260BOS,ANA,brownpa02,Patrick Brown,0
202310260BOS,ANA,carlobr01,Brandon Carlo,0
202310260BOS,ANA,coylech01,Charlie Coyle,1
202310260BOS,ANA,debruja01,Jake DeBrusk,0
202310260BOS,ANA,forbode01,Derek Forbort,0
202310260BOS,ANA,fredetr01,Trent Frederic,0
202310260BOS,ANA,geekimo01,Morgan Geekie,0
202310260BOS,ANA,grzelma01,Matt Grzelcyk,1
202310260BOS,ANA,lindhha01,Hampus Lindholm,0
202310260BOS,ANA,marchbr03,Brad Marchand,0
202310260BOS,ANA,mcavoch01,Charlie McAvoy,0
202310260BOS,ANA,pastrda01,David PastrÅÃ¡k,1
202310260BOS,ANA,poitrma01,Matthew Poitras,0
202310260BOS,ANA,shattke01,Kevin Shattenkirk,0
202310260BOS,ANA,vanrija01,James van Riemsdyk,0
202310260BOS,ANA,zachapa01,Pavel Zacha,0
202310260BOS,ANA,ullmali01,Linus Ullmark,0
