game_id,opponent,player_id,player_name,scored
202310190WPG,WPG,amadimi01,Michael Amadio,0
202310190WPG,WPG,barbaiv01,Ivan Barbashev,0
202310190WPG,WPG,carriwi01,William Carrier,0
202310190WPG,WPG,cottepa01,Paul Cotter,0
202310190WPG,WPG,eicheja01,Jack Eichel,1
202310190WPG,WPG,hagueni01,Nicolas Hague,0
202310190WPG,WPG,howdebr01,Brett Howden,1
202310190WPG,WPG,huttobe01,Ben Hutton,0
202310190WPG,WPG,karlswi01,William Karlsson,0
202310190WPG,WPG,koleske01,Keegan Kolesar,0
202310190WPG,WPG,audymjo01,Jonathan Marchessault,1
202310190WPG,WPG,martial01,Alec Martinez,1
202310190WPG,WPG,mcnabbr01,Brayden McNabb,0
202310190WPG,WPG,pachabr01,Brayden Pachal,0
202310190WPG,WPG,royni01,Nicolas Roy,1
202310190WPG,WPG,stephch02,Chandler Stephenson,0
202310190WPG,WPG,stonema01,Mark Stone,0
202310190WPG,WPG,theodsh01,Shea Theodore,0
202310190WPG,WPG,thomplo01,Logan Thompson,0
202310190WPG,VEG,applema01,Mason Appleton,0
202310190WPG,VEG,barromo01,Morgan Barron,0
202310190WPG,VEG,connoky01,Kyle Connor,0
202310190WPG,VEG,demeldy01,Dylan DeMelo,0
202310190WPG,VEG,dillobr01,Brenden Dillon,0
202310190WPG,VEG,ehlerni01,Nikolaj Ehlers,0
202310190WPG,VEG,gustada01,David Gustafsson,0
202310190WPG,VEG,iafalal01,Alex Iafallo,1
202310190WPG,VEG,kuparra01,Rasmus Kupari,0
202310190WPG,VEG,lowryad01,Adam Lowry,0
202310190WPG,VEG,morrijo04,Josh Morrissey,0
202310190WPG,VEG,namesvl01,Vladislav Namestnikov,0
202310190WPG,VEG,niedeni01,Nino Niederreiter,0
202310190WPG,VEG,perfeco01,Cole Perfetti,1
202310190WPG,VEG,pionkne01,Neal Pionk,0
202310190WPG,VEG,sambedy01,Dylan Samberg,0
202310190WPG,VEG,scheima01,Mark Scheifele,0
202310190WPG,VEG,stanllo01,Logan Stanley,0
202310190WPG,VEG,brossla01,Laurent Brossoit,0
