game_id,opponent,player_id,player_name,scored
202312080CBJ,CBJ,alexani01,Nikita Alexandrov,0
202312080CBJ,CBJ,buchnpa01,Pavel Buchnevich,0
202312080CBJ,CBJ,faulkju01,Justin Faulk,0
202312080CBJ,CBJ,hayeske01,Kevin Hayes,0
202312080CBJ,CBJ,kapanka01,Kasperi Kapanen,0
202312080CBJ,CBJ,krugto01,Torey Krug,0
202312080CBJ,CBJ,kyroujo01,Jordan Kyrou,0
202312080CBJ,CBJ,leddyni01,Nick Leddy,0
202312080CBJ,CBJ,neighja01,Jake Neighbours,0
202312080CBJ,CBJ,parayco01,Colton Parayko,0
202312080CBJ,CBJ,perunsc01,Scott Perunovich,0
202312080CBJ,CBJ,saadbr01,Brandon Saad,0
202312080CBJ,CBJ,schenbr01,Brayden Schenn,0
202312080CBJ,CBJ,sundqos01,Oskar Sundqvist,0
202312080CBJ,CBJ,thomaro01,Robert Thomas,1
202312080CBJ,CBJ,toropal01,Alexey Toropchenko,0
202312080CBJ,CBJ,tuckety01,Tyler Tucker,0
202312080CBJ,CBJ,vranaja01,Jakub VrÃ¡na,0
202312080CBJ,CBJ,hoferjo01,Joel Hofer,0
202312080CBJ,STL,beanja01,Jake Bean,0
202312080CBJ,STL,bemstem01,Emil BemstrÃ¶m,0
202312080CBJ,STL,blankni01,Nick Blankenburg,0
202312080CBJ,STL,chinaye01,Yegor Chinakhov,1
202312080CBJ,STL,danfoju01,Justin Danforth,0
202312080CBJ,STL,fantiad01,Adam Fantilli,1
202312080CBJ,STL,gaudrjo01,Johnny Gaudreau,0
202312080CBJ,STL,jennebo01,Boone Jenner,0
202312080CBJ,STL,jiricda01,David JiÅÃ­Äek,0
202312080CBJ,STL,johnske01,Kent Johnson,0
202312080CBJ,STL,kuralse01,Sean Kuraly,0
202312080CBJ,STL,marchki01,Kirill Marchenko,1
202312080CBJ,STL,olivima01,Mathieu Olivier,0
202312080CBJ,STL,peekean01,Andrew Peeke,0
202312080CBJ,STL,provoiv01,Ivan Provorov,0
202312080CBJ,STL,texieal01,Alexandre Texier,1
202312080CBJ,STL,vorondi01,Dmitri Voronkov,0
202312080CBJ,STL,werenza01,Zach Werenski,0
202312080CBJ,STL,greavje01,Jet Greaves,0
