game_id,opponent,player_id,player_name,scored
202310160CBJ,CBJ,chiarbe01,Ben Chiarot,0
202310160CBJ,CBJ,comphj.01,J.T. Compher,0
202310160CBJ,CBJ,coppan01,Andrew Copp,1
202310160CBJ,CBJ,czarnau01,Austin Czarnik,0
202310160CBJ,CBJ,debrial01,Alex DeBrincat,0
202310160CBJ,CBJ,fischch01,Christian Fischer,0
202310160CBJ,CBJ,gostish01,Shayne Gostisbehere,1
202310160CBJ,CBJ,hollju01,Justin Holl,0
202310160CBJ,CBJ,kostikl01,Klim Kostin,0
202310160CBJ,CBJ,larkidy01,Dylan Larkin,1
202310160CBJ,CBJ,maattol01,Olli MÃ¤Ã¤ttÃ¤,0
202310160CBJ,CBJ,perroda01,David Perron,0
202310160CBJ,CBJ,rasmumi01,Michael Rasmussen,1
202310160CBJ,CBJ,raymolu01,Lucas Raymond,0
202310160CBJ,CBJ,seidemo01,Moritz Seider,0
202310160CBJ,CBJ,spronda01,Daniel Sprong,0
202310160CBJ,CBJ,velenjo01,Joe Veleno,0
202310160CBJ,CBJ,walmaja01,Jake Walman,0
202310160CBJ,CBJ,reimeja01,James Reimer,0
202310160CBJ,DET,beanja01,Jake Bean,0
202310160CBJ,DET,bemstem01,Emil BemstrÃ¶m,0
202310160CBJ,DET,boqviad01,Adam Boqvist,0
202310160CBJ,DET,danfoju01,Justin Danforth,0
202310160CBJ,DET,fantiad01,Adam Fantilli,0
202310160CBJ,DET,gaudrjo01,Johnny Gaudreau,0
202310160CBJ,DET,gudbrer01,Erik Gudbranson,0
202310160CBJ,DET,jennebo01,Boone Jenner,0
202310160CBJ,DET,jiricda01,David JiÅÃ­Äek,0
202310160CBJ,DET,johnske01,Kent Johnson,0
202310160CBJ,DET,kuralse01,Sean Kuraly,0
202310160CBJ,DET,lainepa01,Patrik Laine,0
202310160CBJ,DET,marchki01,Kirill Marchenko,0
202310160CBJ,DET,provoiv01,Ivan Provorov,0
202310160CBJ,DET,rosloja01,Jack Roslovic,0
202310160CBJ,DET,severda01,Damon Severson,0
202310160CBJ,DET,sillico01,Cole Sillinger,0
202310160CBJ,DET,texieal01,Alexandre Texier,0
202310160CBJ,DET,martisp01,Spencer Martin,0
