game_id,opponent,player_id,player_name,scored
202311150VAN,VAN,ahose02,Sebastian Aho,0
202311150VAN,VAN,barzama01,Mathew Barzal,0
202311150VAN,VAN,cizikca01,Casey Cizikas,0
202311150VAN,VAN,cluttca01,Cal Clutterbuck,0
202311150VAN,VAN,dobsono01,Noah Dobson,0
202311150VAN,VAN,engvapi01,Pierre Engvall,1
202311150VAN,VAN,holmssi01,Simon HolmstrÃ¶m,0
202311150VAN,VAN,horvabo01,Bo Horvat,1
202311150VAN,VAN,leean01,Anders Lee,0
202311150VAN,VAN,martima02,Matt Martin,0
202311150VAN,VAN,mayfisc01,Scott Mayfield,0
202311150VAN,VAN,nelsobr01,Brock Nelson,1
202311150VAN,VAN,pageaje01,Jean-Gabriel Pageau,0
202311150VAN,VAN,palmiky01,Kyle Palmieri,0
202311150VAN,VAN,pelecad01,Adam Pelech,0
202311150VAN,VAN,pulocry01,Ryan Pulock,0
202311150VAN,VAN,romanal01,Alexander Romanov,0
202311150VAN,VAN,wahlsol01,Oliver Wahlstrom,0
202311150VAN,VAN,sorokil01,Ilya Sorokin,0
202311150VAN,NYI,beauvan01,Anthony Beauvillier,0
202311150VAN,NYI,bluegte01,Teddy Blueger,0
202311150VAN,NYI,boesebr01,Brock Boeser,1
202311150VAN,NYI,coleia01,Ian Cole,0
202311150VAN,NYI,digiuph01,Phillip Di Giuseppe,0
202311150VAN,NYI,friedma01,Mark Friedman,0
202311150VAN,NYI,garlaco01,Conor Garland,0
202311150VAN,NYI,hoglani01,Nils HÃ¶glander,0
202311150VAN,NYI,hronefi01,Filip Hronek,1
202311150VAN,NYI,hughequ01,Quinn Hughes,1
202311150VAN,NYI,joshuda01,Dakota Joshua,0
202311150VAN,NYI,juulsno01,Noah Juulsen,0
202311150VAN,NYI,kuzmean01,Andrei Kuzmenko,0
202311150VAN,NYI,laffesa01,Sam Lafferty,0
202311150VAN,NYI,mikheil01,Ilya Mikheyev,0
202311150VAN,NYI,millejt01,J.T. Miller,1
202311150VAN,NYI,myersty01,Tyler Myers,0
202311150VAN,NYI,petteel01,Elias Pettersson,0
202311150VAN,NYI,demkoth01,Thatcher Demko,0
