game_id,opponent,player_id,player_name,scored
202312090COL,COL,atkinca01,Cam Atkinson,0
202312090COL,COL,brinkbo01,Bobby Brink,0
202312090COL,COL,coutuse01,Sean Couturier,0
202312090COL,COL,deslani01,Nicolas Deslauriers,0
202312090COL,COL,farabjo01,Joel Farabee,1
202312090COL,COL,foersty01,Tyson Foerster,0
202312090COL,COL,frostmo01,Morgan Frost,0
202312090COL,COL,hathaga01,Garnet Hathaway,0
202312090COL,COL,konectr01,Travis Konecny,1
202312090COL,COL,laughsc01,Scott Laughton,0
202312090COL,COL,ristora01,Rasmus Ristolainen,0
202312090COL,COL,sanhetr01,Travis Sanheim,1
202312090COL,COL,seeleni01,Nick Seeler,0
202312090COL,COL,staalma01,Marc Staal,0
202312090COL,COL,tippeow01,Owen Tippett,1
202312090COL,COL,walkese01,Sean Walker,0
202312090COL,COL,yorkca01,Cameron York,0
202312090COL,COL,zamulye01,Yegor Zamula,0
202312090COL,COL,hartca01,Carter Hart,0
202312090COL,PHI,byrambo01,Bowen Byram,0
202312090COL,PHI,coglian01,Andrew Cogliano,0
202312090COL,PHI,coltoro01,Ross Colton,0
202312090COL,PHI,drouijo01,Jonathan Drouin,0
202312090COL,PHI,johanry01,Ryan Johansen,0
202312090COL,PHI,johnsja02,Jack Johnson,0
202312090COL,PHI,kivirjo01,Joel Kiviranta,0
202312090COL,PHI,macdeku01,Kurtis MacDermid,0
202312090COL,PHI,mackina01,Nathan MacKinnon,1
202312090COL,PHI,makarca01,Cale Makar,0
202312090COL,PHI,malinsa01,Sam Malinski,0
202312090COL,PHI,mansojo01,Josh Manson,1
202312090COL,PHI,nichuva01,Valeri Nichushkin,0
202312090COL,PHI,oconnlo01,Logan O'Connor,0
202312090COL,PHI,rantami01,Mikko Rantanen,0
202312090COL,PHI,tatarto01,TomÃ¡Å¡ Tatar,0
202312090COL,PHI,toewsde01,Devon Toews,0
202312090COL,PHI,woodmi01,Miles Wood,0
202312090COL,PHI,prosviv01,Ivan Prosvetov,0
