game_id,opponent,player_id,player_name,scored
202311160CHI,CHI,cernaer01,Erik ÄernÃ¡k,0
202311160CHI,CHI,cirelan01,Anthony Cirelli,0
202311160CHI,CHI,dehaaca01,Calvin de Haan,0
202311160CHI,CHI,eyssimi01,Michael Eyssimont,0
202311160CHI,CHI,glendlu01,Luke Glendening,0
202311160CHI,CHI,hagelbr01,Brandon Hagel,1
202311160CHI,CHI,hedmavi01,Victor Hedman,1
202311160CHI,CHI,jeannta01,Tanner Jeannot,0
202311160CHI,CHI,kucheni01,Nikita Kucherov,0
202311160CHI,CHI,merelwa01,Waltteri Merela,0
202311160CHI,CHI,mottety01,Tyler Motte,0
202311160CHI,CHI,paulni01,Nick Paul,0
202311160CHI,CHI,perbini01,Nicklaus Perbix,0
202311160CHI,CHI,pointbr01,Brayden Point,1
202311160CHI,CHI,raddyda01,Darren Raddysh,0
202311160CHI,CHI,sergami01,Mikhail Sergachev,1
202311160CHI,CHI,stamkst01,Steven Stamkos,0
202311160CHI,CHI,watsoau01,Austin Watson,0
202311160CHI,CHI,johanjo03,Jonas Johansson,0
202311160CHI,TBL,bedarco01,Connor Bedard,0
202311160CHI,TBL,dickija01,Jason Dickinson,0
202311160CHI,TBL,donatry01,Ryan Donato,0
202311160CHI,TBL,entwima01,Mackenzie Entwistle,0
202311160CHI,TBL,foligni01,Nick Foligno,0
202311160CHI,TBL,johnsre01,Reese Johnson,0
202311160CHI,TBL,johnsty01,Tyler Johnson,0
202311160CHI,TBL,jonesse01,Seth Jones,0
202311160CHI,TBL,kaisewy01,Wyatt Kaiser,0
202311160CHI,TBL,katchbo01,Boris Katchouk,0
202311160CHI,TBL,korchke01,Kevin Korchinski,0
202311160CHI,TBL,kurasph01,Philipp Kurashev,0
202311160CHI,TBL,murphco02,Connor Murphy,0
202311160CHI,TBL,perryco01,Corey Perry,1
202311160CHI,TBL,phillis01,Isaak Phillips,0
202311160CHI,TBL,raddyta01,Taylor Raddysh,0
202311160CHI,TBL,reichlu01,Lukas Reichel,1
202311160CHI,TBL,vlasial01,Alex Vlasic,0
202311160CHI,TBL,mrazepe01,Petr MrÃ¡zek,0
