game_id,opponent,player_id,player_name,scored
202312100MTL,MTL,barrity01,Tyson Barrie,0
202312100MTL,MTL,carrial01,Alexandre Carrier,0
202312100MTL,MTL,evanglu01,Luke Evangelista,0
202312100MTL,MTL,fabbrda01,Dante Fabbro,0
202312100MTL,MTL,forsbfi01,Filip Forsberg,0
202312100MTL,MTL,josiro01,Roman Josi,0
202312100MTL,MTL,lauzoje01,Jeremy Lauzon,0
202312100MTL,MTL,mccarmi01,Michael McCarron,0
202312100MTL,MTL,mcdonry01,Ryan McDonagh,0
202312100MTL,MTL,novakth01,Thomas Novak,0
202312100MTL,MTL,nyquigu01,Gustav Nyquist,0
202312100MTL,MTL,oreilry01,Ryan O'Reilly,0
202312100MTL,MTL,parssju01,Juuso PÃ¤rssinen,0
202312100MTL,MTL,sherwki01,Kiefer Sherwood,0
202312100MTL,MTL,sissoco01,Colton Sissons,1
202312100MTL,MTL,smithco02,Cole Smith,0
202312100MTL,MTL,tomasph01,Philip Tomasino,0
202312100MTL,MTL,treniya01,Yakov Trenin,0
202312100MTL,MTL,sarosju01,Juuse Saros,0
202312100MTL,NSH,anderjo05,Josh Anderson,0
202312100MTL,NSH,armiajo01,Joel Armia,0
202312100MTL,NSH,barroju01,Justin Barron,0
202312100MTL,NSH,caufico01,Cole Caufield,0
202312100MTL,NSH,dvorach01,Christian Dvorak,0
202312100MTL,NSH,evansja02,Jake Evans,1
202312100MTL,NSH,gallabr01,Brendan Gallagher,0
202312100MTL,NSH,guhleka01,Kaiden Guhle,0
202312100MTL,NSH,kovacjo01,Johnathan Kovacevic,0
202312100MTL,NSH,mathemi01,Mike Matheson,0
202312100MTL,NSH,monahse01,Sean Monahan,0
202312100MTL,NSH,pezzemi01,Michael Pezzetta,0
202312100MTL,NSH,savarda01,David Savard,0
202312100MTL,NSH,slafkju01,Juraj Slafkovsky,0
202312100MTL,NSH,stephmi01,Mitchell Stephens,0
202312100MTL,NSH,strubja01,Jayden Struble,0
202312100MTL,NSH,suzukni01,Nick Suzuki,0
202312100MTL,NSH,yloneje01,Jesse YlÃ¶nen,0
202312100MTL,NSH,allenja01,Jake Allen,0
