game_id,opponent,player_id,player_name,scored
202310280CBJ,CBJ,ahose02,Sebastian Aho,0
202310280CBJ,CBJ,barzama01,Mathew Barzal,0
202310280CBJ,CBJ,boldusa01,Samuel Bolduc,0
202310280CBJ,CBJ,cizikca01,Casey Cizikas,0
202310280CBJ,CBJ,cluttca01,Cal Clutterbuck,0
202310280CBJ,CBJ,dobsono01,Noah Dobson,0
202310280CBJ,CBJ,engvapi01,Pierre Engvall,0
202310280CBJ,CBJ,holmssi01,Simon HolmstrÃ¶m,0
202310280CBJ,CBJ,horvabo01,Bo Horvat,0
202310280CBJ,CBJ,leean01,Anders Lee,0
202310280CBJ,CBJ,martima02,Matt Martin,1
202310280CBJ,CBJ,nelsobr01,Brock Nelson,0
202310280CBJ,CBJ,pageaje01,Jean-Gabriel Pageau,0
202310280CBJ,CBJ,palmiky01,Kyle Palmieri,1
202310280CBJ,CBJ,pelecad01,Adam Pelech,0
202310280CBJ,CBJ,pulocry01,Ryan Pulock,0
202310280CBJ,CBJ,romanal01,Alexander Romanov,0
202310280CBJ,CBJ,wahlsol01,Oliver Wahlstrom,0
202310280CBJ,CBJ,varlasi01,Semyon Varlamov,0
202310280CBJ,NYI,beanja01,Jake Bean,0
202310280CBJ,NYI,bemstem01,Emil BemstrÃ¶m,0
202310280CBJ,NYI,danfoju01,Justin Danforth,0
202310280CBJ,NYI,fantiad01,Adam Fantilli,0
202310280CBJ,NYI,gaudrjo01,Johnny Gaudreau,0
202310280CBJ,NYI,gudbrer01,Erik Gudbranson,0
202310280CBJ,NYI,jennebo01,Boone Jenner,0
202310280CBJ,NYI,jiricda01,David JiÅÃ­Äek,0
202310280CBJ,NYI,johnske01,Kent Johnson,0
202310280CBJ,NYI,kuralse01,Sean Kuraly,0
202310280CBJ,NYI,olivima01,Mathieu Olivier,0
202310280CBJ,NYI,provoiv01,Ivan Provorov,0
202310280CBJ,NYI,rosloja01,Jack Roslovic,0
202310280CBJ,NYI,severda01,Damon Severson,0
202310280CBJ,NYI,sillico01,Cole Sillinger,0
202310280CBJ,NYI,texieal01,Alexandre Texier,0
202310280CBJ,NYI,vorondi01,Dmitri Voronkov,0
202310280CBJ,NYI,werenza01,Zach Werenski,0
202310280CBJ,NYI,martisp01,Spencer Martin,0
