game_id,opponent,player_id,player_name,scored
202312160SEA,SEA,andermi02,Michael Anderson,0
202312160SEA,SEA,byfiequ01,Quinton Byfield,0
202312160SEA,SEA,danauph01,Phillip Danault,0
202312160SEA,SEA,doughdr01,Drew Doughty,0
202312160SEA,SEA,duboipi01,Pierre-Luc Dubois,0
202312160SEA,SEA,engluan01,Andreas Englund,0
202312160SEA,SEA,fialake01,Kevin Fiala,0
202312160SEA,SEA,grundca01,Carl GrundstrÃ¶m,0
202312160SEA,SEA,kaliyar01,Arthur Kaliyev,0
202312160SEA,SEA,kempead01,Adrian Kempe,0
202312160SEA,SEA,kopitan01,AnÅ¾e Kopitar,1
202312160SEA,SEA,laferal01,Alex Laferriere,0
202312160SEA,SEA,lewistr01,Trevor Lewis,0
202312160SEA,SEA,lizotbl01,Blake Lizotte,0
202312160SEA,SEA,mooretr01,Trevor Moore,1
202312160SEA,SEA,moverja01,Jacob Moverare,0
202312160SEA,SEA,royma04,Matt Roy,0
202312160SEA,SEA,spencjo01,Jordan Spence,0
202312160SEA,SEA,talboca01,Cam Talbot,0
202312160SEA,LAK,bellepi01,Pierre-Ãdouard Bellemare,0
202312160SEA,LAK,beniema01,Matthew Beniers,0
202312160SEA,LAK,bjorkol01,Oliver Bjorkstrand,1
202312160SEA,LAK,borgewi01,William Borgen,0
202312160SEA,LAK,dumoubr01,Brian Dumoulin,0
202312160SEA,LAK,dunnvi02,Vince Dunn,0
202312160SEA,LAK,evansry01,Ryker Evans,0
202312160SEA,LAK,gourdya01,Yanni Gourde,0
202312160SEA,LAK,kartyty01,Tye Kartye,0
202312160SEA,LAK,larssad01,Adam Larsson,1
202312160SEA,LAK,mccanja01,Jared McCann,0
202312160SEA,LAK,oleksja01,Jamie Oleksiak,0
202312160SEA,LAK,shorede01,Devin Shore,0
202312160SEA,LAK,tanevbr01,Brandon Tanev,0
202312160SEA,LAK,tatarto01,TomÃ¡Å¡ Tatar,0
202312160SEA,LAK,tolvaee01,Eeli Tolvanen,0
202312160SEA,LAK,wennbal01,Alexander Wennberg,0
202312160SEA,LAK,yamamka01,Kailer Yamamoto,0
202312160SEA,LAK,daccojo01,Joey Daccord,0
