game_id,opponent,player_id,player_name,scored
202310140BOS,BOS,barrity01,Tyson Barrie,0
202310140BOS,BOS,carrial01,Alexandre Carrier,0
202310140BOS,BOS,evanglu01,Luke Evangelista,0
202310140BOS,BOS,fabbrda01,Dante Fabbro,0
202310140BOS,BOS,forsbfi01,Filip Forsberg,0
202310140BOS,BOS,glassco01,Cody Glass,0
202310140BOS,BOS,josiro01,Roman Josi,0
202310140BOS,BOS,lauzoje01,Jeremy Lauzon,0
202310140BOS,BOS,mcdonry01,Ryan McDonagh,0
202310140BOS,BOS,novakth01,Thomas Novak,0
202310140BOS,BOS,nyquigu01,Gustav Nyquist,0
202310140BOS,BOS,oreilry01,Ryan O'Reilly,0
202310140BOS,BOS,parssju01,Juuso PÃ¤rssinen,0
202310140BOS,BOS,sherwki01,Kiefer Sherwood,0
202310140BOS,BOS,sissoco01,Colton Sissons,1
202310140BOS,BOS,smithco02,Cole Smith,0
202310140BOS,BOS,tomasph01,Philip Tomasino,0
202310140BOS,BOS,treniya01,Yakov Trenin,0
202310140BOS,BOS,sarosju01,Juuse Saros,0
202310140BOS,NSH,beechjo01,John Beecher,0
202310140BOS,NSH,carlobr01,Brandon Carlo,0
202310140BOS,NSH,coylech01,Charlie Coyle,0
202310140BOS,NSH,debruja01,Jake DeBrusk,0
202310140BOS,NSH,forbode01,Derek Forbort,0
202310140BOS,NSH,fredetr01,Trent Frederic,0
202310140BOS,NSH,geekimo01,Morgan Geekie,0
202310140BOS,NSH,grzelma01,Matt Grzelcyk,0
202310140BOS,NSH,laukoja01,Jakub Lauko,0
202310140BOS,NSH,lindhha01,Hampus Lindholm,0
202310140BOS,NSH,lucicmi01,Milan Lucic,0
202310140BOS,NSH,marchbr03,Brad Marchand,0
202310140BOS,NSH,mcavoch01,Charlie McAvoy,0
202310140BOS,NSH,pastrda01,David PastrÅÃ¡k,1
202310140BOS,NSH,poitrma01,Matthew Poitras,0
202310140BOS,NSH,shattke01,Kevin Shattenkirk,0
202310140BOS,NSH,vanrija01,James van Riemsdyk,1
202310140BOS,NSH,zachapa01,Pavel Zacha,0
202310140BOS,NSH,swaymje01,Jeremy Swayman,0
