game_id,opponent,player_id,player_name,scored
202311240PHI,PHI,boninni01,Nick Bonino,0
202311240PHI,PHI,cuyllwi01,William Cuylle,0
202311240PHI,PHI,goodrba01,Barclay Goodrow,0
202311240PHI,PHI,gustaer02,Erik Gustafsson,0
202311240PHI,PHI,jonesza01,Zachary Jones,0
202311240PHI,PHI,kakkoka01,Kaapo Kakko,0
202311240PHI,PHI,kreidch01,Chris Kreider,1
202311240PHI,PHI,lafreal01,Alexis LafreniÃ¨re,0
202311240PHI,PHI,lindgry01,Ryan Lindgren,0
202311240PHI,PHI,milleka01,K'Andre Miller,0
202311240PHI,PHI,panarar01,Artemi Panarin,0
202311240PHI,PHI,pitlity01,Tyler Pitlick,0
202311240PHI,PHI,schnebr01,Braden Schneider,0
202311240PHI,PHI,trochvi01,Vincent Trocheck,0
202311240PHI,PHI,troubja01,Jacob Trouba,0
202311240PHI,PHI,veseyji02,Jimmy Vesey,0
202311240PHI,PHI,wheelbl01,Blake Wheeler,0
202311240PHI,PHI,zibanmi01,Mika Zibanejad,1
202311240PHI,PHI,shestig01,Igor Shesterkin,0
202311240PHI,NYR,atkinca01,Cam Atkinson,0
202311240PHI,NYR,brinkbo01,Bobby Brink,0
202311240PHI,NYR,catesno01,Noah Cates,0
202311240PHI,NYR,coutuse01,Sean Couturier,1
202311240PHI,NYR,deslani01,Nicolas Deslauriers,0
202311240PHI,NYR,farabjo01,Joel Farabee,0
202311240PHI,NYR,foersty01,Tyson Foerster,0
202311240PHI,NYR,hathaga01,Garnet Hathaway,0
202311240PHI,NYR,konectr01,Travis Konecny,0
202311240PHI,NYR,laughsc01,Scott Laughton,0
202311240PHI,NYR,poehlry01,Ryan Poehling,0
202311240PHI,NYR,sanhetr01,Travis Sanheim,0
202311240PHI,NYR,seeleni01,Nick Seeler,0
202311240PHI,NYR,staalma01,Marc Staal,0
202311240PHI,NYR,tippeow01,Owen Tippett,0
202311240PHI,NYR,walkese01,Sean Walker,0
202311240PHI,NYR,yorkca01,Cameron York,0
202311240PHI,NYR,zamulye01,Yegor Zamula,0
202311240PHI,NYR,hartca01,Carter Hart,0
