game_id,opponent,player_id,player_name,scored
202311190PIT,PIT,amadimi01,Michael Amadio,0
202311190PIT,PIT,barbaiv01,Ivan Barbashev,0
202311190PIT,PIT,carriwi01,William Carrier,0
202311190PIT,PIT,cottepa01,Paul Cotter,0
202311190PIT,PIT,eicheja01,Jack Eichel,0
202311190PIT,PIT,hagueni01,Nicolas Hague,0
202311190PIT,PIT,howdebr01,Brett Howden,0
202311190PIT,PIT,karlswi01,William Karlsson,0
202311190PIT,PIT,koleske01,Keegan Kolesar,0
202311190PIT,PIT,audymjo01,Jonathan Marchessault,0
202311190PIT,PIT,martial01,Alec Martinez,0
202311190PIT,PIT,mcnabbr01,Brayden McNabb,0
202311190PIT,PIT,pietral01,Alex Pietrangelo,0
202311190PIT,PIT,royni01,Nicolas Roy,0
202311190PIT,PIT,stephch02,Chandler Stephenson,0
202311190PIT,PIT,stonema01,Mark Stone,0
202311190PIT,PIT,theodsh01,Shea Theodore,0
202311190PIT,PIT,whiteza01,Zach Whitecloud,0
202311190PIT,PIT,hillad01,Adin Hill,0
202311190PIT,VEG,acciano01,Noel Acciari,1
202311190PIT,VEG,carteje01,Jeff Carter,0
202311190PIT,VEG,crosbsi01,Sidney Crosby,0
202311190PIT,VEG,ellerla01,Lars Eller,0
202311190PIT,VEG,gravery01,Ryan Graves,1
202311190PIT,VEG,guentja01,Jake Guentzel,0
202311190PIT,VEG,karlser01,Erik Karlsson,0
202311190PIT,VEG,letankr01,Kris Letang,0
202311190PIT,VEG,malkiev01,Evgeni Malkin,1
202311190PIT,VEG,nietoma01,Matthew Nieto,0
202311190PIT,VEG,oconndr01,Drew O'Connor,0
202311190PIT,VEG,pettema01,Marcus Pettersson,0
202311190PIT,VEG,rakelri01,Rickard Rakell,0
202311190PIT,VEG,ruhwech01,Chad Ruhwedel,0
202311190PIT,VEG,rustbr01,Bryan Rust,0
202311190PIT,VEG,sheary01,Ryan Shea,0
202311190PIT,VEG,smithre01,Reilly Smith,0
202311190PIT,VEG,zohorra01,Radim Zohorna,0
202311190PIT,VEG,nedelal01,Alex Nedeljkovic,0
