game_id,opponent,player_id,player_name,scored
202312150CAR,CAR,barrity01,Tyson Barrie,1
202312150CAR,CAR,carrial01,Alexandre Carrier,0
202312150CAR,CAR,evanglu01,Luke Evangelista,0
202312150CAR,CAR,forsbfi01,Filip Forsberg,1
202312150CAR,CAR,glassco01,Cody Glass,0
202312150CAR,CAR,josiro01,Roman Josi,1
202312150CAR,CAR,lauzoje01,Jeremy Lauzon,1
202312150CAR,CAR,mccarmi01,Michael McCarron,0
202312150CAR,CAR,mcdonry01,Ryan McDonagh,0
202312150CAR,CAR,novakth01,Thomas Novak,0
202312150CAR,CAR,nyquigu01,Gustav Nyquist,0
202312150CAR,CAR,oreilry01,Ryan O'Reilly,1
202312150CAR,CAR,parssju01,Juuso PÃ¤rssinen,1
202312150CAR,CAR,schenlu01,Luke Schenn,0
202312150CAR,CAR,sissoco01,Colton Sissons,0
202312150CAR,CAR,smithco02,Cole Smith,0
202312150CAR,CAR,tomasph01,Philip Tomasino,0
202312150CAR,CAR,treniya01,Yakov Trenin,0
202312150CAR,CAR,lankike01,Kevin Lankinen,0
202312150CAR,NSH,ahose01,Sebastian Aho,1
202312150CAR,NSH,buntimi01,Michael Bunting,0
202312150CAR,NSH,burnsbr01,Brent Burns,0
202312150CAR,NSH,chatfja01,Jalen Chatfield,1
202312150CAR,NSH,deangan01,Tony DeAngelo,1
202312150CAR,NSH,druryja01,Jack Drury,0
202312150CAR,NSH,fastje01,Jesper Fast,0
202312150CAR,NSH,jarvise01,Seth Jarvis,0
202312150CAR,NSH,kotkaje01,Jesperi Kotkaniemi,0
202312150CAR,NSH,martijo01,Jordan Martinook,0
202312150CAR,NSH,necasma01,Martin NeÄas,1
202312150CAR,NSH,noesest01,Stefan Noesen,1
202312150CAR,NSH,orlovdm01,Dmitry Orlov,0
202312150CAR,NSH,pescebr01,Brett Pesce,0
202312150CAR,NSH,skjeibr01,Brady Skjei,0
202312150CAR,NSH,slavija01,Jaccob Slavin,0
202312150CAR,NSH,staaljo01,Jordan Staal,0
202312150CAR,NSH,teravte01,Teuvo TerÃ¤vÃ¤inen,0
202312150CAR,NSH,raantan01,Antti Raanta,0
