game_id,opponent,player_id,player_name,scored
202312180DAL,DAL,bellepi01,Pierre-Ãdouard Bellemare,0
202312180DAL,DAL,beniema01,Matthew Beniers,1
202312180DAL,DAL,bjorkol01,Oliver Bjorkstrand,0
202312180DAL,DAL,borgewi01,William Borgen,0
202312180DAL,DAL,dumoubr01,Brian Dumoulin,0
202312180DAL,DAL,dunnvi02,Vince Dunn,0
202312180DAL,DAL,eberljo01,Jordan Eberle,0
202312180DAL,DAL,evansry01,Ryker Evans,0
202312180DAL,DAL,gourdya01,Yanni Gourde,0
202312180DAL,DAL,kartyty01,Tye Kartye,0
202312180DAL,DAL,larssad01,Adam Larsson,0
202312180DAL,DAL,mccanja01,Jared McCann,0
202312180DAL,DAL,oleksja01,Jamie Oleksiak,0
202312180DAL,DAL,tanevbr01,Brandon Tanev,0
202312180DAL,DAL,tatarto01,TomÃ¡Å¡ Tatar,1
202312180DAL,DAL,tolvaee01,Eeli Tolvanen,1
202312180DAL,DAL,wennbal01,Alexander Wennberg,0
202312180DAL,DAL,yamamka01,Kailer Yamamoto,0
202312180DAL,DAL,daccojo01,Joey Daccord,0
202312180DAL,SEA,bennja01,Jamie Benn,0
202312180DAL,SEA,dadonev01,Evgenii Dadonov,0
202312180DAL,SEA,dellaty01,Ty Dellandrea,0
202312180DAL,SEA,duchema01,Matt Duchene,1
202312180DAL,SEA,hakanja01,Jani HakanpÃ¤Ã¤,0
202312180DAL,SEA,hanlejo01,Joel Hanley,0
202312180DAL,SEA,harleth01,Thomas Harley,1
202312180DAL,SEA,heiskmi01,Miro Heiskanen,0
202312180DAL,SEA,hintzro01,Roope Hintz,0
202312180DAL,SEA,johnswy01,Wyatt Johnston,0
202312180DAL,SEA,lindees01,Esa Lindell,0
202312180DAL,SEA,marchma01,Mason Marchment,0
202312180DAL,SEA,paveljo01,Joe Pavelski,0
202312180DAL,SEA,roberja01,Jason Robertson,1
202312180DAL,SEA,seguity01,Tyler Seguin,0
202312180DAL,SEA,smithcr01,Craig Smith,0
202312180DAL,SEA,steelsa01,Sam Steel,0
202312180DAL,SEA,suterry01,Ryan Suter,0
202312180DAL,SEA,wedgesc01,Scott Wedgewood,0
