game_id,opponent,player_id,player_name,scored
202311250NYI,NYI,atkinca01,Cam Atkinson,0
202311250NYI,NYI,catesno01,Noah Cates,0
202311250NYI,NYI,coutuse01,Sean Couturier,0
202311250NYI,NYI,deslani01,Nicolas Deslauriers,0
202311250NYI,NYI,farabjo01,Joel Farabee,0
202311250NYI,NYI,foersty01,Tyson Foerster,0
202311250NYI,NYI,frostmo01,Morgan Frost,0
202311250NYI,NYI,hathaga01,Garnet Hathaway,0
202311250NYI,NYI,konectr01,Travis Konecny,0
202311250NYI,NYI,laughsc01,Scott Laughton,0
202311250NYI,NYI,poehlry01,Ryan Poehling,0
202311250NYI,NYI,ristora01,Rasmus Ristolainen,0
202311250NYI,NYI,sanhetr01,Travis Sanheim,0
202311250NYI,NYI,seeleni01,Nick Seeler,0
202311250NYI,NYI,staalma01,Marc Staal,0
202311250NYI,NYI,tippeow01,Owen Tippett,0
202311250NYI,NYI,walkese01,Sean Walker,0
202311250NYI,NYI,yorkca01,Cameron York,0
202311250NYI,NYI,erssosa01,Samuel Ersson,0
202311250NYI,PHI,barzama01,Mathew Barzal,0
202311250NYI,PHI,boldusa01,Samuel Bolduc,0
202311250NYI,PHI,cizikca01,Casey Cizikas,0
202311250NYI,PHI,cluttca01,Cal Clutterbuck,0
202311250NYI,PHI,dobsono01,Noah Dobson,0
202311250NYI,PHI,engvapi01,Pierre Engvall,0
202311250NYI,PHI,gauthju01,Julien Gauthier,0
202311250NYI,PHI,holmssi01,Simon HolmstrÃ¶m,0
202311250NYI,PHI,horvabo01,Bo Horvat,0
202311250NYI,PHI,huttogr01,Grant Hutton,0
202311250NYI,PHI,leean01,Anders Lee,0
202311250NYI,PHI,mayfisc01,Scott Mayfield,0
202311250NYI,PHI,nelsobr01,Brock Nelson,0
202311250NYI,PHI,pageaje01,Jean-Gabriel Pageau,0
202311250NYI,PHI,palmiky01,Kyle Palmieri,0
202311250NYI,PHI,pulocry01,Ryan Pulock,0
202311250NYI,PHI,romanal01,Alexander Romanov,0
202311250NYI,PHI,wahlsol01,Oliver Wahlstrom,0
202311250NYI,PHI,sorokil01,Ilya Sorokin,0
