game_id,opponent,player_id,player_name,scored
202312120NYR,NYR,benoisi01,Simon Benoit,0
202312120NYR,NYR,bertuty01,Tyler Bertuzzi,0
202312120NYR,NYR,broditj01,T.J. Brodie,0
202312120NYR,NYR,domima01,Max Domi,0
202312120NYR,NYR,gregono01,Noah Gregor,0
202312120NYR,NYR,jarnkca01,Calle JÃ¤rnkrok,1
202312120NYR,NYR,kampfda01,David KÃ¤mpf,1
202312120NYR,NYR,lageswi01,William Lagesson,0
202312120NYR,NYR,lajoima01,Maxime Lajoie,0
202312120NYR,NYR,marnemi01,Mitch Marner,1
202312120NYR,NYR,matthau01,Auston Matthews,1
202312120NYR,NYR,mccabja01,Jake McCabe,0
202312120NYR,NYR,mcmanbo02,Bobby McMann,0
202312120NYR,NYR,nylanwi01,William Nylander,0
202312120NYR,NYR,riellmo01,Morgan Rielly,0
202312120NYR,NYR,roberni01,Nicholas Robertson,0
202312120NYR,NYR,tavarjo01,John Tavares,0
202312120NYR,NYR,timmico01,Conor Timmins,1
202312120NYR,NYR,jonesma02,Martin Jones,0
202312120NYR,TOR,boninni01,Nick Bonino,0
202312120NYR,TOR,brodzjo01,Jonny Brodzinski,0
202312120NYR,TOR,cuyllwi01,William Cuylle,0
202312120NYR,TOR,foxad01,Adam Fox,0
202312120NYR,TOR,goodrba01,Barclay Goodrow,0
202312120NYR,TOR,gustaer02,Erik Gustafsson,0
202312120NYR,TOR,jonesza01,Zachary Jones,0
202312120NYR,TOR,kreidch01,Chris Kreider,0
202312120NYR,TOR,lafreal01,Alexis LafreniÃ¨re,0
202312120NYR,TOR,lindgry01,Ryan Lindgren,0
202312120NYR,TOR,panarar01,Artemi Panarin,0
202312120NYR,TOR,pitlity01,Tyler Pitlick,0
202312120NYR,TOR,schnebr01,Braden Schneider,0
202312120NYR,TOR,trochvi01,Vincent Trocheck,0
202312120NYR,TOR,troubja01,Jacob Trouba,0
202312120NYR,TOR,veseyji02,Jimmy Vesey,0
202312120NYR,TOR,wheelbl01,Blake Wheeler,1
202312120NYR,TOR,zibanmi01,Mika Zibanejad,1
202312120NYR,TOR,shestig01,Igor Shesterkin,0
