game_id,opponent,player_id,player_name,scored
202311300VAN,VAN,amadimi01,Michael Amadio,0
202311300VAN,VAN,barbaiv01,Ivan Barbashev,1
202311300VAN,VAN,carriwi01,William Carrier,0
202311300VAN,VAN,cottepa01,Paul Cotter,0
202311300VAN,VAN,eicheja01,Jack Eichel,1
202311300VAN,VAN,hagueni01,Nicolas Hague,0
202311300VAN,VAN,howdebr01,Brett Howden,1
202311300VAN,VAN,huttobe01,Ben Hutton,0
202311300VAN,VAN,karlswi01,William Karlsson,1
202311300VAN,VAN,koleske01,Keegan Kolesar,0
202311300VAN,VAN,korczka01,Kaedan Korczak,0
202311300VAN,VAN,audymjo01,Jonathan Marchessault,0
202311300VAN,VAN,mcnabbr01,Brayden McNabb,0
202311300VAN,VAN,pietral01,Alex Pietrangelo,0
202311300VAN,VAN,royni01,Nicolas Roy,0
202311300VAN,VAN,stephch02,Chandler Stephenson,0
202311300VAN,VAN,stonema01,Mark Stone,0
202311300VAN,VAN,whiteza01,Zach Whitecloud,0
202311300VAN,VAN,hillad01,Adin Hill,0
202311300VAN,VAN,thomplo01,Logan Thompson,0
202311300VAN,VEG,amanni01,Nils Ãman,0
202311300VAN,VEG,bluegte01,Teddy Blueger,0
202311300VAN,VEG,boesebr01,Brock Boeser,0
202311300VAN,VEG,coleia01,Ian Cole,0
202311300VAN,VEG,digiuph01,Phillip Di Giuseppe,0
202311300VAN,VEG,friedma01,Mark Friedman,0
202311300VAN,VEG,garlaco01,Conor Garland,0
202311300VAN,VEG,hoglani01,Nils HÃ¶glander,0
202311300VAN,VEG,hronefi01,Filip Hronek,0
202311300VAN,VEG,hughequ01,Quinn Hughes,0
202311300VAN,VEG,joshuda01,Dakota Joshua,0
202311300VAN,VEG,juulsno01,Noah Juulsen,0
202311300VAN,VEG,kuzmean01,Andrei Kuzmenko,1
202311300VAN,VEG,laffesa01,Sam Lafferty,0
202311300VAN,VEG,mikheil01,Ilya Mikheyev,0
202311300VAN,VEG,millejt01,J.T. Miller,0
202311300VAN,VEG,myersty01,Tyler Myers,0
202311300VAN,VEG,petteel01,Elias Pettersson,0
202311300VAN,VEG,demkoth01,Thatcher Demko,0
