game_id,opponent,player_id,player_name,scored
202310240PIT,PIT,bennja01,Jamie Benn,0
202310240PIT,PIT,dadonev01,Evgenii Dadonov,1
202310240PIT,PIT,dellaty01,Ty Dellandrea,0
202310240PIT,PIT,duchema01,Matt Duchene,0
202310240PIT,PIT,faksara01,Radek Faksa,0
202310240PIT,PIT,hakanja01,Jani HakanpÃ¤Ã¤,0
202310240PIT,PIT,harleth01,Thomas Harley,1
202310240PIT,PIT,heiskmi01,Miro Heiskanen,0
202310240PIT,PIT,hintzro01,Roope Hintz,0
202310240PIT,PIT,johnswy01,Wyatt Johnston,1
202310240PIT,PIT,lindees01,Esa Lindell,0
202310240PIT,PIT,lundkni01,Nils Lundkvist,0
202310240PIT,PIT,marchma01,Mason Marchment,0
202310240PIT,PIT,paveljo01,Joe Pavelski,0
202310240PIT,PIT,roberja01,Jason Robertson,1
202310240PIT,PIT,seguity01,Tyler Seguin,0
202310240PIT,PIT,smithcr01,Craig Smith,0
202310240PIT,PIT,suterry01,Ryan Suter,0
202310240PIT,PIT,oettija01,Jake Oettinger,0
202310240PIT,DAL,acciano01,Noel Acciari,0
202310240PIT,DAL,carteje01,Jeff Carter,0
202310240PIT,DAL,crosbsi01,Sidney Crosby,0
202310240PIT,DAL,ellerla01,Lars Eller,0
202310240PIT,DAL,gravery01,Ryan Graves,0
202310240PIT,DAL,guentja01,Jake Guentzel,0
202310240PIT,DAL,karlser01,Erik Karlsson,0
202310240PIT,DAL,letankr01,Kris Letang,0
202310240PIT,DAL,ludvijo01,John Ludvig,0
202310240PIT,DAL,malkiev01,Evgeni Malkin,0
202310240PIT,DAL,nietoma01,Matthew Nieto,0
202310240PIT,DAL,oconndr01,Drew O'Connor,0
202310240PIT,DAL,pettema01,Marcus Pettersson,0
202310240PIT,DAL,rakelri01,Rickard Rakell,0
202310240PIT,DAL,rustbr01,Bryan Rust,1
202310240PIT,DAL,sheary01,Ryan Shea,0
202310240PIT,DAL,smithre01,Reilly Smith,0
202310240PIT,DAL,zohorra01,Radim Zohorna,0
202310240PIT,DAL,nedelal01,Alex Nedeljkovic,0
