game_id,opponent,player_id,player_name,scored
202311300MTL,MTL,barkoal01,Aleksander Barkov,1
202311300MTL,MTL,bennesa01,Sam Bennett,1
202311300MTL,MTL,cousini01,Nick Cousins,0
202311300MTL,MTL,ekblaaa01,Aaron Ekblad,0
202311300MTL,MTL,ekmanol01,Oliver Ekman-Larsson,1
202311300MTL,MTL,forslgu02,Gustav Forsling,0
202311300MTL,MTL,gadjojo01,Jonah Gadjovich,0
202311300MTL,MTL,kulikdm01,Dmitry Kulikov,0
202311300MTL,MTL,lombery01,Ryan Lomberg,0
202311300MTL,MTL,lundean01,Anton Lundell,0
202311300MTL,MTL,luostee01,Eetu Luostarinen,0
202311300MTL,MTL,mikkoni01,Niko Mikkola,0
202311300MTL,MTL,montobr01,Brandon Montour,0
202311300MTL,MTL,reinhsa01,Sam Reinhart,0
202311300MTL,MTL,rodriev01,Evan Rodrigues,1
202311300MTL,MTL,stenlke01,Kevin Stenlund,0
202311300MTL,MTL,tkachma01,Matthew Tkachuk,0
202311300MTL,MTL,verhaca01,Carter Verhaeghe,1
202311300MTL,MTL,bobrose01,Sergei Bobrovsky,0
202311300MTL,FLA,anderjo05,Josh Anderson,0
202311300MTL,FLA,armiajo01,Joel Armia,0
202311300MTL,FLA,barroju01,Justin Barron,0
202311300MTL,FLA,caufico01,Cole Caufield,0
202311300MTL,FLA,dvorach01,Christian Dvorak,0
202311300MTL,FLA,evansja02,Jake Evans,0
202311300MTL,FLA,gallabr01,Brendan Gallagher,0
202311300MTL,FLA,guhleka01,Kaiden Guhle,0
202311300MTL,FLA,kovacjo01,Johnathan Kovacevic,1
202311300MTL,FLA,lindsgu01,Gustav LindstrÃ¶m,0
202311300MTL,FLA,mathemi01,Mike Matheson,0
202311300MTL,FLA,monahse01,Sean Monahan,0
202311300MTL,FLA,newhoal01,Alex Newhook,0
202311300MTL,FLA,pearsta01,Tanner Pearson,0
202311300MTL,FLA,slafkju01,Juraj Slafkovsky,0
202311300MTL,FLA,strubja01,Jayden Struble,0
202311300MTL,FLA,suzukni01,Nick Suzuki,0
202311300MTL,FLA,yloneje01,Jesse YlÃ¶nen,0
202311300MTL,FLA,primeca01,Cayden Primeau,0
