game_id,opponent,player_id,player_name,scored
202311040OTT,OTT,barreal01,Alex BarrÃ©-Boulet,0
202311040OTT,OTT,bogosza01,Zach Bogosian,0
202311040OTT,OTT,cernaer01,Erik ÄernÃ¡k,0
202311040OTT,OTT,cirelan01,Anthony Cirelli,0
202311040OTT,OTT,dehaaca01,Calvin de Haan,0
202311040OTT,OTT,eyssimi01,Michael Eyssimont,1
202311040OTT,OTT,glendlu01,Luke Glendening,0
202311040OTT,OTT,hagelbr01,Brandon Hagel,0
202311040OTT,OTT,hedmavi01,Victor Hedman,1
202311040OTT,OTT,jeannta01,Tanner Jeannot,0
202311040OTT,OTT,kucheni01,Nikita Kucherov,1
202311040OTT,OTT,paulni01,Nick Paul,0
202311040OTT,OTT,pointbr01,Brayden Point,1
202311040OTT,OTT,raddyda01,Darren Raddysh,0
202311040OTT,OTT,sergami01,Mikhail Sergachev,0
202311040OTT,OTT,shearco01,Conor Sheary,0
202311040OTT,OTT,stamkst01,Steven Stamkos,0
202311040OTT,OTT,watsoau01,Austin Watson,0
202311040OTT,OTT,johanjo03,Jonas Johansson,0
202311040OTT,TBL,bathedr01,Drake Batherson,1
202311040OTT,TBL,bernaja01,Jacob Bernard-Docker,0
202311040OTT,TBL,chartro01,Rourke Chartier,0
202311040OTT,TBL,chychja01,Jakob Chychrun,0
202311040OTT,TBL,giroucl01,Claude Giroux,1
202311040OTT,TBL,hamontr01,Travis Hamonic,0
202311040OTT,TBL,jarvero01,Roby Jarventie,0
202311040OTT,TBL,josepma01,Mathieu Joseph,0
202311040OTT,TBL,kellypa01,Parker Kelly,0
202311040OTT,TBL,klevety01,Tyler Kleven,0
202311040OTT,TBL,kubaldo01,Dominik KubalÃ­k,0
202311040OTT,TBL,macewza01,Zack MacEwen,0
202311040OTT,TBL,matinni01,Nikolas Matinpalo,0
202311040OTT,TBL,norrijo01,Joshua Norris,0
202311040OTT,TBL,sandeja01,Jake Sanderson,0
202311040OTT,TBL,stuetti02,Tim StÃ¼tzle,0
202311040OTT,TBL,tarasvl01,Vladimir Tarasenko,0
202311040OTT,TBL,tkachbr01,Brady Tkachuk,1
202311040OTT,TBL,forsban01,Anton Forsberg,0
202311040OTT,TBL,korpijo01,Joonas Korpisalo,0
