game_id,opponent,player_id,player_name,scored
202311250NJD,NJD,bensoza01,Zach Benson,0
202311250NJD,NJD,cliftco01,Connor Clifton,0
202311250NJD,NJD,cozendy01,Dylan Cozens,0
202311250NJD,NJD,dahlira01,Rasmus Dahlin,0
202311250NJD,NJD,johnser01,Erik Johnson,0
202311250NJD,NJD,johnsry03,Ryan Johnson,0
202311250NJD,NJD,jostty01,Tyson Jost,0
202311250NJD,NJD,krebspe01,Peyton Krebs,0
202311250NJD,NJD,kulicji01,Jiri Kulich,0
202311250NJD,NJD,mitteca01,Casey Mittelstadt,0
202311250NJD,NJD,okposky01,Kyle Okposo,1
202311250NJD,NJD,olofsvi01,Victor Olofsson,0
202311250NJD,NJD,peterjo01,John-Jason Peterka,0
202311250NJD,NJD,powerow01,Owen Power,0
202311250NJD,NJD,rosenis01,Isak Rosen,0
202311250NJD,NJD,samuema02,Mattias Samuelsson,0
202311250NJD,NJD,skinnje01,Jeff Skinner,1
202311250NJD,NJD,tuchal01,Alex Tuch,0
202311250NJD,NJD,comrier01,Eric Comrie,0
202311250NJD,NJD,levide01,Devon Levi,0
202311250NJD,BUF,bahlke01,Kevin Bahl,0
202311250NJD,BUF,bastina01,Nathan Bastian,0
202311250NJD,BUF,brattje01,Jesper Bratt,0
202311250NJD,BUF,hamildo01,Dougie Hamilton,0
202311250NJD,BUF,haulaer01,Erik Haula,0
202311250NJD,BUF,hischni01,Nico Hischier,1
202311250NJD,BUF,holtzal01,Alexander Holtz,1
202311250NJD,BUF,hugheja03,Jack Hughes,0
202311250NJD,BUF,hughelu01,Luke Hughes,1
202311250NJD,BUF,marinjo01,John Marino,0
202311250NJD,BUF,mcleomi01,Michael McLeod,0
202311250NJD,BUF,merceda01,Dawson Mercer,1
202311250NJD,BUF,milleco02,Colin Miller,0
202311250NJD,BUF,palaton01,OndÅej PalÃ¡t,1
202311250NJD,BUF,siegejo01,Jonas Siegenthaler,0
202311250NJD,BUF,smithbr05,Brendan Smith,0
202311250NJD,BUF,tiernch01,Chris Tierney,0
202311250NJD,BUF,toffoty01,Tyler Toffoli,1
202311250NJD,BUF,vanecvi01,VÃ­tek VanÄÄek,0
