game_id,opponent,player_id,player_name,scored
202311280CHI,CHI,bellepi01,Pierre-Ãdouard Bellemare,0
202311280CHI,CHI,beniema01,Matthew Beniers,1
202311280CHI,CHI,bjorkol01,Oliver Bjorkstrand,0
202311280CHI,CHI,borgewi01,William Borgen,0
202311280CHI,CHI,dumoubr01,Brian Dumoulin,0
202311280CHI,CHI,dunnvi02,Vince Dunn,0
202311280CHI,CHI,eberljo01,Jordan Eberle,0
202311280CHI,CHI,gourdya01,Yanni Gourde,0
202311280CHI,CHI,kartyty01,Tye Kartye,1
202311280CHI,CHI,larssad01,Adam Larsson,0
202311280CHI,CHI,mccanja01,Jared McCann,0
202311280CHI,CHI,oleksja01,Jamie Oleksiak,0
202311280CHI,CHI,poturan01,Andrew Poturalski,0
202311280CHI,CHI,schulju01,Justin Schultz,0
202311280CHI,CHI,schwaja01,Jaden Schwartz,0
202311280CHI,CHI,tolvaee01,Eeli Tolvanen,0
202311280CHI,CHI,wennbal01,Alexander Wennberg,1
202311280CHI,CHI,yamamka01,Kailer Yamamoto,0
202311280CHI,CHI,grubaph01,Philipp Grubauer,0
202311280CHI,SEA,anderjo08,Joey Anderson,0
202311280CHI,SEA,bedarco01,Connor Bedard,0
202311280CHI,SEA,dickija01,Jason Dickinson,1
202311280CHI,SEA,donatry01,Ryan Donato,0
202311280CHI,SEA,entwima01,Mackenzie Entwistle,1
202311280CHI,SEA,foligni01,Nick Foligno,0
202311280CHI,SEA,johnsre01,Reese Johnson,0
202311280CHI,SEA,johnsty01,Tyler Johnson,1
202311280CHI,SEA,jonesse01,Seth Jones,0
202311280CHI,SEA,kaisewy01,Wyatt Kaiser,0
202311280CHI,SEA,katchbo01,Boris Katchouk,1
202311280CHI,SEA,korchke01,Kevin Korchinski,0
202311280CHI,SEA,kurasph01,Philipp Kurashev,0
202311280CHI,SEA,murphco02,Connor Murphy,0
202311280CHI,SEA,phillis01,Isaak Phillips,0
202311280CHI,SEA,raddyta01,Taylor Raddysh,0
202311280CHI,SEA,reichlu01,Lukas Reichel,0
202311280CHI,SEA,vlasial01,Alex Vlasic,0
202311280CHI,SEA,mrazepe01,Petr MrÃ¡zek,0
