game_id,opponent,player_id,player_name,scored
202311290CBJ,CBJ,anderjo05,Josh Anderson,0
202311290CBJ,CBJ,armiajo01,Joel Armia,1
202311290CBJ,CBJ,barroju01,Justin Barron,0
202311290CBJ,CBJ,caufico01,Cole Caufield,1
202311290CBJ,CBJ,dvorach01,Christian Dvorak,0
202311290CBJ,CBJ,evansja02,Jake Evans,0
202311290CBJ,CBJ,gallabr01,Brendan Gallagher,0
202311290CBJ,CBJ,guhleka01,Kaiden Guhle,0
202311290CBJ,CBJ,kovacjo01,Johnathan Kovacevic,0
202311290CBJ,CBJ,lindsgu01,Gustav LindstrÃ¶m,1
202311290CBJ,CBJ,mathemi01,Mike Matheson,0
202311290CBJ,CBJ,monahse01,Sean Monahan,0
202311290CBJ,CBJ,newhoal01,Alex Newhook,1
202311290CBJ,CBJ,pearsta01,Tanner Pearson,0
202311290CBJ,CBJ,slafkju01,Juraj Slafkovsky,0
202311290CBJ,CBJ,strubja01,Jayden Struble,0
202311290CBJ,CBJ,suzukni01,Nick Suzuki,0
202311290CBJ,CBJ,yloneje01,Jesse YlÃ¶nen,0
202311290CBJ,CBJ,montesa01,Sam Montembeault,0
202311290CBJ,MTL,beanja01,Jake Bean,0
202311290CBJ,MTL,boqviad01,Adam Boqvist,0
202311290CBJ,MTL,chinaye01,Yegor Chinakhov,1
202311290CBJ,MTL,danfoju01,Justin Danforth,0
202311290CBJ,MTL,fantiad01,Adam Fantilli,0
202311290CBJ,MTL,gaudrjo01,Johnny Gaudreau,0
202311290CBJ,MTL,gudbrer01,Erik Gudbranson,0
202311290CBJ,MTL,jennebo01,Boone Jenner,0
202311290CBJ,MTL,jiricda01,David JiÅÃ­Äek,0
202311290CBJ,MTL,kuralse01,Sean Kuraly,0
202311290CBJ,MTL,lainepa01,Patrik Laine,1
202311290CBJ,MTL,marchki01,Kirill Marchenko,0
202311290CBJ,MTL,provoiv01,Ivan Provorov,0
202311290CBJ,MTL,robiner01,Eric Robinson,0
202311290CBJ,MTL,sillico01,Cole Sillinger,0
202311290CBJ,MTL,texieal01,Alexandre Texier,0
202311290CBJ,MTL,vorondi01,Dmitri Voronkov,0
202311290CBJ,MTL,werenza01,Zach Werenski,0
202311290CBJ,MTL,merzlel01,Elvis MerzÄ¼ikins,0
