game_id,opponent,player_id,player_name,scored
202310150ANA,ANA,ahose01,Sebastian Aho,0
202310150ANA,ANA,buntimi01,Michael Bunting,0
202310150ANA,ANA,burnsbr01,Brent Burns,0
202310150ANA,ANA,deangan01,Tony DeAngelo,0
202310150ANA,ANA,druryja01,Jack Drury,0
202310150ANA,ANA,fastje01,Jesper Fast,0
202310150ANA,ANA,jarvise01,Seth Jarvis,0
202310150ANA,ANA,kotkaje01,Jesperi Kotkaniemi,0
202310150ANA,ANA,lemiebr01,Brendan Lemieux,0
202310150ANA,ANA,martijo01,Jordan Martinook,0
202310150ANA,ANA,necasma01,Martin NeÄas,1
202310150ANA,ANA,noesest01,Stefan Noesen,0
202310150ANA,ANA,orlovdm01,Dmitry Orlov,0
202310150ANA,ANA,pescebr01,Brett Pesce,0
202310150ANA,ANA,skjeibr01,Brady Skjei,0
202310150ANA,ANA,slavija01,Jaccob Slavin,0
202310150ANA,ANA,staaljo01,Jordan Staal,0
202310150ANA,ANA,teravte01,Teuvo TerÃ¤vÃ¤inen,1
202310150ANA,ANA,raantan01,Antti Raanta,0
202310150ANA,CAR,carrisa01,Sam Carrick,1
202310150ANA,CAR,drysdja01,Jamie Drysdale,0
202310150ANA,CAR,fowleca01,Cam Fowler,1
202310150ANA,CAR,groulbe01,Benoit-Olivier Groulx,0
202310150ANA,CAR,gudasra01,Radko Gudas,0
202310150ANA,CAR,henriad01,Adam Henrique,0
202310150ANA,CAR,johnsro02,Ross Johnston,0
202310150ANA,CAR,jonesma03,Max Jones,0
202310150ANA,CAR,lacomja01,Jackson LaCombe,0
202310150ANA,CAR,leasobr01,Brett Leason,0
202310150ANA,CAR,lyubuil01,Ilya Lyubushkin,0
202310150ANA,CAR,mctavma01,Mason McTavish,0
202310150ANA,CAR,mintypa01,Pavel Mintyukov,1
202310150ANA,CAR,silfvja01,Jakob Silfverberg,0
202310150ANA,CAR,stromry01,Ryan Strome,0
202310150ANA,CAR,terrytr01,Troy Terry,0
202310150ANA,CAR,vatrafr01,Frank Vatrano,1
202310150ANA,CAR,zegratr01,Trevor Zegras,0
202310150ANA,CAR,dostalu01,LukÃ¡Å¡ DostÃ¡l,0
