game_id,opponent,player_id,player_name,scored
202311160PIT,PIT,bahlke01,Kevin Bahl,0
202311160PIT,PIT,bastina01,Nathan Bastian,1
202311160PIT,PIT,brattje01,Jesper Bratt,1
202311160PIT,PIT,hamildo01,Dougie Hamilton,0
202311160PIT,PIT,haulaer01,Erik Haula,0
202311160PIT,PIT,holtzal01,Alexander Holtz,1
202311160PIT,PIT,hughelu01,Luke Hughes,0
202311160PIT,PIT,lazarcu01,Curtis Lazar,1
202311160PIT,PIT,marinjo01,John Marino,0
202311160PIT,PIT,mcleomi01,Michael McLeod,0
202311160PIT,PIT,merceda01,Dawson Mercer,0
202311160PIT,PIT,milleco02,Colin Miller,0
202311160PIT,PIT,nosekto01,TomÃ¡Å¡ Nosek,0
202311160PIT,PIT,palaton01,OndÅej PalÃ¡t,0
202311160PIT,PIT,siegejo01,Jonas Siegenthaler,0
202311160PIT,PIT,smithbr05,Brendan Smith,0
202311160PIT,PIT,toffoty01,Tyler Toffoli,1
202311160PIT,PIT,willmma01,Maxwell Willman,0
202311160PIT,PIT,vanecvi01,VÃ­tek VanÄÄek,0
202311160PIT,NJD,acciano01,Noel Acciari,0
202311160PIT,NJD,crosbsi01,Sidney Crosby,0
202311160PIT,NJD,ellerla01,Lars Eller,0
202311160PIT,NJD,gravery01,Ryan Graves,0
202311160PIT,NJD,guentja01,Jake Guentzel,0
202311160PIT,NJD,hinosvi01,Vinnie Hinostroza,0
202311160PIT,NJD,karlser01,Erik Karlsson,0
202311160PIT,NJD,letankr01,Kris Letang,0
202311160PIT,NJD,malkiev01,Evgeni Malkin,0
202311160PIT,NJD,nietoma01,Matthew Nieto,0
202311160PIT,NJD,oconndr01,Drew O'Connor,0
202311160PIT,NJD,pettema01,Marcus Pettersson,0
202311160PIT,NJD,rakelri01,Rickard Rakell,0
202311160PIT,NJD,ruhwech01,Chad Ruhwedel,0
202311160PIT,NJD,rustbr01,Bryan Rust,1
202311160PIT,NJD,sheary01,Ryan Shea,0
202311160PIT,NJD,smithre01,Reilly Smith,0
202311160PIT,NJD,zohorra01,Radim Zohorna,0
202311160PIT,NJD,jarrytr01,Tristan Jarry,0
