game_id,opponent,player_id,player_name,scored
202310160TOR,TOR,athanan01,Andreas Athanasiou,0
202310160TOR,TOR,bedarco01,Connor Bedard,0
202310160TOR,TOR,dickija01,Jason Dickinson,0
202310160TOR,TOR,donatry01,Ryan Donato,0
202310160TOR,TOR,entwima01,Mackenzie Entwistle,1
202310160TOR,TOR,foligni01,Nick Foligno,0
202310160TOR,TOR,hallta02,Taylor Hall,0
202310160TOR,TOR,johnsty01,Tyler Johnson,1
202310160TOR,TOR,jonesse01,Seth Jones,0
202310160TOR,TOR,kaisewy01,Wyatt Kaiser,0
202310160TOR,TOR,katchbo01,Boris Katchouk,0
202310160TOR,TOR,korchke01,Kevin Korchinski,0
202310160TOR,TOR,murphco02,Connor Murphy,0
202310160TOR,TOR,perryco01,Corey Perry,1
202310160TOR,TOR,raddyta01,Taylor Raddysh,1
202310160TOR,TOR,reichlu01,Lukas Reichel,0
202310160TOR,TOR,vlasial01,Alex Vlasic,0
202310160TOR,TOR,zaitsni01,Nikita Zaitsev,0
202310160TOR,TOR,soderar01,Arvid SÃ¶derblom,0
202310160TOR,CHI,bertuty01,Tyler Bertuzzi,0
202310160TOR,CHI,broditj01,T.J. Brodie,0
202310160TOR,CHI,domima01,Max Domi,0
202310160TOR,CHI,giordma01,Mark Giordano,0
202310160TOR,CHI,gregono01,Noah Gregor,0
202310160TOR,CHI,jarnkca01,Calle JÃ¤rnkrok,0
202310160TOR,CHI,kampfda01,David KÃ¤mpf,0
202310160TOR,CHI,klingjo01,John Klingberg,0
202310160TOR,CHI,kniesma01,Matthew Knies,0
202310160TOR,CHI,liljeti01,Timothy Liljegren,0
202310160TOR,CHI,marnemi01,Mitch Marner,0
202310160TOR,CHI,matthau01,Auston Matthews,0
202310160TOR,CHI,mccabja01,Jake McCabe,0
202310160TOR,CHI,mintefr01,Fraser Minten,0
202310160TOR,CHI,nylanwi01,William Nylander,0
202310160TOR,CHI,reavery01,Ryan Reaves,0
202310160TOR,CHI,riellmo01,Morgan Rielly,0
202310160TOR,CHI,tavarjo01,John Tavares,1
202310160TOR,CHI,wolljo01,Joseph Woll,0
