game_id,opponent,player_id,player_name,scored
202311290LAK,LAK,aubekni01,Nicolas AubÃ©-Kubel,0
202311290LAK,LAK,carlsjo01,John Carlson,0
202311290LAK,LAK,dowdni01,Nic Dowd,0
202311290LAK,LAK,edmunjo01,Joel Edmundson,0
202311290LAK,LAK,feherma01,Martin FehÃ©rvÃ¡ry,0
202311290LAK,LAK,jenseni02,Nick Jensen,0
202311290LAK,LAK,kuzneev01,Evgeny Kuznetsov,0
202311290LAK,LAK,malenbe01,Beck Malenstyn,0
202311290LAK,LAK,manthan01,Anthony Mantha,1
202311290LAK,LAK,mcmicco01,Connor McMichael,1
202311290LAK,LAK,milanso01,Sonny Milano,0
202311290LAK,LAK,ovechal01,Alex Ovechkin,0
202311290LAK,LAK,phillma01,Matthew Phillips,0
202311290LAK,LAK,protaal01,Aliaksei Protas,0
202311290LAK,LAK,sandira01,Rasmus Sandin,0
202311290LAK,LAK,stromdy01,Dylan Strome,0
202311290LAK,LAK,vanritr01,Trevor van Riemsdyk,0
202311290LAK,LAK,wilsoto01,Tom Wilson,0
202311290LAK,LAK,lindgch01,Charlie Lindgren,0
202311290LAK,WSH,andermi02,Michael Anderson,0
202311290LAK,WSH,anderja01,Jaret Anderson-Dolan,0
202311290LAK,WSH,byfiequ01,Quinton Byfield,0
202311290LAK,WSH,danauph01,Phillip Danault,0
202311290LAK,WSH,doughdr01,Drew Doughty,0
202311290LAK,WSH,duboipi01,Pierre-Luc Dubois,0
202311290LAK,WSH,engluan01,Andreas Englund,0
202311290LAK,WSH,fialake01,Kevin Fiala,0
202311290LAK,WSH,gavrivl01,Vladislav Gavrikov,0
202311290LAK,WSH,grundca01,Carl GrundstrÃ¶m,0
202311290LAK,WSH,kaliyar01,Arthur Kaliyev,1
202311290LAK,WSH,kempead01,Adrian Kempe,0
202311290LAK,WSH,kopitan01,AnÅ¾e Kopitar,0
202311290LAK,WSH,laferal01,Alex Laferriere,0
202311290LAK,WSH,lewistr01,Trevor Lewis,0
202311290LAK,WSH,mooretr01,Trevor Moore,0
202311290LAK,WSH,royma04,Matt Roy,0
202311290LAK,WSH,spencjo01,Jordan Spence,0
202311290LAK,WSH,talboca01,Cam Talbot,0
