game_id,opponent,player_id,player_name,scored
202312170COL,COL,addisca01,Calen Addison,0
202312170COL,COL,baileju01,Justin Bailey,0
202312170COL,COL,barabal01,Alexander Barabanov,0
202312170COL,COL,burroky01,Kyle Burroughs,0
202312170COL,COL,eklunwi01,William Eklund,0
202312170COL,COL,ferrama01,Mario Ferraro,0
202312170COL,COL,granlmi01,Mikael Granlund,0
202312170COL,COL,hertlto01,TomÃ¡Å¡ Hertl,1
202312170COL,COL,hoffmmi02,Mike Hoffman,0
202312170COL,COL,kuninlu01,Luke Kunin,0
202312170COL,COL,labanke01,Kevin Labanc,0
202312170COL,COL,macdoja02,Jacob MacDonald,0
202312170COL,COL,okhotni01,Nikita Okhotyuk,0
202312170COL,COL,ruttaja02,Jan Rutta,0
202312170COL,COL,studnja01,Jack Studnicka,0
202312170COL,COL,thrunhe01,Henry Thrun,0
202312170COL,COL,zadinfi01,Filip Zadina,0
202312170COL,COL,zettefa01,Fabian Zetterlund,0
202312170COL,COL,blackma01,Mackenzie Blackwood,0
202312170COL,SJS,byrambo01,Bowen Byram,0
202312170COL,SJS,coglian01,Andrew Cogliano,0
202312170COL,SJS,coltoro01,Ross Colton,0
202312170COL,SJS,drouijo01,Jonathan Drouin,0
202312170COL,SJS,johanry01,Ryan Johansen,1
202312170COL,SJS,johnsja02,Jack Johnson,0
202312170COL,SJS,jonesca01,Caleb Jones,0
202312170COL,SJS,kivirjo01,Joel Kiviranta,0
202312170COL,SJS,macdeku01,Kurtis MacDermid,0
202312170COL,SJS,mackina01,Nathan MacKinnon,1
202312170COL,SJS,malinsa01,Sam Malinski,0
202312170COL,SJS,mansojo01,Josh Manson,0
202312170COL,SJS,nichuva01,Valeri Nichushkin,1
202312170COL,SJS,oconnlo01,Logan O'Connor,0
202312170COL,SJS,olofsfr01,Fredrik Olofsson,0
202312170COL,SJS,rantami01,Mikko Rantanen,1
202312170COL,SJS,toewsde01,Devon Toews,0
202312170COL,SJS,woodmi01,Miles Wood,1
202312170COL,SJS,georgal01,Alexandar Georgiev,0
