game_id,opponent,player_id,player_name,scored
202312170CAR,CAR,aubekni01,Nicolas AubÃ©-Kubel,0
202312170CAR,CAR,carlsjo01,John Carlson,0
202312170CAR,CAR,dowdni01,Nic Dowd,0
202312170CAR,CAR,edmunjo01,Joel Edmundson,0
202312170CAR,CAR,feherma01,Martin FehÃ©rvÃ¡ry,1
202312170CAR,CAR,jenseni02,Nick Jensen,0
202312170CAR,CAR,kuzneev01,Evgeny Kuznetsov,0
202312170CAR,CAR,malenbe01,Beck Malenstyn,0
202312170CAR,CAR,manthan01,Anthony Mantha,0
202312170CAR,CAR,mcmicco01,Connor McMichael,0
202312170CAR,CAR,ovechal01,Alex Ovechkin,0
202312170CAR,CAR,phillma01,Matthew Phillips,0
202312170CAR,CAR,protaal01,Aliaksei Protas,0
202312170CAR,CAR,sandira01,Rasmus Sandin,0
202312170CAR,CAR,snivejo01,Joe Snively,0
202312170CAR,CAR,stromdy01,Dylan Strome,0
202312170CAR,CAR,vanritr01,Trevor van Riemsdyk,0
202312170CAR,CAR,wilsoto01,Tom Wilson,0
202312170CAR,CAR,kuempda01,Darcy Kuemper,0
202312170CAR,WSH,ahose01,Sebastian Aho,1
202312170CAR,WSH,buntimi01,Michael Bunting,0
202312170CAR,WSH,burnsbr01,Brent Burns,0
202312170CAR,WSH,chatfja01,Jalen Chatfield,0
202312170CAR,WSH,deangan01,Tony DeAngelo,0
202312170CAR,WSH,druryja01,Jack Drury,0
202312170CAR,WSH,fastje01,Jesper Fast,0
202312170CAR,WSH,jarvise01,Seth Jarvis,0
202312170CAR,WSH,kotkaje01,Jesperi Kotkaniemi,0
202312170CAR,WSH,martijo01,Jordan Martinook,0
202312170CAR,WSH,necasma01,Martin NeÄas,0
202312170CAR,WSH,noesest01,Stefan Noesen,0
202312170CAR,WSH,orlovdm01,Dmitry Orlov,0
202312170CAR,WSH,pescebr01,Brett Pesce,0
202312170CAR,WSH,skjeibr01,Brady Skjei,0
202312170CAR,WSH,slavija01,Jaccob Slavin,0
202312170CAR,WSH,staaljo01,Jordan Staal,0
202312170CAR,WSH,teravte01,Teuvo TerÃ¤vÃ¤inen,0
202312170CAR,WSH,kochepy01,Pyotr Kochetkov,0
