game_id,opponent,player_id,player_name,scored
202311070STL,STL,applema01,Mason Appleton,0
202311070STL,STL,barromo01,Morgan Barron,0
202311070STL,STL,connoky01,Kyle Connor,1
202311070STL,STL,demeldy01,Dylan DeMelo,0
202311070STL,STL,dillobr01,Brenden Dillon,0
202311070STL,STL,ehlerni01,Nikolaj Ehlers,0
202311070STL,STL,gustada01,David Gustafsson,0
202311070STL,STL,iafalal01,Alex Iafallo,0
202311070STL,STL,kuparra01,Rasmus Kupari,0
202311070STL,STL,lowryad01,Adam Lowry,0
202311070STL,STL,morrijo04,Josh Morrissey,0
202311070STL,STL,namesvl01,Vladislav Namestnikov,0
202311070STL,STL,niedeni01,Nino Niederreiter,0
202311070STL,STL,perfeco01,Cole Perfetti,1
202311070STL,STL,pionkne01,Neal Pionk,1
202311070STL,STL,sambedy01,Dylan Samberg,0
202311070STL,STL,scheima01,Mark Scheifele,1
202311070STL,STL,schmina01,Nate Schmidt,0
202311070STL,STL,helleco01,Connor Hellebuyck,0
202311070STL,WPG,blaissa01,Sammy Blais,0
202311070STL,WPG,buchnpa01,Pavel Buchnevich,0
202311070STL,WPG,faulkju01,Justin Faulk,0
202311070STL,WPG,hayeske01,Kevin Hayes,0
202311070STL,WPG,kapanka01,Kasperi Kapanen,0
202311070STL,WPG,krugto01,Torey Krug,0
202311070STL,WPG,kyroujo01,Jordan Kyrou,0
202311070STL,WPG,leddyni01,Nick Leddy,0
202311070STL,WPG,neighja01,Jake Neighbours,0
202311070STL,WPG,parayco01,Colton Parayko,0
202311070STL,WPG,saadbr01,Brandon Saad,0
202311070STL,WPG,scandma01,Marco Scandella,0
202311070STL,WPG,schenbr01,Brayden Schenn,1
202311070STL,WPG,sundqos01,Oskar Sundqvist,0
202311070STL,WPG,thomaro01,Robert Thomas,1
202311070STL,WPG,toropal01,Alexey Toropchenko,0
202311070STL,WPG,tuckety01,Tyler Tucker,0
202311070STL,WPG,vranaja01,Jakub VrÃ¡na,0
202311070STL,WPG,binnijo01,Jordan Binnington,0
