game_id,opponent,player_id,player_name,scored
202311280MIN,MIN,blaissa01,Sammy Blais,0
202311280MIN,MIN,buchnpa01,Pavel Buchnevich,0
202311280MIN,MIN,faulkju01,Justin Faulk,0
202311280MIN,MIN,hayeske01,Kevin Hayes,0
202311280MIN,MIN,kapanka01,Kasperi Kapanen,0
202311280MIN,MIN,krugto01,Torey Krug,0
202311280MIN,MIN,kyroujo01,Jordan Kyrou,0
202311280MIN,MIN,leddyni01,Nick Leddy,0
202311280MIN,MIN,neighja01,Jake Neighbours,0
202311280MIN,MIN,parayco01,Colton Parayko,1
202311280MIN,MIN,perunsc01,Scott Perunovich,0
202311280MIN,MIN,saadbr01,Brandon Saad,0
202311280MIN,MIN,scandma01,Marco Scandella,0
202311280MIN,MIN,schenbr01,Brayden Schenn,0
202311280MIN,MIN,sundqos01,Oskar Sundqvist,0
202311280MIN,MIN,thomaro01,Robert Thomas,0
202311280MIN,MIN,toropal01,Alexey Toropchenko,0
202311280MIN,MIN,vranaja01,Jakub VrÃ¡na,0
202311280MIN,MIN,binnijo01,Jordan Binnington,0
202311280MIN,STL,bogosza01,Zach Bogosian,0
202311280MIN,STL,boldyma01,Matt Boldy,1
202311280MIN,STL,brodijo01,Jonas Brodin,0
202311280MIN,STL,dewarco01,Connor Dewar,0
202311280MIN,STL,duhaibr01,Brandon Duhaime,0
202311280MIN,STL,eriksjo02,Joel Eriksson Ek,1
202311280MIN,STL,faberbr01,Brock Faber,0
202311280MIN,STL,foligma01,Marcus Foligno,0
202311280MIN,STL,gaudrfr01,FrÃ©dÃ©rick Gaudreau,1
202311280MIN,STL,goligal01,Alex Goligoski,0
202311280MIN,STL,johanma03,Marcus Johansson,0
202311280MIN,STL,kapriki01,Kirill Kaprizov,0
202311280MIN,STL,lettivi01,Vinni Lettieri,0
202311280MIN,STL,maroopa01,Pat Maroon,0
202311280MIN,STL,middlja01,Jacob Middleton,0
202311280MIN,STL,rossima01,Marco Rossi,0
202311280MIN,STL,spurgja01,Jared Spurgeon,0
202311280MIN,STL,zuccama01,Mats Zuccarello,0
202311280MIN,STL,gustafi01,Filip Gustavsson,0
