game_id,opponent,player_id,player_name,scored
202311280ARI,ARI,barreal01,Alex BarrÃ©-Boulet,0
202311280ARI,ARI,cernaer01,Erik ÄernÃ¡k,0
202311280ARI,ARI,cirelan01,Anthony Cirelli,0
202311280ARI,ARI,eyssimi01,Michael Eyssimont,0
202311280ARI,ARI,fleurha01,Haydn Fleury,0
202311280ARI,ARI,glendlu01,Luke Glendening,0
202311280ARI,ARI,hagelbr01,Brandon Hagel,0
202311280ARI,ARI,hedmavi01,Victor Hedman,0
202311280ARI,ARI,jeannta01,Tanner Jeannot,0
202311280ARI,ARI,koepkco01,Cole Koepke,0
202311280ARI,ARI,kucheni01,Nikita Kucherov,0
202311280ARI,ARI,mottety01,Tyler Motte,0
202311280ARI,ARI,paulni01,Nick Paul,0
202311280ARI,ARI,perbini01,Nicklaus Perbix,0
202311280ARI,ARI,pointbr01,Brayden Point,1
202311280ARI,ARI,raddyda01,Darren Raddysh,0
202311280ARI,ARI,sergami01,Mikhail Sergachev,0
202311280ARI,ARI,stamkst01,Steven Stamkos,0
202311280ARI,ARI,johanjo03,Jonas Johansson,0
202311280ARI,TBL,bjugsni01,Nick Bjugstad,0
202311280ARI,TBL,boydtr01,Travis Boyd,1
202311280ARI,TBL,brownjo01,Josh Brown,0
202311280ARI,TBL,carcomi01,Michael Carcone,1
202311280ARI,TBL,coolelo01,Logan Cooley,0
202311280ARI,TBL,crousla01,Lawson Crouse,0
202311280ARI,TBL,dumbama01,Mathew Dumba,0
202311280ARI,TBL,durzise01,Sean Durzi,0
202311280ARI,TBL,kelemmi01,MiloÅ¡ Kelemen,0
202311280ARI,TBL,kellecl01,Clayton Keller,0
202311280ARI,TBL,kerfoal01,Alexander Kerfoot,0
202311280ARI,TBL,kessemi01,Michael Kesselring,0
202311280ARI,TBL,maccema01,Matias Maccelli,0
202311280ARI,TBL,moserja01,J.J. Moser,0
202311280ARI,TBL,obrieli01,Liam O'Brien,0
202311280ARI,TBL,schmani01,Nick Schmaltz,0
202311280ARI,TBL,stechtr01,Troy Stecher,0
202311280ARI,TBL,zuckeja01,Jason Zucker,0
202311280ARI,TBL,ingraco01,Connor Ingram,0
