game_id,opponent,player_id,player_name,scored
202312020ARI,ARI,alexani01,Nikita Alexandrov,0
202312020ARI,ARI,blaissa01,Sammy Blais,0
202312020ARI,ARI,buchnpa01,Pavel Buchnevich,0
202312020ARI,ARI,faulkju01,Justin Faulk,0
202312020ARI,ARI,hayeske01,Kevin Hayes,0
202312020ARI,ARI,kapanka01,Kasperi Kapanen,0
202312020ARI,ARI,krugto01,Torey Krug,0
202312020ARI,ARI,kyroujo01,Jordan Kyrou,0
202312020ARI,ARI,leddyni01,Nick Leddy,0
202312020ARI,ARI,neighja01,Jake Neighbours,0
202312020ARI,ARI,parayco01,Colton Parayko,0
202312020ARI,ARI,perunsc01,Scott Perunovich,0
202312020ARI,ARI,saadbr01,Brandon Saad,1
202312020ARI,ARI,scandma01,Marco Scandella,0
202312020ARI,ARI,schenbr01,Brayden Schenn,0
202312020ARI,ARI,sundqos01,Oskar Sundqvist,0
202312020ARI,ARI,thomaro01,Robert Thomas,0
202312020ARI,ARI,toropal01,Alexey Toropchenko,0
202312020ARI,ARI,hoferjo01,Joel Hofer,0
202312020ARI,STL,bjugsni01,Nick Bjugstad,0
202312020ARI,STL,brownjo01,Josh Brown,0
202312020ARI,STL,carcomi01,Michael Carcone,1
202312020ARI,STL,coolelo01,Logan Cooley,0
202312020ARI,STL,crousla01,Lawson Crouse,0
202312020ARI,STL,dumbama01,Mathew Dumba,0
202312020ARI,STL,durzise01,Sean Durzi,0
202312020ARI,STL,kelemmi01,MiloÅ¡ Kelemen,0
202312020ARI,STL,kellecl01,Clayton Keller,0
202312020ARI,STL,kerfoal01,Alexander Kerfoot,1
202312020ARI,STL,kessemi01,Michael Kesselring,0
202312020ARI,STL,maccema01,Matias Maccelli,1
202312020ARI,STL,moserja01,J.J. Moser,0
202312020ARI,STL,obrieli01,Liam O'Brien,0
202312020ARI,STL,schmani01,Nick Schmaltz,1
202312020ARI,STL,stechtr01,Troy Stecher,0
202312020ARI,STL,valimju01,Juuso VÃ¤limÃ¤ki,0
202312020ARI,STL,zuckeja01,Jason Zucker,0
202312020ARI,STL,ingraco01,Connor Ingram,0
