game_id,opponent,player_id,player_name,scored
202310160NYR,NYR,bjugsni01,Nick Bjugstad,0
202310160NYR,NYR,boydtr01,Travis Boyd,0
202310160NYR,NYR,coolelo01,Logan Cooley,0
202310160NYR,NYR,crousla01,Lawson Crouse,0
202310160NYR,NYR,dermotr01,Travis Dermott,0
202310160NYR,NYR,dumbama01,Mathew Dumba,0
202310160NYR,NYR,durzise01,Sean Durzi,0
202310160NYR,NYR,haytoba01,Barrett Hayton,0
202310160NYR,NYR,kellecl01,Clayton Keller,1
202310160NYR,NYR,kerfoal01,Alexander Kerfoot,0
202310160NYR,NYR,maccema01,Matias Maccelli,0
202310160NYR,NYR,mcbaija03,Jack McBain,0
202310160NYR,NYR,moserja01,J.J. Moser,0
202310160NYR,NYR,obrieli01,Liam O'Brien,0
202310160NYR,NYR,schmani01,Nick Schmaltz,0
202310160NYR,NYR,stechtr01,Troy Stecher,0
202310160NYR,NYR,valimju01,Juuso VÃ¤limÃ¤ki,0
202310160NYR,NYR,zuckeja01,Jason Zucker,0
202310160NYR,NYR,ingraco01,Connor Ingram,0
202310160NYR,ARI,boninni01,Nick Bonino,0
202310160NYR,ARI,chytifi01,Filip Chytil,0
202310160NYR,ARI,cuyllwi01,William Cuylle,0
202310160NYR,ARI,foxad01,Adam Fox,0
202310160NYR,ARI,goodrba01,Barclay Goodrow,0
202310160NYR,ARI,gustaer02,Erik Gustafsson,0
202310160NYR,ARI,kakkoka01,Kaapo Kakko,0
202310160NYR,ARI,kreidch01,Chris Kreider,1
202310160NYR,ARI,lafreal01,Alexis LafreniÃ¨re,0
202310160NYR,ARI,lindgry01,Ryan Lindgren,0
202310160NYR,ARI,milleka01,K'Andre Miller,0
202310160NYR,ARI,panarar01,Artemi Panarin,0
202310160NYR,ARI,pitlity01,Tyler Pitlick,0
202310160NYR,ARI,schnebr01,Braden Schneider,0
202310160NYR,ARI,trochvi01,Vincent Trocheck,1
202310160NYR,ARI,troubja01,Jacob Trouba,0
202310160NYR,ARI,wheelbl01,Blake Wheeler,0
202310160NYR,ARI,zibanmi01,Mika Zibanejad,0
202310160NYR,ARI,shestig01,Igor Shesterkin,0
