game_id,opponent,player_id,player_name,scored
202311090DET,DET,anderjo05,Josh Anderson,0
202311090DET,DET,armiajo01,Joel Armia,0
202311090DET,DET,barroju01,Justin Barron,0
202311090DET,DET,caufico01,Cole Caufield,1
202311090DET,DET,dvorach01,Christian Dvorak,0
202311090DET,DET,evansja02,Jake Evans,0
202311090DET,DET,gallabr01,Brendan Gallagher,0
202311090DET,DET,guhleka01,Kaiden Guhle,0
202311090DET,DET,harrijo01,Jordan Harris,0
202311090DET,DET,kovacjo01,Johnathan Kovacevic,0
202311090DET,DET,mathemi01,Mike Matheson,1
202311090DET,DET,monahse01,Sean Monahan,0
202311090DET,DET,newhoal01,Alex Newhook,0
202311090DET,DET,pearsta01,Tanner Pearson,0
202311090DET,DET,pezzemi01,Michael Pezzetta,0
202311090DET,DET,slafkju01,Juraj Slafkovsky,0
202311090DET,DET,suzukni01,Nick Suzuki,1
202311090DET,DET,xhekaar01,Arber Xhekaj,0
202311090DET,DET,primeca01,Cayden Primeau,0
202311090DET,MTL,chiarbe01,Ben Chiarot,0
202311090DET,MTL,comphj.01,J.T. Compher,1
202311090DET,MTL,coppan01,Andrew Copp,0
202311090DET,MTL,czarnau01,Austin Czarnik,0
202311090DET,MTL,debrial01,Alex DeBrincat,0
202311090DET,MTL,fischch01,Christian Fischer,1
202311090DET,MTL,hollju01,Justin Holl,0
202311090DET,MTL,kostikl01,Klim Kostin,0
202311090DET,MTL,larkidy01,Dylan Larkin,0
202311090DET,MTL,maattol01,Olli MÃ¤Ã¤ttÃ¤,0
202311090DET,MTL,perroda01,David Perron,0
202311090DET,MTL,petryje01,Jeff Petry,0
202311090DET,MTL,rasmumi01,Michael Rasmussen,0
202311090DET,MTL,raymolu01,Lucas Raymond,0
202311090DET,MTL,seidemo01,Moritz Seider,0
202311090DET,MTL,spronda01,Daniel Sprong,0
202311090DET,MTL,velenjo01,Joe Veleno,0
202311090DET,MTL,walmaja01,Jake Walman,0
202311090DET,MTL,reimeja01,James Reimer,0
