game_id,opponent,player_id,player_name,scored
202311070NYI,NYI,addisca01,Calen Addison,0
202311070NYI,NYI,boldyma01,Matt Boldy,0
202311070NYI,NYI,brodijo01,Jonas Brodin,0
202311070NYI,NYI,dewarco01,Connor Dewar,0
202311070NYI,NYI,duhaibr01,Brandon Duhaime,0
202311070NYI,NYI,eriksjo02,Joel Eriksson Ek,1
202311070NYI,NYI,faberbr01,Brock Faber,0
202311070NYI,NYI,foligma01,Marcus Foligno,0
202311070NYI,NYI,hartmry01,Ryan Hartman,0
202311070NYI,NYI,huntda01,Daemon Hunt,0
202311070NYI,NYI,johanma03,Marcus Johansson,0
202311070NYI,NYI,kapriki01,Kirill Kaprizov,1
202311070NYI,NYI,lettivi01,Vinni Lettieri,1
202311070NYI,NYI,maroopa01,Pat Maroon,1
202311070NYI,NYI,mermida01,Dakota Mermis,0
202311070NYI,NYI,middlja01,Jacob Middleton,0
202311070NYI,NYI,rossima01,Marco Rossi,0
202311070NYI,NYI,zuccama01,Mats Zuccarello,0
202311070NYI,NYI,fleurma01,Marc-AndrÃ© Fleury,0
202311070NYI,MIN,ahose02,Sebastian Aho,0
202311070NYI,MIN,barzama01,Mathew Barzal,0
202311070NYI,MIN,cizikca01,Casey Cizikas,0
202311070NYI,MIN,cluttca01,Cal Clutterbuck,0
202311070NYI,MIN,dobsono01,Noah Dobson,1
202311070NYI,MIN,engvapi01,Pierre Engvall,0
202311070NYI,MIN,faschhu01,Hudson Fasching,0
202311070NYI,MIN,holmssi01,Simon HolmstrÃ¶m,0
202311070NYI,MIN,leean01,Anders Lee,0
202311070NYI,MIN,martima02,Matt Martin,0
202311070NYI,MIN,mayfisc01,Scott Mayfield,0
202311070NYI,MIN,nelsobr01,Brock Nelson,0
202311070NYI,MIN,pageaje01,Jean-Gabriel Pageau,0
202311070NYI,MIN,palmiky01,Kyle Palmieri,0
202311070NYI,MIN,pelecad01,Adam Pelech,0
202311070NYI,MIN,pulocry01,Ryan Pulock,0
202311070NYI,MIN,romanal01,Alexander Romanov,0
202311070NYI,MIN,wahlsol01,Oliver Wahlstrom,1
202311070NYI,MIN,varlasi01,Semyon Varlamov,0
