game_id,opponent,player_id,player_name,scored
202311300STL,STL,bensoza01,Zach Benson,1
202311300STL,STL,cozendy01,Dylan Cozens,0
202311300STL,STL,dahlira01,Rasmus Dahlin,1
202311300STL,STL,greenjo02,Jordan Greenway,0
202311300STL,STL,johnser01,Erik Johnson,0
202311300STL,STL,johnsry03,Ryan Johnson,0
202311300STL,STL,jokihhe01,Henri Jokiharju,0
202311300STL,STL,jostty01,Tyson Jost,0
202311300STL,STL,krebspe01,Peyton Krebs,1
202311300STL,STL,mitteca01,Casey Mittelstadt,0
202311300STL,STL,okposky01,Kyle Okposo,0
202311300STL,STL,olofsvi01,Victor Olofsson,0
202311300STL,STL,peterjo01,John-Jason Peterka,1
202311300STL,STL,powerow01,Owen Power,0
202311300STL,STL,rosenis01,Isak Rosen,0
202311300STL,STL,samuema02,Mattias Samuelsson,0
202311300STL,STL,skinnje01,Jeff Skinner,0
202311300STL,STL,tuchal01,Alex Tuch,0
202311300STL,STL,luukkuk01,Ukko-Pekka Luukkonen,0
202311300STL,BUF,alexani01,Nikita Alexandrov,0
202311300STL,BUF,blaissa01,Sammy Blais,0
202311300STL,BUF,buchnpa01,Pavel Buchnevich,0
202311300STL,BUF,faulkju01,Justin Faulk,0
202311300STL,BUF,hayeske01,Kevin Hayes,1
202311300STL,BUF,kapanka01,Kasperi Kapanen,0
202311300STL,BUF,krugto01,Torey Krug,0
202311300STL,BUF,kyroujo01,Jordan Kyrou,0
202311300STL,BUF,leddyni01,Nick Leddy,0
202311300STL,BUF,neighja01,Jake Neighbours,1
202311300STL,BUF,parayco01,Colton Parayko,0
202311300STL,BUF,saadbr01,Brandon Saad,1
202311300STL,BUF,scandma01,Marco Scandella,0
202311300STL,BUF,schenbr01,Brayden Schenn,1
202311300STL,BUF,sundqos01,Oskar Sundqvist,0
202311300STL,BUF,thomaro01,Robert Thomas,0
202311300STL,BUF,toropal01,Alexey Toropchenko,0
202311300STL,BUF,tuckety01,Tyler Tucker,0
202311300STL,BUF,binnijo01,Jordan Binnington,0
