game_id,opponent,player_id,player_name,scored
202310210LAK,LAK,beechjo01,John Beecher,0
202310210LAK,LAK,brownpa02,Patrick Brown,0
202310210LAK,LAK,carlobr01,Brandon Carlo,0
202310210LAK,LAK,coylech01,Charlie Coyle,0
202310210LAK,LAK,forbode01,Derek Forbort,0
202310210LAK,LAK,fredetr01,Trent Frederic,0
202310210LAK,LAK,geekimo01,Morgan Geekie,1
202310210LAK,LAK,grzelma01,Matt Grzelcyk,0
202310210LAK,LAK,laukoja01,Jakub Lauko,0
202310210LAK,LAK,lindhha01,Hampus Lindholm,0
202310210LAK,LAK,lucicmi01,Milan Lucic,0
202310210LAK,LAK,marchbr03,Brad Marchand,1
202310210LAK,LAK,mcavoch01,Charlie McAvoy,0
202310210LAK,LAK,mitchia01,Ian Mitchell,0
202310210LAK,LAK,pastrda01,David PastrÅÃ¡k,1
202310210LAK,LAK,poitrma01,Matthew Poitras,0
202310210LAK,LAK,vanrija01,James van Riemsdyk,0
202310210LAK,LAK,zachapa01,Pavel Zacha,0
202310210LAK,LAK,swaymje01,Jeremy Swayman,0
202310210LAK,BOS,andermi02,Michael Anderson,0
202310210LAK,BOS,byfiequ01,Quinton Byfield,0
202310210LAK,BOS,danauph01,Phillip Danault,0
202310210LAK,BOS,doughdr01,Drew Doughty,0
202310210LAK,BOS,duboipi01,Pierre-Luc Dubois,0
202310210LAK,BOS,engluan01,Andreas Englund,0
202310210LAK,BOS,fialake01,Kevin Fiala,0
202310210LAK,BOS,gavrivl01,Vladislav Gavrikov,0
202310210LAK,BOS,grundca01,Carl GrundstrÃ¶m,1
202310210LAK,BOS,kaliyar01,Arthur Kaliyev,0
202310210LAK,BOS,kempead01,Adrian Kempe,0
202310210LAK,BOS,kopitan01,AnÅ¾e Kopitar,0
202310210LAK,BOS,laferal01,Alex Laferriere,1
202310210LAK,BOS,lewistr01,Trevor Lewis,0
202310210LAK,BOS,lizotbl01,Blake Lizotte,0
202310210LAK,BOS,mooretr01,Trevor Moore,0
202310210LAK,BOS,royma04,Matt Roy,0
202310210LAK,BOS,spencjo01,Jordan Spence,0
202310210LAK,BOS,talboca01,Cam Talbot,0
