game_id,opponent,player_id,player_name,scored
202311220FLA,FLA,beechjo01,John Beecher,1
202311220FLA,FLA,brownpa02,Patrick Brown,0
202311220FLA,FLA,carlobr01,Brandon Carlo,0
202311220FLA,FLA,coylech01,Charlie Coyle,1
202311220FLA,FLA,debruja01,Jake DeBrusk,1
202311220FLA,FLA,forbode01,Derek Forbort,0
202311220FLA,FLA,fredetr01,Trent Frederic,0
202311220FLA,FLA,heineda01,Danton Heinen,0
202311220FLA,FLA,laukoja01,Jakub Lauko,0
202311220FLA,FLA,lindhha01,Hampus Lindholm,0
202311220FLA,FLA,lohrema01,Mason Lohrei,0
202311220FLA,FLA,marchbr03,Brad Marchand,0
202311220FLA,FLA,mcavoch01,Charlie McAvoy,0
202311220FLA,FLA,pastrda01,David PastrÅÃ¡k,0
202311220FLA,FLA,poitrma01,Matthew Poitras,0
202311220FLA,FLA,shattke01,Kevin Shattenkirk,0
202311220FLA,FLA,vanrija01,James van Riemsdyk,0
202311220FLA,FLA,zachapa01,Pavel Zacha,0
202311220FLA,FLA,ullmali01,Linus Ullmark,0
202311220FLA,BOS,bennesa01,Sam Bennett,0
202311220FLA,BOS,cousini01,Nick Cousins,0
202311220FLA,BOS,ekblaaa01,Aaron Ekblad,0
202311220FLA,BOS,ekmanol01,Oliver Ekman-Larsson,0
202311220FLA,BOS,forslgu02,Gustav Forsling,0
202311220FLA,BOS,gadjojo01,Jonah Gadjovich,0
202311220FLA,BOS,kulikdm01,Dmitry Kulikov,0
202311220FLA,BOS,lombery01,Ryan Lomberg,0
202311220FLA,BOS,lorenst01,Steven Lorentz,0
202311220FLA,BOS,lundean01,Anton Lundell,1
202311220FLA,BOS,luostee01,Eetu Luostarinen,0
202311220FLA,BOS,mikkoni01,Niko Mikkola,0
202311220FLA,BOS,montobr01,Brandon Montour,0
202311220FLA,BOS,reinhsa01,Sam Reinhart,0
202311220FLA,BOS,rodriev01,Evan Rodrigues,0
202311220FLA,BOS,stenlke01,Kevin Stenlund,0
202311220FLA,BOS,tkachma01,Matthew Tkachuk,0
202311220FLA,BOS,verhaca01,Carter Verhaeghe,0
202311220FLA,BOS,bobrose01,Sergei Bobrovsky,0
