game_id,opponent,player_id,player_name,scored
202311040CHI,CHI,balinuv01,Uvis Balinskis,0
202311040CHI,CHI,barkoal01,Aleksander Barkov,0
202311040CHI,CHI,cousini01,Nick Cousins,0
202311040CHI,CHI,ekmanol01,Oliver Ekman-Larsson,1
202311040CHI,CHI,forslgu02,Gustav Forsling,0
202311040CHI,CHI,kulikdm01,Dmitry Kulikov,0
202311040CHI,CHI,lockwwi01,William Lockwood,0
202311040CHI,CHI,lombery01,Ryan Lomberg,0
202311040CHI,CHI,lorenst01,Steven Lorentz,0
202311040CHI,CHI,lundean01,Anton Lundell,0
202311040CHI,CHI,luostee01,Eetu Luostarinen,0
202311040CHI,CHI,mahurjo01,Josh Mahura,0
202311040CHI,CHI,mikkoni01,Niko Mikkola,0
202311040CHI,CHI,reinhsa01,Sam Reinhart,0
202311040CHI,CHI,rodriev01,Evan Rodrigues,0
202311040CHI,CHI,stenlke01,Kevin Stenlund,0
202311040CHI,CHI,tkachma01,Matthew Tkachuk,1
202311040CHI,CHI,verhaca01,Carter Verhaeghe,0
202311040CHI,CHI,stolaan01,Anthony Stolarz,0
202311040CHI,FLA,athanan01,Andreas Athanasiou,0
202311040CHI,FLA,bedarco01,Connor Bedard,1
202311040CHI,FLA,dickija01,Jason Dickinson,0
202311040CHI,FLA,donatry01,Ryan Donato,0
202311040CHI,FLA,entwima01,Mackenzie Entwistle,0
202311040CHI,FLA,foligni01,Nick Foligno,1
202311040CHI,FLA,hallta02,Taylor Hall,1
202311040CHI,FLA,johnsty01,Tyler Johnson,0
202311040CHI,FLA,jonesse01,Seth Jones,0
202311040CHI,FLA,kaisewy01,Wyatt Kaiser,0
202311040CHI,FLA,korchke01,Kevin Korchinski,0
202311040CHI,FLA,kurasph01,Philipp Kurashev,1
202311040CHI,FLA,murphco02,Connor Murphy,0
202311040CHI,FLA,perryco01,Corey Perry,0
202311040CHI,FLA,raddyta01,Taylor Raddysh,0
202311040CHI,FLA,reichlu01,Lukas Reichel,0
202311040CHI,FLA,tinorja01,Jarred Tinordi,0
202311040CHI,FLA,zaitsni01,Nikita Zaitsev,1
202311040CHI,FLA,mrazepe01,Petr MrÃ¡zek,0
