game_id,opponent,player_id,player_name,scored
202311100FLA,FLA,ahose01,Sebastian Aho,1
202311100FLA,FLA,buntimi01,Michael Bunting,0
202311100FLA,FLA,burnsbr01,Brent Burns,0
202311100FLA,FLA,chatfja01,Jalen Chatfield,0
202311100FLA,FLA,druryja01,Jack Drury,0
202311100FLA,FLA,fastje01,Jesper Fast,0
202311100FLA,FLA,jarvise01,Seth Jarvis,0
202311100FLA,FLA,kotkaje01,Jesperi Kotkaniemi,1
202311100FLA,FLA,martijo01,Jordan Martinook,0
202311100FLA,FLA,necasma01,Martin NeÄas,0
202311100FLA,FLA,noesest01,Stefan Noesen,0
202311100FLA,FLA,orlovdm01,Dmitry Orlov,0
202311100FLA,FLA,pescebr01,Brett Pesce,0
202311100FLA,FLA,skjeibr01,Brady Skjei,0
202311100FLA,FLA,slavija01,Jaccob Slavin,0
202311100FLA,FLA,staaljo01,Jordan Staal,0
202311100FLA,FLA,svechan01,Andrei Svechnikov,0
202311100FLA,FLA,teravte01,Teuvo TerÃ¤vÃ¤inen,0
202311100FLA,FLA,raantan01,Antti Raanta,0
202311100FLA,CAR,balinuv01,Uvis Balinskis,1
202311100FLA,CAR,barkoal01,Aleksander Barkov,1
202311100FLA,CAR,cousini01,Nick Cousins,0
202311100FLA,CAR,ekmanol01,Oliver Ekman-Larsson,0
202311100FLA,CAR,forslgu02,Gustav Forsling,0
202311100FLA,CAR,kulikdm01,Dmitry Kulikov,0
202311100FLA,CAR,lockwwi01,William Lockwood,0
202311100FLA,CAR,lombery01,Ryan Lomberg,0
202311100FLA,CAR,lorenst01,Steven Lorentz,0
202311100FLA,CAR,lundean01,Anton Lundell,0
202311100FLA,CAR,luostee01,Eetu Luostarinen,0
202311100FLA,CAR,mahurjo01,Josh Mahura,0
202311100FLA,CAR,mikkoni01,Niko Mikkola,0
202311100FLA,CAR,reinhsa01,Sam Reinhart,0
202311100FLA,CAR,rodriev01,Evan Rodrigues,0
202311100FLA,CAR,stenlke01,Kevin Stenlund,1
202311100FLA,CAR,tkachma01,Matthew Tkachuk,1
202311100FLA,CAR,verhaca01,Carter Verhaeghe,1
202311100FLA,CAR,bobrose01,Sergei Bobrovsky,0
