game_id,opponent,player_id,player_name,scored
202312090BOS,BOS,bjugsni01,Nick Bjugstad,0
202312090BOS,BOS,brownjo01,Josh Brown,0
202312090BOS,BOS,carcomi01,Michael Carcone,1
202312090BOS,BOS,coolelo01,Logan Cooley,0
202312090BOS,BOS,crousla01,Lawson Crouse,1
202312090BOS,BOS,dermotr01,Travis Dermott,0
202312090BOS,BOS,dumbama01,Mathew Dumba,0
202312090BOS,BOS,durzise01,Sean Durzi,0
202312090BOS,BOS,kelemmi01,MiloÅ¡ Kelemen,0
202312090BOS,BOS,kellecl01,Clayton Keller,1
202312090BOS,BOS,kerfoal01,Alexander Kerfoot,0
202312090BOS,BOS,maccema01,Matias Maccelli,0
202312090BOS,BOS,moserja01,J.J. Moser,0
202312090BOS,BOS,obrieli01,Liam O'Brien,0
202312090BOS,BOS,schmani01,Nick Schmaltz,0
202312090BOS,BOS,stechtr01,Troy Stecher,0
202312090BOS,BOS,valimju01,Juuso VÃ¤limÃ¤ki,0
202312090BOS,BOS,zuckeja01,Jason Zucker,0
202312090BOS,BOS,ingraco01,Connor Ingram,0
202312090BOS,ARI,beechjo01,John Beecher,0
202312090BOS,ARI,carlobr01,Brandon Carlo,0
202312090BOS,ARI,coylech01,Charlie Coyle,1
202312090BOS,ARI,debruja01,Jake DeBrusk,0
202312090BOS,ARI,fredetr01,Trent Frederic,0
202312090BOS,ARI,geekimo01,Morgan Geekie,0
202312090BOS,ARI,grzelma01,Matt Grzelcyk,0
202312090BOS,ARI,heineda01,Danton Heinen,1
202312090BOS,ARI,lindhha01,Hampus Lindholm,0
202312090BOS,ARI,lohrema01,Mason Lohrei,0
202312090BOS,ARI,marchbr03,Brad Marchand,0
202312090BOS,ARI,mitchia01,Ian Mitchell,0
202312090BOS,ARI,pastrda01,David PastrÅÃ¡k,1
202312090BOS,ARI,poitrma01,Matthew Poitras,0
202312090BOS,ARI,shattke01,Kevin Shattenkirk,1
202312090BOS,ARI,steenos01,Oskar Steen,0
202312090BOS,ARI,vanrija01,James van Riemsdyk,0
202312090BOS,ARI,zachapa01,Pavel Zacha,0
202312090BOS,ARI,ullmali01,Linus Ullmark,0
