game_id,opponent,player_id,player_name,scored
202311220NSH,NSH,anderra01,Rasmus Andersson,0
202311220NSH,NSH,backlmi01,Mikael Backlund,0
202311220NSH,NSH,colembl01,Blake Coleman,0
202311220NSH,NSH,dubedi01,Dillon DubÃ©,0
202311220NSH,NSH,duehrwa01,Walker Duehr,0
202311220NSH,NSH,gilbede01,Dennis Gilbert,0
202311220NSH,NSH,greeraj01,A.J. Greer,0
202311220NSH,NSH,hanifno01,Noah Hanifin,1
202311220NSH,NSH,huberjo01,Jonathan Huberdeau,0
202311220NSH,NSH,kadrina01,Nazem Kadri,0
202311220NSH,NSH,lindhel01,Elias Lindholm,0
202311220NSH,NSH,mangian01,Andrew Mangiapane,0
202311220NSH,NSH,pospima01,Martin Pospisil,0
202311220NSH,NSH,ruzicad01,Adam RuÅ¾iÄka,0
202311220NSH,NSH,sharaye01,Yegor Sharangovich,1
202311220NSH,NSH,tanevch01,Chris Tanev,0
202311220NSH,NSH,weegama01,MacKenzie Weegar,0
202311220NSH,NSH,zadorni01,Nikita Zadorov,0
202311220NSH,NSH,marksja02,Jacob MarkstrÃ¶m,0
202311220NSH,CGY,barrity01,Tyson Barrie,0
202311220NSH,CGY,carrial01,Alexandre Carrier,1
202311220NSH,CGY,evanglu01,Luke Evangelista,0
202311220NSH,CGY,forsbfi01,Filip Forsberg,0
202311220NSH,CGY,foudyli01,Liam Foudy,0
202311220NSH,CGY,josiro01,Roman Josi,0
202311220NSH,CGY,lauzoje01,Jeremy Lauzon,0
202311220NSH,CGY,mccarmi01,Michael McCarron,0
202311220NSH,CGY,mcdonry01,Ryan McDonagh,0
202311220NSH,CGY,nyquigu01,Gustav Nyquist,0
202311220NSH,CGY,oreilry01,Ryan O'Reilly,1
202311220NSH,CGY,parssju01,Juuso PÃ¤rssinen,1
202311220NSH,CGY,sherwki01,Kiefer Sherwood,0
202311220NSH,CGY,sissoco01,Colton Sissons,1
202311220NSH,CGY,smithco02,Cole Smith,0
202311220NSH,CGY,stastsp01,Spencer Stastney,0
202311220NSH,CGY,tomasph01,Philip Tomasino,0
202311220NSH,CGY,treniya01,Yakov Trenin,0
202311220NSH,CGY,sarosju01,Juuse Saros,0
