game_id,opponent,player_id,player_name,scored
202312120VAN,VAN,barreal01,Alex BarrÃ©-Boulet,0
202312120VAN,VAN,cernaer01,Erik ÄernÃ¡k,0
202312120VAN,VAN,chaffmi01,Mitchell Chaffee,0
202312120VAN,VAN,cirelan01,Anthony Cirelli,0
202312120VAN,VAN,dehaaca01,Calvin de Haan,0
202312120VAN,VAN,eyssimi01,Michael Eyssimont,0
202312120VAN,VAN,fleurha01,Haydn Fleury,0
202312120VAN,VAN,glendlu01,Luke Glendening,0
202312120VAN,VAN,hagelbr01,Brandon Hagel,0
202312120VAN,VAN,jeannta01,Tanner Jeannot,0
202312120VAN,VAN,kucheni01,Nikita Kucherov,0
202312120VAN,VAN,mottety01,Tyler Motte,0
202312120VAN,VAN,paulni01,Nick Paul,0
202312120VAN,VAN,perbini01,Nicklaus Perbix,0
202312120VAN,VAN,pointbr01,Brayden Point,1
202312120VAN,VAN,raddyda01,Darren Raddysh,0
202312120VAN,VAN,sergami01,Mikhail Sergachev,0
202312120VAN,VAN,stamkst01,Steven Stamkos,0
202312120VAN,VAN,vasilan02,Andrei Vasilevskiy,0
202312120VAN,TBL,amanni01,Nils Ãman,0
202312120VAN,TBL,bluegte01,Teddy Blueger,0
202312120VAN,TBL,boesebr01,Brock Boeser,1
202312120VAN,TBL,coleia01,Ian Cole,0
202312120VAN,TBL,digiuph01,Phillip Di Giuseppe,0
202312120VAN,TBL,garlaco01,Conor Garland,0
202312120VAN,TBL,hoglani01,Nils HÃ¶glander,0
202312120VAN,TBL,hronefi01,Filip Hronek,0
202312120VAN,TBL,hughequ01,Quinn Hughes,0
202312120VAN,TBL,joshuda01,Dakota Joshua,0
202312120VAN,TBL,juulsno01,Noah Juulsen,0
202312120VAN,TBL,kuzmean01,Andrei Kuzmenko,1
202312120VAN,TBL,laffesa01,Sam Lafferty,0
202312120VAN,TBL,mikheil01,Ilya Mikheyev,0
202312120VAN,TBL,millejt01,J.T. Miller,0
202312120VAN,TBL,myersty01,Tyler Myers,0
202312120VAN,TBL,petteel01,Elias Pettersson,0
202312120VAN,TBL,zadorni01,Nikita Zadorov,0
202312120VAN,TBL,demkoth01,Thatcher Demko,0
