game_id,opponent,player_id,player_name,scored
202312130NYI,NYI,carlsle01,Leo Carlsson,0
202312130NYI,NYI,carrisa01,Sam Carrick,1
202312130NYI,NYI,fowleca01,Cam Fowler,0
202312130NYI,NYI,gudasra01,Radko Gudas,0
202312130NYI,NYI,henriad01,Adam Henrique,1
202312130NYI,NYI,johnsro02,Ross Johnston,0
202312130NYI,NYI,jonesma03,Max Jones,0
202312130NYI,NYI,killoal01,Alex Killorn,0
202312130NYI,NYI,lacomja01,Jackson LaCombe,0
202312130NYI,NYI,leasobr01,Brett Leason,0
202312130NYI,NYI,lyubuil01,Ilya Lyubushkin,0
202312130NYI,NYI,mcginbr01,Brock McGinn,0
202312130NYI,NYI,mintypa01,Pavel Mintyukov,0
202312130NYI,NYI,silfvja01,Jakob Silfverberg,0
202312130NYI,NYI,stromry01,Ryan Strome,0
202312130NYI,NYI,terrytr01,Troy Terry,1
202312130NYI,NYI,vaakaur01,Urho Vaakanainen,0
202312130NYI,NYI,vatrafr01,Frank Vatrano,0
202312130NYI,NYI,gibsojo02,John Gibson,0
202312130NYI,ANA,ahose02,Sebastian Aho,0
202312130NYI,ANA,barzama01,Mathew Barzal,1
202312130NYI,ANA,boldusa01,Samuel Bolduc,0
202312130NYI,ANA,borturo01,Robert Bortuzzo,0
202312130NYI,ANA,cizikca01,Casey Cizikas,1
202312130NYI,ANA,cluttca01,Cal Clutterbuck,0
202312130NYI,ANA,dobsono01,Noah Dobson,0
202312130NYI,ANA,engvapi01,Pierre Engvall,0
202312130NYI,ANA,faschhu01,Hudson Fasching,0
202312130NYI,ANA,gauthju01,Julien Gauthier,0
202312130NYI,ANA,holmssi01,Simon HolmstrÃ¶m,1
202312130NYI,ANA,horvabo01,Bo Horvat,0
202312130NYI,ANA,leean01,Anders Lee,0
202312130NYI,ANA,nelsobr01,Brock Nelson,0
202312130NYI,ANA,pageaje01,Jean-Gabriel Pageau,0
202312130NYI,ANA,palmiky01,Kyle Palmieri,1
202312130NYI,ANA,reillmi01,Mike Reilly,0
202312130NYI,ANA,romanal01,Alexander Romanov,0
202312130NYI,ANA,varlasi01,Semyon Varlamov,0
