game_id,opponent,player_id,player_name,scored
202311240BOS,BOS,chiarbe01,Ben Chiarot,0
202311240BOS,BOS,comphj.01,J.T. Compher,1
202311240BOS,BOS,coppan01,Andrew Copp,0
202311240BOS,BOS,debrial01,Alex DeBrincat,1
202311240BOS,BOS,fabbrro01,Robby Fabbri,1
202311240BOS,BOS,fischch01,Christian Fischer,0
202311240BOS,BOS,gostish01,Shayne Gostisbehere,0
202311240BOS,BOS,hollju01,Justin Holl,0
202311240BOS,BOS,kostikl01,Klim Kostin,0
202311240BOS,BOS,larkidy01,Dylan Larkin,1
202311240BOS,BOS,maattol01,Olli MÃ¤Ã¤ttÃ¤,0
202311240BOS,BOS,perroda01,David Perron,1
202311240BOS,BOS,petryje01,Jeff Petry,0
202311240BOS,BOS,rasmumi01,Michael Rasmussen,0
202311240BOS,BOS,raymolu01,Lucas Raymond,0
202311240BOS,BOS,seidemo01,Moritz Seider,0
202311240BOS,BOS,spronda01,Daniel Sprong,0
202311240BOS,BOS,velenjo01,Joe Veleno,0
202311240BOS,BOS,hussovi01,Ville Husso,0
202311240BOS,DET,beechjo01,John Beecher,0
202311240BOS,DET,brownpa02,Patrick Brown,0
202311240BOS,DET,carlobr01,Brandon Carlo,0
202311240BOS,DET,coylech01,Charlie Coyle,0
202311240BOS,DET,debruja01,Jake DeBrusk,1
202311240BOS,DET,forbode01,Derek Forbort,0
202311240BOS,DET,fredetr01,Trent Frederic,0
202311240BOS,DET,geekimo01,Morgan Geekie,0
202311240BOS,DET,heineda01,Danton Heinen,1
202311240BOS,DET,laukoja01,Jakub Lauko,0
202311240BOS,DET,lindhha01,Hampus Lindholm,0
202311240BOS,DET,lohrema01,Mason Lohrei,0
202311240BOS,DET,marchbr03,Brad Marchand,0
202311240BOS,DET,mcavoch01,Charlie McAvoy,0
202311240BOS,DET,mitchia01,Ian Mitchell,0
202311240BOS,DET,pastrda01,David PastrÅÃ¡k,0
202311240BOS,DET,poitrma01,Matthew Poitras,0
202311240BOS,DET,zachapa01,Pavel Zacha,0
202311240BOS,DET,swaymje01,Jeremy Swayman,0
