game_id,opponent,player_id,player_name,scored
202310270VAN,VAN,blaissa01,Sammy Blais,0
202310270VAN,VAN,borturo01,Robert Bortuzzo,0
202310270VAN,VAN,buchnpa01,Pavel Buchnevich,0
202310270VAN,VAN,faulkju01,Justin Faulk,0
202310270VAN,VAN,hayeske01,Kevin Hayes,0
202310270VAN,VAN,kapanka01,Kasperi Kapanen,0
202310270VAN,VAN,krugto01,Torey Krug,0
202310270VAN,VAN,kyroujo01,Jordan Kyrou,0
202310270VAN,VAN,leddyni01,Nick Leddy,0
202310270VAN,VAN,neighja01,Jake Neighbours,0
202310270VAN,VAN,parayco01,Colton Parayko,0
202310270VAN,VAN,perunsc01,Scott Perunovich,0
202310270VAN,VAN,saadbr01,Brandon Saad,0
202310270VAN,VAN,scandma01,Marco Scandella,0
202310270VAN,VAN,schenbr01,Brayden Schenn,0
202310270VAN,VAN,sundqos01,Oskar Sundqvist,0
202310270VAN,VAN,thomaro01,Robert Thomas,0
202310270VAN,VAN,toropal01,Alexey Toropchenko,0
202310270VAN,VAN,binnijo01,Jordan Binnington,0
202310270VAN,STL,beauvan01,Anthony Beauvillier,0
202310270VAN,STL,boesebr01,Brock Boeser,0
202310270VAN,STL,coleia01,Ian Cole,0
202310270VAN,STL,digiuph01,Phillip Di Giuseppe,1
202310270VAN,STL,friedma01,Mark Friedman,0
202310270VAN,STL,garlaco01,Conor Garland,0
202310270VAN,STL,hoglani01,Nils HÃ¶glander,0
202310270VAN,STL,hronefi01,Filip Hronek,0
202310270VAN,STL,hughequ01,Quinn Hughes,1
202310270VAN,STL,joshuda01,Dakota Joshua,0
202310270VAN,STL,kuzmean01,Andrei Kuzmenko,0
202310270VAN,STL,laffesa01,Sam Lafferty,0
202310270VAN,STL,mikheil01,Ilya Mikheyev,1
202310270VAN,STL,millejt01,J.T. Miller,1
202310270VAN,STL,myersty01,Tyler Myers,0
202310270VAN,STL,petteel01,Elias Pettersson,0
202310270VAN,STL,soucyca01,Carson Soucy,0
202310270VAN,STL,suterpi01,Pius Suter,0
202310270VAN,STL,demkoth01,Thatcher Demko,0
