game_id,opponent,player_id,player_name,scored
202312160STL,STL,bennja01,Jamie Benn,0
202312160STL,STL,dadonev01,Evgenii Dadonov,1
202312160STL,STL,dellaty01,Ty Dellandrea,1
202312160STL,STL,duchema01,Matt Duchene,0
202312160STL,STL,faksara01,Radek Faksa,0
202312160STL,STL,hakanja01,Jani HakanpÃ¤Ã¤,0
202312160STL,STL,harleth01,Thomas Harley,0
202312160STL,STL,heiskmi01,Miro Heiskanen,0
202312160STL,STL,hintzro01,Roope Hintz,0
202312160STL,STL,johnswy01,Wyatt Johnston,0
202312160STL,STL,lindees01,Esa Lindell,0
202312160STL,STL,lundkni01,Nils Lundkvist,0
202312160STL,STL,marchma01,Mason Marchment,1
202312160STL,STL,paveljo01,Joe Pavelski,0
202312160STL,STL,roberja01,Jason Robertson,0
202312160STL,STL,seguity01,Tyler Seguin,0
202312160STL,STL,steelsa01,Sam Steel,0
202312160STL,STL,suterry01,Ryan Suter,0
202312160STL,STL,wedgesc01,Scott Wedgewood,0
202312160STL,DAL,buchnpa01,Pavel Buchnevich,0
202312160STL,DAL,faulkju01,Justin Faulk,0
202312160STL,DAL,hayeske01,Kevin Hayes,1
202312160STL,DAL,kapanka01,Kasperi Kapanen,0
202312160STL,DAL,krugto01,Torey Krug,0
202312160STL,DAL,kyroujo01,Jordan Kyrou,1
202312160STL,DAL,leddyni01,Nick Leddy,0
202312160STL,DAL,maceama01,Mackenzie MacEachern,0
202312160STL,DAL,mcginhu01,Hugh McGing,0
202312160STL,DAL,neighja01,Jake Neighbours,0
202312160STL,DAL,parayco01,Colton Parayko,1
202312160STL,DAL,saadbr01,Brandon Saad,1
202312160STL,DAL,scandma01,Marco Scandella,0
202312160STL,DAL,schenbr01,Brayden Schenn,0
202312160STL,DAL,sundqos01,Oskar Sundqvist,0
202312160STL,DAL,thomaro01,Robert Thomas,0
202312160STL,DAL,toropal01,Alexey Toropchenko,0
202312160STL,DAL,tuckety01,Tyler Tucker,0
202312160STL,DAL,binnijo01,Jordan Binnington,0
