game_id,opponent,player_id,player_name,scored
202311300NSH,NSH,bogosza01,Zach Bogosian,0
202311300NSH,NSH,boldyma01,Matt Boldy,0
202311300NSH,NSH,brodijo01,Jonas Brodin,0
202311300NSH,NSH,dewarco01,Connor Dewar,1
202311300NSH,NSH,duhaibr01,Brandon Duhaime,0
202311300NSH,NSH,eriksjo02,Joel Eriksson Ek,0
202311300NSH,NSH,faberbr01,Brock Faber,0
202311300NSH,NSH,foligma01,Marcus Foligno,0
202311300NSH,NSH,gaudrfr01,FrÃ©dÃ©rick Gaudreau,0
202311300NSH,NSH,goligal01,Alex Goligoski,0
202311300NSH,NSH,johanma03,Marcus Johansson,0
202311300NSH,NSH,kapriki01,Kirill Kaprizov,1
202311300NSH,NSH,lettivi01,Vinni Lettieri,0
202311300NSH,NSH,maroopa01,Pat Maroon,1
202311300NSH,NSH,middlja01,Jacob Middleton,1
202311300NSH,NSH,rossima01,Marco Rossi,0
202311300NSH,NSH,spurgja01,Jared Spurgeon,0
202311300NSH,NSH,zuccama01,Mats Zuccarello,0
202311300NSH,NSH,gustafi01,Filip Gustavsson,0
202311300NSH,MIN,barrity01,Tyson Barrie,0
202311300NSH,MIN,carrial01,Alexandre Carrier,0
202311300NSH,MIN,evanglu01,Luke Evangelista,0
202311300NSH,MIN,fabbrda01,Dante Fabbro,0
202311300NSH,MIN,forsbfi01,Filip Forsberg,0
202311300NSH,MIN,josiro01,Roman Josi,0
202311300NSH,MIN,lauzoje01,Jeremy Lauzon,0
202311300NSH,MIN,mccarmi01,Michael McCarron,0
202311300NSH,MIN,mcdonry01,Ryan McDonagh,0
202311300NSH,MIN,nyquigu01,Gustav Nyquist,0
202311300NSH,MIN,oreilry01,Ryan O'Reilly,0
202311300NSH,MIN,parssju01,Juuso PÃ¤rssinen,1
202311300NSH,MIN,schenlu01,Luke Schenn,0
202311300NSH,MIN,sherwki01,Kiefer Sherwood,0
202311300NSH,MIN,sissoco01,Colton Sissons,0
202311300NSH,MIN,smithco02,Cole Smith,0
202311300NSH,MIN,tomasph01,Philip Tomasino,0
202311300NSH,MIN,treniya01,Yakov Trenin,0
202311300NSH,MIN,lankike01,Kevin Lankinen,0
202311300NSH,MIN,sarosju01,Juuse Saros,0
