game_id,opponent,player_id,player_name,scored
202310110TOR,TOR,anderjo05,Josh Anderson,0
202310110TOR,TOR,caufico01,Cole Caufield,1
202310110TOR,TOR,dachki01,Kirby Dach,0
202310110TOR,TOR,evansja02,Jake Evans,1
202310110TOR,TOR,gallabr01,Brendan Gallagher,0
202310110TOR,TOR,guhleka01,Kaiden Guhle,0
202310110TOR,TOR,harrijo01,Jordan Harris,0
202310110TOR,TOR,harvera01,RafaÃ«l Harvey-Pinard,0
202310110TOR,TOR,kovacjo01,Johnathan Kovacevic,0
202310110TOR,TOR,mathemi01,Mike Matheson,0
202310110TOR,TOR,monahse01,Sean Monahan,0
202310110TOR,TOR,newhoal01,Alex Newhook,1
202310110TOR,TOR,pearsta01,Tanner Pearson,0
202310110TOR,TOR,savarda01,David Savard,0
202310110TOR,TOR,slafkju01,Juraj Slafkovsky,0
202310110TOR,TOR,suzukni01,Nick Suzuki,0
202310110TOR,TOR,xhekaar01,Arber Xhekaj,0
202310110TOR,TOR,yloneje01,Jesse YlÃ¶nen,1
202310110TOR,TOR,allenja01,Jake Allen,0
202310110TOR,MTL,bertuty01,Tyler Bertuzzi,0
202310110TOR,MTL,broditj01,T.J. Brodie,0
202310110TOR,MTL,domima01,Max Domi,0
202310110TOR,MTL,giordma01,Mark Giordano,0
202310110TOR,MTL,gregono01,Noah Gregor,1
202310110TOR,MTL,jarnkca01,Calle JÃ¤rnkrok,0
202310110TOR,MTL,kampfda01,David KÃ¤mpf,0
202310110TOR,MTL,klingjo01,John Klingberg,0
202310110TOR,MTL,kniesma01,Matthew Knies,0
202310110TOR,MTL,liljeti01,Timothy Liljegren,0
202310110TOR,MTL,marnemi01,Mitch Marner,0
202310110TOR,MTL,matthau01,Auston Matthews,1
202310110TOR,MTL,mccabja01,Jake McCabe,0
202310110TOR,MTL,mintefr01,Fraser Minten,0
202310110TOR,MTL,nylanwi01,William Nylander,1
202310110TOR,MTL,reavery01,Ryan Reaves,0
202310110TOR,MTL,riellmo01,Morgan Rielly,0
202310110TOR,MTL,tavarjo01,John Tavares,0
202310110TOR,MTL,samsoil01,Ilya Samsonov,0
