game_id,opponent,player_id,player_name,scored
202311110TBL,TBL,ahose01,Sebastian Aho,1
202311110TBL,TBL,buntimi01,Michael Bunting,0
202311110TBL,TBL,burnsbr01,Brent Burns,1
202311110TBL,TBL,deangan01,Tony DeAngelo,0
202311110TBL,TBL,druryja01,Jack Drury,0
202311110TBL,TBL,fastje01,Jesper Fast,0
202311110TBL,TBL,jarvise01,Seth Jarvis,0
202311110TBL,TBL,kotkaje01,Jesperi Kotkaniemi,0
202311110TBL,TBL,martijo01,Jordan Martinook,0
202311110TBL,TBL,necasma01,Martin NeÄas,0
202311110TBL,TBL,noesest01,Stefan Noesen,1
202311110TBL,TBL,orlovdm01,Dmitry Orlov,0
202311110TBL,TBL,pescebr01,Brett Pesce,0
202311110TBL,TBL,skjeibr01,Brady Skjei,0
202311110TBL,TBL,slavija01,Jaccob Slavin,0
202311110TBL,TBL,staaljo01,Jordan Staal,0
202311110TBL,TBL,svechan01,Andrei Svechnikov,0
202311110TBL,TBL,teravte01,Teuvo TerÃ¤vÃ¤inen,1
202311110TBL,TBL,kochepy01,Pyotr Kochetkov,0
202311110TBL,CAR,barreal01,Alex BarrÃ©-Boulet,0
202311110TBL,CAR,cernaer01,Erik ÄernÃ¡k,0
202311110TBL,CAR,cirelan01,Anthony Cirelli,0
202311110TBL,CAR,dehaaca01,Calvin de Haan,0
202311110TBL,CAR,eyssimi01,Michael Eyssimont,0
202311110TBL,CAR,glendlu01,Luke Glendening,0
202311110TBL,CAR,hagelbr01,Brandon Hagel,0
202311110TBL,CAR,hedmavi01,Victor Hedman,0
202311110TBL,CAR,jeannta01,Tanner Jeannot,0
202311110TBL,CAR,merelwa01,Waltteri Merela,0
202311110TBL,CAR,mottety01,Tyler Motte,0
202311110TBL,CAR,paulni01,Nick Paul,0
202311110TBL,CAR,perbini01,Nicklaus Perbix,0
202311110TBL,CAR,pointbr01,Brayden Point,0
202311110TBL,CAR,raddyda01,Darren Raddysh,0
202311110TBL,CAR,sergami01,Mikhail Sergachev,0
202311110TBL,CAR,stamkst01,Steven Stamkos,0
202311110TBL,CAR,watsoau01,Austin Watson,0
202311110TBL,CAR,johanjo03,Jonas Johansson,0
