game_id,opponent,player_id,player_name,scored
202311270OTT,OTT,barkoal01,Aleksander Barkov,0
202311270OTT,OTT,bennesa01,Sam Bennett,1
202311270OTT,OTT,cousini01,Nick Cousins,0
202311270OTT,OTT,ekblaaa01,Aaron Ekblad,0
202311270OTT,OTT,ekmanol01,Oliver Ekman-Larsson,0
202311270OTT,OTT,forslgu02,Gustav Forsling,0
202311270OTT,OTT,gadjojo01,Jonah Gadjovich,0
202311270OTT,OTT,kulikdm01,Dmitry Kulikov,0
202311270OTT,OTT,lombery01,Ryan Lomberg,0
202311270OTT,OTT,lundean01,Anton Lundell,0
202311270OTT,OTT,luostee01,Eetu Luostarinen,1
202311270OTT,OTT,mikkoni01,Niko Mikkola,0
202311270OTT,OTT,montobr01,Brandon Montour,0
202311270OTT,OTT,reinhsa01,Sam Reinhart,1
202311270OTT,OTT,rodriev01,Evan Rodrigues,0
202311270OTT,OTT,stenlke01,Kevin Stenlund,0
202311270OTT,OTT,tkachma01,Matthew Tkachuk,0
202311270OTT,OTT,verhaca01,Carter Verhaeghe,1
202311270OTT,OTT,bobrose01,Sergei Bobrovsky,0
202311270OTT,FLA,bathedr01,Drake Batherson,0
202311270OTT,FLA,bernaja01,Jacob Bernard-Docker,0
202311270OTT,FLA,branner01,Erik BrÃ¤nnstrÃ¶m,0
202311270OTT,FLA,chartro01,Rourke Chartier,0
202311270OTT,FLA,chychja01,Jakob Chychrun,0
202311270OTT,FLA,giroucl01,Claude Giroux,0
202311270OTT,FLA,hamontr01,Travis Hamonic,0
202311270OTT,FLA,highmma01,Matthew Highmore,0
202311270OTT,FLA,josepma01,Mathieu Joseph,0
202311270OTT,FLA,kellypa01,Parker Kelly,0
202311270OTT,FLA,kubaldo01,Dominik KubalÃ­k,0
202311270OTT,FLA,macewza01,Zack MacEwen,0
202311270OTT,FLA,norrijo01,Joshua Norris,0
202311270OTT,FLA,sandeja01,Jake Sanderson,0
202311270OTT,FLA,stuetti02,Tim StÃ¼tzle,0
202311270OTT,FLA,tarasvl01,Vladimir Tarasenko,0
202311270OTT,FLA,tkachbr01,Brady Tkachuk,0
202311270OTT,FLA,zubar01,Artem Zub,0
202311270OTT,FLA,korpijo01,Joonas Korpisalo,0
