game_id,opponent,player_id,player_name,scored
202310130NJD,NJD,bjugsni01,Nick Bjugstad,0
202310130NJD,NJD,brownjo01,Josh Brown,0
202310130NJD,NJD,carcomi01,Michael Carcone,0
202310130NJD,NJD,coolelo01,Logan Cooley,0
202310130NJD,NJD,crousla01,Lawson Crouse,0
202310130NJD,NJD,dermotr01,Travis Dermott,0
202310130NJD,NJD,dumbama01,Mathew Dumba,1
202310130NJD,NJD,durzise01,Sean Durzi,1
202310130NJD,NJD,haytoba01,Barrett Hayton,0
202310130NJD,NJD,kellecl01,Clayton Keller,0
202310130NJD,NJD,kerfoal01,Alexander Kerfoot,0
202310130NJD,NJD,maccema01,Matias Maccelli,0
202310130NJD,NJD,mcbaija03,Jack McBain,0
202310130NJD,NJD,moserja01,J.J. Moser,0
202310130NJD,NJD,obrieli01,Liam O'Brien,0
202310130NJD,NJD,schmani01,Nick Schmaltz,1
202310130NJD,NJD,valimju01,Juuso VÃ¤limÃ¤ki,0
202310130NJD,NJD,zuckeja01,Jason Zucker,0
202310130NJD,NJD,vejmeka01,Karel Vejmelka,0
202310130NJD,ARI,bahlke01,Kevin Bahl,0
202310130NJD,ARI,bastina01,Nathan Bastian,0
202310130NJD,ARI,brattje01,Jesper Bratt,1
202310130NJD,ARI,hamildo01,Dougie Hamilton,1
202310130NJD,ARI,haulaer01,Erik Haula,0
202310130NJD,ARI,hischni01,Nico Hischier,0
202310130NJD,ARI,holtzal01,Alexander Holtz,0
202310130NJD,ARI,hugheja03,Jack Hughes,0
202310130NJD,ARI,hughelu01,Luke Hughes,0
202310130NJD,ARI,marinjo01,John Marino,0
202310130NJD,ARI,mcleomi01,Michael McLeod,0
202310130NJD,ARI,meierti01,Timo Meier,0
202310130NJD,ARI,merceda01,Dawson Mercer,0
202310130NJD,ARI,nosekto01,TomÃ¡Å¡ Nosek,0
202310130NJD,ARI,palaton01,OndÅej PalÃ¡t,0
202310130NJD,ARI,siegejo01,Jonas Siegenthaler,0
202310130NJD,ARI,smithbr05,Brendan Smith,0
202310130NJD,ARI,toffoty01,Tyler Toffoli,0
202310130NJD,ARI,schmiak01,Akira Schmid,0
