game_id,opponent,player_id,player_name,scored
202312160MIN,MIN,bluegte01,Teddy Blueger,1
202312160MIN,MIN,boesebr01,Brock Boeser,0
202312160MIN,MIN,coleia01,Ian Cole,0
202312160MIN,MIN,digiuph01,Phillip Di Giuseppe,0
202312160MIN,MIN,garlaco01,Conor Garland,0
202312160MIN,MIN,hoglani01,Nils HÃ¶glander,0
202312160MIN,MIN,hronefi01,Filip Hronek,0
202312160MIN,MIN,hughequ01,Quinn Hughes,0
202312160MIN,MIN,joshuda01,Dakota Joshua,0
202312160MIN,MIN,juulsno01,Noah Juulsen,0
202312160MIN,MIN,kuzmean01,Andrei Kuzmenko,0
202312160MIN,MIN,laffesa01,Sam Lafferty,0
202312160MIN,MIN,mikheil01,Ilya Mikheyev,0
202312160MIN,MIN,millejt01,J.T. Miller,0
202312160MIN,MIN,myersty01,Tyler Myers,0
202312160MIN,MIN,petteel01,Elias Pettersson,0
202312160MIN,MIN,suterpi01,Pius Suter,0
202312160MIN,MIN,zadorni01,Nikita Zadorov,0
202312160MIN,MIN,desmica01,Casey DeSmith,0
202312160MIN,VAN,bogosza01,Zach Bogosian,0
202312160MIN,VAN,boldyma01,Matt Boldy,0
202312160MIN,VAN,dewarco01,Connor Dewar,0
202312160MIN,VAN,duhaibr01,Brandon Duhaime,0
202312160MIN,VAN,eriksjo02,Joel Eriksson Ek,0
202312160MIN,VAN,faberbr01,Brock Faber,0
202312160MIN,VAN,foligma01,Marcus Foligno,0
202312160MIN,VAN,gaudrfr01,FrÃ©dÃ©rick Gaudreau,1
202312160MIN,VAN,goligal01,Alex Goligoski,0
202312160MIN,VAN,hartmry01,Ryan Hartman,0
202312160MIN,VAN,huntda01,Daemon Hunt,0
202312160MIN,VAN,johanma03,Marcus Johansson,0
202312160MIN,VAN,kapriki01,Kirill Kaprizov,0
202312160MIN,VAN,maroopa01,Pat Maroon,0
202312160MIN,VAN,merrijo01,Jonathon Merrill,0
202312160MIN,VAN,middlja01,Jacob Middleton,0
202312160MIN,VAN,rossima01,Marco Rossi,0
202312160MIN,VAN,zuccama01,Mats Zuccarello,0
202312160MIN,VAN,gustafi01,Filip Gustavsson,0
