game_id,opponent,player_id,player_name,scored
202310120DAL,DAL,blaissa01,Sammy Blais,0
202310120DAL,DAL,buchnpa01,Pavel Buchnevich,0
202310120DAL,DAL,faulkju01,Justin Faulk,0
202310120DAL,DAL,hayeske01,Kevin Hayes,0
202310120DAL,DAL,kapanka01,Kasperi Kapanen,0
202310120DAL,DAL,krugto01,Torey Krug,0
202310120DAL,DAL,kyroujo01,Jordan Kyrou,0
202310120DAL,DAL,leddyni01,Nick Leddy,0
202310120DAL,DAL,neighja01,Jake Neighbours,0
202310120DAL,DAL,parayco01,Colton Parayko,0
202310120DAL,DAL,saadbr01,Brandon Saad,0
202310120DAL,DAL,scandma01,Marco Scandella,0
202310120DAL,DAL,schenbr01,Brayden Schenn,0
202310120DAL,DAL,sundqos01,Oskar Sundqvist,0
202310120DAL,DAL,thomaro01,Robert Thomas,0
202310120DAL,DAL,toropal01,Alexey Toropchenko,0
202310120DAL,DAL,tuckety01,Tyler Tucker,1
202310120DAL,DAL,vranaja01,Jakub VrÃ¡na,0
202310120DAL,DAL,binnijo01,Jordan Binnington,0
202310120DAL,STL,bennja01,Jamie Benn,1
202310120DAL,STL,dadonev01,Evgenii Dadonov,0
202310120DAL,STL,dellaty01,Ty Dellandrea,0
202310120DAL,STL,duchema01,Matt Duchene,0
202310120DAL,STL,faksara01,Radek Faksa,0
202310120DAL,STL,hakanja01,Jani HakanpÃ¤Ã¤,0
202310120DAL,STL,harleth01,Thomas Harley,0
202310120DAL,STL,heiskmi01,Miro Heiskanen,0
202310120DAL,STL,johnswy01,Wyatt Johnston,0
202310120DAL,STL,lindees01,Esa Lindell,0
202310120DAL,STL,lundkni01,Nils Lundkvist,0
202310120DAL,STL,marchma01,Mason Marchment,0
202310120DAL,STL,paveljo01,Joe Pavelski,0
202310120DAL,STL,roberja01,Jason Robertson,0
202310120DAL,STL,seguity01,Tyler Seguin,0
202310120DAL,STL,smithcr01,Craig Smith,0
202310120DAL,STL,steelsa01,Sam Steel,0
202310120DAL,STL,suterry01,Ryan Suter,0
202310120DAL,STL,oettija01,Jake Oettinger,0
