game_id,opponent,player_id,player_name,scored
202311220PIT,PIT,boninni01,Nick Bonino,0
202311220PIT,PIT,cuyllwi01,William Cuylle,0
202311220PIT,PIT,goodrba01,Barclay Goodrow,0
202311220PIT,PIT,gustaer02,Erik Gustafsson,0
202311220PIT,PIT,jonesza01,Zachary Jones,0
202311220PIT,PIT,kakkoka01,Kaapo Kakko,0
202311220PIT,PIT,kreidch01,Chris Kreider,0
202311220PIT,PIT,lafreal01,Alexis LafreniÃ¨re,1
202311220PIT,PIT,lindgry01,Ryan Lindgren,0
202311220PIT,PIT,milleka01,K'Andre Miller,0
202311220PIT,PIT,panarar01,Artemi Panarin,0
202311220PIT,PIT,pitlity01,Tyler Pitlick,0
202311220PIT,PIT,schnebr01,Braden Schneider,0
202311220PIT,PIT,trochvi01,Vincent Trocheck,0
202311220PIT,PIT,troubja01,Jacob Trouba,0
202311220PIT,PIT,veseyji02,Jimmy Vesey,0
202311220PIT,PIT,wheelbl01,Blake Wheeler,0
202311220PIT,PIT,zibanmi01,Mika Zibanejad,0
202311220PIT,PIT,quickjo01,Jonathan Quick,0
202311220PIT,NYR,acciano01,Noel Acciari,0
202311220PIT,NYR,carteje01,Jeff Carter,0
202311220PIT,NYR,crosbsi01,Sidney Crosby,0
202311220PIT,NYR,ellerla01,Lars Eller,0
202311220PIT,NYR,gravery01,Ryan Graves,0
202311220PIT,NYR,guentja01,Jake Guentzel,0
202311220PIT,NYR,hinosvi01,Vinnie Hinostroza,0
202311220PIT,NYR,karlser01,Erik Karlsson,0
202311220PIT,NYR,letankr01,Kris Letang,0
202311220PIT,NYR,ludvijo01,John Ludvig,0
202311220PIT,NYR,malkiev01,Evgeni Malkin,0
202311220PIT,NYR,nietoma01,Matthew Nieto,0
202311220PIT,NYR,nylanal01,Alexander Nylander,0
202311220PIT,NYR,oconndr01,Drew O'Connor,0
202311220PIT,NYR,pettema01,Marcus Pettersson,0
202311220PIT,NYR,sheary01,Ryan Shea,0
202311220PIT,NYR,smithre01,Reilly Smith,0
202311220PIT,NYR,zohorra01,Radim Zohorna,0
202311220PIT,NYR,jarrytr01,Tristan Jarry,0
