game_id,opponent,player_id,player_name,scored
202310270NJD,NJD,cliftco01,Connor Clifton,0
202310270NJD,NJD,cozendy01,Dylan Cozens,1
202310270NJD,NJD,dahlira01,Rasmus Dahlin,1
202310270NJD,NJD,girgeze01,Zemgus Girgensons,0
202310270NJD,NJD,greenjo02,Jordan Greenway,0
202310270NJD,NJD,johnser01,Erik Johnson,0
202310270NJD,NJD,jokihhe01,Henri Jokiharju,0
202310270NJD,NJD,jostty01,Tyson Jost,0
202310270NJD,NJD,krebspe01,Peyton Krebs,0
202310270NJD,NJD,mitteca01,Casey Mittelstadt,0
202310270NJD,NJD,okposky01,Kyle Okposo,0
202310270NJD,NJD,olofsvi01,Victor Olofsson,0
202310270NJD,NJD,peterjo01,John-Jason Peterka,1
202310270NJD,NJD,powerow01,Owen Power,0
202310270NJD,NJD,samuema02,Mattias Samuelsson,0
202310270NJD,NJD,skinnje01,Jeff Skinner,0
202310270NJD,NJD,thompta01,Tage Thompson,1
202310270NJD,NJD,tuchal01,Alex Tuch,0
202310270NJD,NJD,comrier01,Eric Comrie,0
202310270NJD,NJD,luukkuk01,Ukko-Pekka Luukkonen,0
202310270NJD,BUF,bahlke01,Kevin Bahl,0
202310270NJD,BUF,bastina01,Nathan Bastian,0
202310270NJD,BUF,brattje01,Jesper Bratt,1
202310270NJD,BUF,hamildo01,Dougie Hamilton,0
202310270NJD,BUF,haulaer01,Erik Haula,1
202310270NJD,BUF,hischni01,Nico Hischier,0
202310270NJD,BUF,holtzal01,Alexander Holtz,1
202310270NJD,BUF,hugheja03,Jack Hughes,1
202310270NJD,BUF,hughelu01,Luke Hughes,0
202310270NJD,BUF,lazarcu01,Curtis Lazar,0
202310270NJD,BUF,marinjo01,John Marino,0
202310270NJD,BUF,mcleomi01,Michael McLeod,0
202310270NJD,BUF,meierti01,Timo Meier,0
202310270NJD,BUF,merceda01,Dawson Mercer,0
202310270NJD,BUF,palaton01,OndÅej PalÃ¡t,0
202310270NJD,BUF,siegejo01,Jonas Siegenthaler,0
202310270NJD,BUF,smithbr05,Brendan Smith,0
202310270NJD,BUF,toffoty01,Tyler Toffoli,0
202310270NJD,BUF,vanecvi01,VÃ­tek VanÄÄek,0
