game_id,opponent,player_id,player_name,scored
202312070ARI,ARI,atkinca01,Cam Atkinson,0
202312070ARI,ARI,brinkbo01,Bobby Brink,0
202312070ARI,ARI,coutuse01,Sean Couturier,0
202312070ARI,ARI,deslani01,Nicolas Deslauriers,0
202312070ARI,ARI,farabjo01,Joel Farabee,1
202312070ARI,ARI,foersty01,Tyson Foerster,0
202312070ARI,ARI,frostmo01,Morgan Frost,0
202312070ARI,ARI,hathaga01,Garnet Hathaway,0
202312070ARI,ARI,konectr01,Travis Konecny,1
202312070ARI,ARI,laughsc01,Scott Laughton,0
202312070ARI,ARI,lycksol01,Olle Lycksell,0
202312070ARI,ARI,ristora01,Rasmus Ristolainen,0
202312070ARI,ARI,sanhetr01,Travis Sanheim,0
202312070ARI,ARI,seeleni01,Nick Seeler,0
202312070ARI,ARI,tippeow01,Owen Tippett,0
202312070ARI,ARI,walkese01,Sean Walker,0
202312070ARI,ARI,yorkca01,Cameron York,1
202312070ARI,ARI,zamulye01,Yegor Zamula,0
202312070ARI,ARI,hartca01,Carter Hart,0
202312070ARI,PHI,bjugsni01,Nick Bjugstad,0
202312070ARI,PHI,brownjo01,Josh Brown,0
202312070ARI,PHI,carcomi01,Michael Carcone,0
202312070ARI,PHI,coolelo01,Logan Cooley,0
202312070ARI,PHI,crousla01,Lawson Crouse,1
202312070ARI,PHI,dermotr01,Travis Dermott,0
202312070ARI,PHI,dumbama01,Mathew Dumba,0
202312070ARI,PHI,kelemmi01,MiloÅ¡ Kelemen,0
202312070ARI,PHI,kellecl01,Clayton Keller,0
202312070ARI,PHI,kerfoal01,Alexander Kerfoot,0
202312070ARI,PHI,kessemi01,Michael Kesselring,0
202312070ARI,PHI,maccema01,Matias Maccelli,0
202312070ARI,PHI,moserja01,J.J. Moser,0
202312070ARI,PHI,obrieli01,Liam O'Brien,0
202312070ARI,PHI,schmani01,Nick Schmaltz,0
202312070ARI,PHI,stechtr01,Troy Stecher,0
202312070ARI,PHI,valimju01,Juuso VÃ¤limÃ¤ki,0
202312070ARI,PHI,zuckeja01,Jason Zucker,0
202312070ARI,PHI,ingraco01,Connor Ingram,0
