game_id,opponent,player_id,player_name,scored
202312190BUF,BUF,beanja01,Jake Bean,0
202312190BUF,BUF,bemstem01,Emil BemstrÃ¶m,0
202312190BUF,BUF,blankni01,Nick Blankenburg,0
202312190BUF,BUF,chinaye01,Yegor Chinakhov,0
202312190BUF,BUF,danfoju01,Justin Danforth,0
202312190BUF,BUF,fantiad01,Adam Fantilli,1
202312190BUF,BUF,gaudrjo01,Johnny Gaudreau,1
202312190BUF,BUF,gauncbr01,Brendan Gaunce,0
202312190BUF,BUF,gudbrer01,Erik Gudbranson,1
202312190BUF,BUF,johnske01,Kent Johnson,1
202312190BUF,BUF,kuralse01,Sean Kuraly,1
202312190BUF,BUF,marchki01,Kirill Marchenko,1
202312190BUF,BUF,peekean01,Andrew Peeke,0
202312190BUF,BUF,provoiv01,Ivan Provorov,0
202312190BUF,BUF,sillico01,Cole Sillinger,1
202312190BUF,BUF,texieal01,Alexandre Texier,0
202312190BUF,BUF,vorondi01,Dmitri Voronkov,0
202312190BUF,BUF,werenza01,Zach Werenski,0
202312190BUF,BUF,tarasda02,Daniil Tarasov,0
202312190BUF,CBJ,bensoza01,Zach Benson,0
202312190BUF,CBJ,cliftco01,Connor Clifton,0
202312190BUF,CBJ,cozendy01,Dylan Cozens,1
202312190BUF,CBJ,dahlira01,Rasmus Dahlin,1
202312190BUF,CBJ,johnser01,Erik Johnson,0
202312190BUF,CBJ,jokihhe01,Henri Jokiharju,0
202312190BUF,CBJ,jostty01,Tyson Jost,0
202312190BUF,CBJ,krebspe01,Peyton Krebs,0
202312190BUF,CBJ,mitteca01,Casey Mittelstadt,0
202312190BUF,CBJ,okposky01,Kyle Okposo,1
202312190BUF,CBJ,olofsvi01,Victor Olofsson,0
202312190BUF,CBJ,peterjo01,John-Jason Peterka,0
202312190BUF,CBJ,powerow01,Owen Power,0
202312190BUF,CBJ,quinnja01,Jack Quinn,0
202312190BUF,CBJ,robiner01,Eric Robinson,0
202312190BUF,CBJ,samuema02,Mattias Samuelsson,0
202312190BUF,CBJ,thompta01,Tage Thompson,1
202312190BUF,CBJ,tuchal01,Alex Tuch,0
202312190BUF,CBJ,levide01,Devon Levi,0
202312190BUF,CBJ,luukkuk01,Ukko-Pekka Luukkonen,0
