game_id,opponent,player_id,player_name,scored
202312100ANA,ANA,applema01,Mason Appleton,0
202312100ANA,ANA,barromo01,Morgan Barron,1
202312100ANA,ANA,connoky01,Kyle Connor,0
202312100ANA,ANA,demeldy01,Dylan DeMelo,0
202312100ANA,ANA,dillobr01,Brenden Dillon,0
202312100ANA,ANA,ehlerni01,Nikolaj Ehlers,0
202312100ANA,ANA,gustada01,David Gustafsson,0
202312100ANA,ANA,iafalal01,Alex Iafallo,0
202312100ANA,ANA,lowryad01,Adam Lowry,0
202312100ANA,ANA,morrijo04,Josh Morrissey,0
202312100ANA,ANA,namesvl01,Vladislav Namestnikov,0
202312100ANA,ANA,niedeni01,Nino Niederreiter,1
202312100ANA,ANA,perfeco01,Cole Perfetti,0
202312100ANA,ANA,pionkne01,Neal Pionk,0
202312100ANA,ANA,sambedy01,Dylan Samberg,0
202312100ANA,ANA,scheima01,Mark Scheifele,1
202312100ANA,ANA,stanllo01,Logan Stanley,0
202312100ANA,ANA,vilarga01,Gabriel Vilardi,1
202312100ANA,ANA,helleco01,Connor Hellebuyck,0
202312100ANA,WPG,carlsle01,Leo Carlsson,0
202312100ANA,WPG,carrisa01,Sam Carrick,0
202312100ANA,WPG,fowleca01,Cam Fowler,0
202312100ANA,WPG,gudasra01,Radko Gudas,0
202312100ANA,WPG,henriad01,Adam Henrique,1
202312100ANA,WPG,johnsro02,Ross Johnston,0
202312100ANA,WPG,jonesma03,Max Jones,0
202312100ANA,WPG,killoal01,Alex Killorn,1
202312100ANA,WPG,lacomja01,Jackson LaCombe,0
202312100ANA,WPG,leasobr01,Brett Leason,0
202312100ANA,WPG,lyubuil01,Ilya Lyubushkin,0
202312100ANA,WPG,mcginbr01,Brock McGinn,0
202312100ANA,WPG,mintypa01,Pavel Mintyukov,0
202312100ANA,WPG,silfvja01,Jakob Silfverberg,0
202312100ANA,WPG,stromry01,Ryan Strome,0
202312100ANA,WPG,terrytr01,Troy Terry,0
202312100ANA,WPG,vaakaur01,Urho Vaakanainen,0
202312100ANA,WPG,vatrafr01,Frank Vatrano,0
202312100ANA,WPG,gibsojo02,John Gibson,0
