game_id,opponent,player_id,player_name,scored
202311180OTT,OTT,bogosza01,Zach Bogosian,0
202311180OTT,OTT,boldyma01,Matt Boldy,0
202311180OTT,OTT,brodijo01,Jonas Brodin,0
202311180OTT,OTT,dewarco01,Connor Dewar,0
202311180OTT,OTT,duhaibr01,Brandon Duhaime,0
202311180OTT,OTT,eriksjo02,Joel Eriksson Ek,0
202311180OTT,OTT,faberbr01,Brock Faber,0
202311180OTT,OTT,foligma01,Marcus Foligno,0
202311180OTT,OTT,johanma03,Marcus Johansson,0
202311180OTT,OTT,kapriki01,Kirill Kaprizov,0
202311180OTT,OTT,lettivi01,Vinni Lettieri,0
202311180OTT,OTT,maroopa01,Pat Maroon,0
202311180OTT,OTT,merrijo01,Jonathon Merrill,0
202311180OTT,OTT,middlja01,Jacob Middleton,0
202311180OTT,OTT,petanni01,Nic Petan,0
202311180OTT,OTT,rossima01,Marco Rossi,1
202311180OTT,OTT,spurgja01,Jared Spurgeon,0
202311180OTT,OTT,zuccama01,Mats Zuccarello,0
202311180OTT,OTT,gustafi01,Filip Gustavsson,0
202311180OTT,MIN,bathedr01,Drake Batherson,0
202311180OTT,MIN,bernaja01,Jacob Bernard-Docker,0
202311180OTT,MIN,branner01,Erik BrÃ¤nnstrÃ¶m,1
202311180OTT,MIN,chartro01,Rourke Chartier,0
202311180OTT,MIN,chychja01,Jakob Chychrun,0
202311180OTT,MIN,giroucl01,Claude Giroux,0
202311180OTT,MIN,hamontr01,Travis Hamonic,0
202311180OTT,MIN,jarvero01,Roby Jarventie,0
202311180OTT,MIN,josepma01,Mathieu Joseph,0
202311180OTT,MIN,kellypa01,Parker Kelly,0
202311180OTT,MIN,kubaldo01,Dominik KubalÃ­k,0
202311180OTT,MIN,macewza01,Zack MacEwen,0
202311180OTT,MIN,norrijo01,Joshua Norris,0
202311180OTT,MIN,sandeja01,Jake Sanderson,0
202311180OTT,MIN,stuetti02,Tim StÃ¼tzle,0
202311180OTT,MIN,tarasvl01,Vladimir Tarasenko,0
202311180OTT,MIN,tkachbr01,Brady Tkachuk,0
202311180OTT,MIN,zubar01,Artem Zub,0
202311180OTT,MIN,forsban01,Anton Forsberg,0
