game_id,opponent,player_id,player_name,scored
202312100SEA,SEA,bogosza01,Zach Bogosian,0
202312100SEA,SEA,boldyma01,Matt Boldy,1
202312100SEA,SEA,dewarco01,Connor Dewar,0
202312100SEA,SEA,duhaibr01,Brandon Duhaime,0
202312100SEA,SEA,eriksjo02,Joel Eriksson Ek,1
202312100SEA,SEA,faberbr01,Brock Faber,0
202312100SEA,SEA,foligma01,Marcus Foligno,0
202312100SEA,SEA,gaudrfr01,FrÃ©dÃ©rick Gaudreau,0
202312100SEA,SEA,goligal01,Alex Goligoski,0
202312100SEA,SEA,hartmry01,Ryan Hartman,0
202312100SEA,SEA,johanma03,Marcus Johansson,0
202312100SEA,SEA,kapriki01,Kirill Kaprizov,0
202312100SEA,SEA,maroopa01,Pat Maroon,0
202312100SEA,SEA,merrijo01,Jonathon Merrill,0
202312100SEA,SEA,middlja01,Jacob Middleton,0
202312100SEA,SEA,rossima01,Marco Rossi,1
202312100SEA,SEA,spurgja01,Jared Spurgeon,0
202312100SEA,SEA,zuccama01,Mats Zuccarello,0
202312100SEA,SEA,gustafi01,Filip Gustavsson,0
202312100SEA,MIN,bellepi01,Pierre-Ãdouard Bellemare,0
202312100SEA,MIN,beniema01,Matthew Beniers,0
202312100SEA,MIN,bjorkol01,Oliver Bjorkstrand,0
202312100SEA,MIN,borgewi01,William Borgen,0
202312100SEA,MIN,dumoubr01,Brian Dumoulin,0
202312100SEA,MIN,dunnvi02,Vince Dunn,0
202312100SEA,MIN,eberljo01,Jordan Eberle,0
202312100SEA,MIN,evansry01,Ryker Evans,0
202312100SEA,MIN,gourdya01,Yanni Gourde,0
202312100SEA,MIN,kartyty01,Tye Kartye,0
202312100SEA,MIN,larssad01,Adam Larsson,0
202312100SEA,MIN,mccanja01,Jared McCann,0
202312100SEA,MIN,oleksja01,Jamie Oleksiak,0
202312100SEA,MIN,shorede01,Devin Shore,0
202312100SEA,MIN,tanevbr01,Brandon Tanev,0
202312100SEA,MIN,tolvaee01,Eeli Tolvanen,0
202312100SEA,MIN,wennbal01,Alexander Wennberg,0
202312100SEA,MIN,yamamka01,Kailer Yamamoto,0
202312100SEA,MIN,daccojo01,Joey Daccord,0
