game_id,opponent,player_id,player_name,scored
202311220NYI,NYI,atkinca01,Cam Atkinson,0
202311220NYI,NYI,brinkbo01,Bobby Brink,0
202311220NYI,NYI,catesno01,Noah Cates,0
202311220NYI,NYI,coutuse01,Sean Couturier,0
202311220NYI,NYI,deslani01,Nicolas Deslauriers,0
202311220NYI,NYI,farabjo01,Joel Farabee,1
202311220NYI,NYI,foersty01,Tyson Foerster,0
202311220NYI,NYI,hathaga01,Garnet Hathaway,0
202311220NYI,NYI,konectr01,Travis Konecny,0
202311220NYI,NYI,laughsc01,Scott Laughton,0
202311220NYI,NYI,poehlry01,Ryan Poehling,0
202311220NYI,NYI,sanhetr01,Travis Sanheim,0
202311220NYI,NYI,seeleni01,Nick Seeler,0
202311220NYI,NYI,staalma01,Marc Staal,0
202311220NYI,NYI,tippeow01,Owen Tippett,0
202311220NYI,NYI,walkese01,Sean Walker,0
202311220NYI,NYI,yorkca01,Cameron York,1
202311220NYI,NYI,zamulye01,Yegor Zamula,0
202311220NYI,NYI,hartca01,Carter Hart,0
202311220NYI,PHI,ahose02,Sebastian Aho,0
202311220NYI,PHI,barzama01,Mathew Barzal,0
202311220NYI,PHI,cizikca01,Casey Cizikas,0
202311220NYI,PHI,cluttca01,Cal Clutterbuck,0
202311220NYI,PHI,dobsono01,Noah Dobson,0
202311220NYI,PHI,engvapi01,Pierre Engvall,0
202311220NYI,PHI,faschhu01,Hudson Fasching,0
202311220NYI,PHI,holmssi01,Simon HolmstrÃ¶m,0
202311220NYI,PHI,horvabo01,Bo Horvat,0
202311220NYI,PHI,leean01,Anders Lee,1
202311220NYI,PHI,mayfisc01,Scott Mayfield,0
202311220NYI,PHI,nelsobr01,Brock Nelson,1
202311220NYI,PHI,pageaje01,Jean-Gabriel Pageau,0
202311220NYI,PHI,palmiky01,Kyle Palmieri,0
202311220NYI,PHI,pelecad01,Adam Pelech,0
202311220NYI,PHI,pulocry01,Ryan Pulock,0
202311220NYI,PHI,romanal01,Alexander Romanov,0
202311220NYI,PHI,wahlsol01,Oliver Wahlstrom,0
202311220NYI,PHI,sorokil01,Ilya Sorokin,0
