game_id,opponent,player_id,player_name,scored
202311020ARI,ARI,anderjo05,Josh Anderson,0
202311020ARI,ARI,armiajo01,Joel Armia,0
202311020ARI,ARI,barroju01,Justin Barron,0
202311020ARI,ARI,caufico01,Cole Caufield,0
202311020ARI,ARI,evansja02,Jake Evans,0
202311020ARI,ARI,gallabr01,Brendan Gallagher,1
202311020ARI,ARI,guhleka01,Kaiden Guhle,0
202311020ARI,ARI,harrijo01,Jordan Harris,0
202311020ARI,ARI,harvera01,RafaÃ«l Harvey-Pinard,0
202311020ARI,ARI,kovacjo01,Johnathan Kovacevic,0
202311020ARI,ARI,mathemi01,Mike Matheson,0
202311020ARI,ARI,monahse01,Sean Monahan,1
202311020ARI,ARI,newhoal01,Alex Newhook,0
202311020ARI,ARI,pearsta01,Tanner Pearson,0
202311020ARI,ARI,slafkju01,Juraj Slafkovsky,0
202311020ARI,ARI,suzukni01,Nick Suzuki,0
202311020ARI,ARI,xhekaar01,Arber Xhekaj,0
202311020ARI,ARI,yloneje01,Jesse YlÃ¶nen,0
202311020ARI,ARI,allenja01,Jake Allen,0
202311020ARI,MTL,bjugsni01,Nick Bjugstad,0
202311020ARI,MTL,brownjo01,Josh Brown,0
202311020ARI,MTL,carcomi01,Michael Carcone,0
202311020ARI,MTL,coolelo01,Logan Cooley,0
202311020ARI,MTL,crousla01,Lawson Crouse,1
202311020ARI,MTL,dermotr01,Travis Dermott,0
202311020ARI,MTL,dumbama01,Mathew Dumba,0
202311020ARI,MTL,durzise01,Sean Durzi,0
202311020ARI,MTL,haytoba01,Barrett Hayton,0
202311020ARI,MTL,kellecl01,Clayton Keller,0
202311020ARI,MTL,kerfoal01,Alexander Kerfoot,0
202311020ARI,MTL,maccema01,Matias Maccelli,0
202311020ARI,MTL,mcbaija03,Jack McBain,0
202311020ARI,MTL,moserja01,J.J. Moser,0
202311020ARI,MTL,obrieli01,Liam O'Brien,0
202311020ARI,MTL,schmani01,Nick Schmaltz,1
202311020ARI,MTL,stechtr01,Troy Stecher,0
202311020ARI,MTL,valimju01,Juuso VÃ¤limÃ¤ki,0
202311020ARI,MTL,ingraco01,Connor Ingram,0
