game_id,opponent,player_id,player_name,scored
202311260CAR,CAR,beanja01,Jake Bean,0
202311260CAR,CAR,boqviad01,Adam Boqvist,0
202311260CAR,CAR,chinaye01,Yegor Chinakhov,0
202311260CAR,CAR,danfoju01,Justin Danforth,0
202311260CAR,CAR,fantiad01,Adam Fantilli,0
202311260CAR,CAR,gaudrjo01,Johnny Gaudreau,1
202311260CAR,CAR,gudbrer01,Erik Gudbranson,0
202311260CAR,CAR,jennebo01,Boone Jenner,0
202311260CAR,CAR,jiricda01,David JiÅÃ­Äek,0
202311260CAR,CAR,kuralse01,Sean Kuraly,0
202311260CAR,CAR,lainepa01,Patrik Laine,0
202311260CAR,CAR,marchki01,Kirill Marchenko,1
202311260CAR,CAR,provoiv01,Ivan Provorov,0
202311260CAR,CAR,robiner01,Eric Robinson,0
202311260CAR,CAR,sillico01,Cole Sillinger,0
202311260CAR,CAR,texieal01,Alexandre Texier,0
202311260CAR,CAR,vorondi01,Dmitri Voronkov,0
202311260CAR,CAR,werenza01,Zach Werenski,0
202311260CAR,CAR,merzlel01,Elvis MerzÄ¼ikins,0
202311260CAR,CBJ,ahose01,Sebastian Aho,0
202311260CAR,CBJ,buntimi01,Michael Bunting,0
202311260CAR,CBJ,burnsbr01,Brent Burns,0
202311260CAR,CBJ,chatfja01,Jalen Chatfield,0
202311260CAR,CBJ,druryja01,Jack Drury,0
202311260CAR,CBJ,fastje01,Jesper Fast,0
202311260CAR,CBJ,jarvise01,Seth Jarvis,0
202311260CAR,CBJ,kotkaje01,Jesperi Kotkaniemi,1
202311260CAR,CBJ,martijo01,Jordan Martinook,0
202311260CAR,CBJ,necasma01,Martin NeÄas,0
202311260CAR,CBJ,noesest01,Stefan Noesen,0
202311260CAR,CBJ,orlovdm01,Dmitry Orlov,0
202311260CAR,CBJ,pescebr01,Brett Pesce,0
202311260CAR,CBJ,skjeibr01,Brady Skjei,1
202311260CAR,CBJ,slavija01,Jaccob Slavin,0
202311260CAR,CBJ,staaljo01,Jordan Staal,0
202311260CAR,CBJ,svechan01,Andrei Svechnikov,1
202311260CAR,CBJ,teravte01,Teuvo TerÃ¤vÃ¤inen,0
202311260CAR,CBJ,kochepy01,Pyotr Kochetkov,0
