game_id,opponent,player_id,player_name,scored
202311180WPG,WPG,bjugsni01,Nick Bjugstad,0
202311180WPG,WPG,boydtr01,Travis Boyd,0
202311180WPG,WPG,brownjo01,Josh Brown,0
202311180WPG,WPG,carcomi01,Michael Carcone,0
202311180WPG,WPG,coolelo01,Logan Cooley,0
202311180WPG,WPG,crousla01,Lawson Crouse,0
202311180WPG,WPG,dumbama01,Mathew Dumba,1
202311180WPG,WPG,durzise01,Sean Durzi,0
202311180WPG,WPG,kelemmi01,MiloÅ¡ Kelemen,0
202311180WPG,WPG,kellecl01,Clayton Keller,0
202311180WPG,WPG,kerfoal01,Alexander Kerfoot,0
202311180WPG,WPG,kessemi01,Michael Kesselring,0
202311180WPG,WPG,maccema01,Matias Maccelli,1
202311180WPG,WPG,moserja01,J.J. Moser,0
202311180WPG,WPG,obrieli01,Liam O'Brien,0
202311180WPG,WPG,schmani01,Nick Schmaltz,0
202311180WPG,WPG,stechtr01,Troy Stecher,0
202311180WPG,WPG,zuckeja01,Jason Zucker,0
202311180WPG,WPG,vejmeka01,Karel Vejmelka,0
202311180WPG,ARI,applema01,Mason Appleton,1
202311180WPG,ARI,barromo01,Morgan Barron,0
202311180WPG,ARI,connoky01,Kyle Connor,1
202311180WPG,ARI,demeldy01,Dylan DeMelo,0
202311180WPG,ARI,dillobr01,Brenden Dillon,0
202311180WPG,ARI,ehlerni01,Nikolaj Ehlers,0
202311180WPG,ARI,gustada01,David Gustafsson,0
202311180WPG,ARI,iafalal01,Alex Iafallo,0
202311180WPG,ARI,jonssax01,Axel Jonsson-FjÃ¤llby,0
202311180WPG,ARI,lowryad01,Adam Lowry,0
202311180WPG,ARI,morrijo04,Josh Morrissey,1
202311180WPG,ARI,namesvl01,Vladislav Namestnikov,1
202311180WPG,ARI,niedeni01,Nino Niederreiter,0
202311180WPG,ARI,perfeco01,Cole Perfetti,0
202311180WPG,ARI,pionkne01,Neal Pionk,0
202311180WPG,ARI,sambedy01,Dylan Samberg,0
202311180WPG,ARI,scheima01,Mark Scheifele,1
202311180WPG,ARI,schmina01,Nate Schmidt,0
202311180WPG,ARI,brossla01,Laurent Brossoit,0
