game_id,opponent,player_id,player_name,scored
202311160SEA,SEA,ahose02,Sebastian Aho,0
202311160SEA,SEA,barzama01,Mathew Barzal,0
202311160SEA,SEA,cizikca01,Casey Cizikas,1
202311160SEA,SEA,cluttca01,Cal Clutterbuck,0
202311160SEA,SEA,dobsono01,Noah Dobson,1
202311160SEA,SEA,engvapi01,Pierre Engvall,0
202311160SEA,SEA,faschhu01,Hudson Fasching,0
202311160SEA,SEA,holmssi01,Simon HolmstrÃ¶m,0
202311160SEA,SEA,horvabo01,Bo Horvat,0
202311160SEA,SEA,leean01,Anders Lee,1
202311160SEA,SEA,mayfisc01,Scott Mayfield,0
202311160SEA,SEA,nelsobr01,Brock Nelson,0
202311160SEA,SEA,pageaje01,Jean-Gabriel Pageau,0
202311160SEA,SEA,palmiky01,Kyle Palmieri,0
202311160SEA,SEA,pelecad01,Adam Pelech,0
202311160SEA,SEA,pulocry01,Ryan Pulock,0
202311160SEA,SEA,romanal01,Alexander Romanov,0
202311160SEA,SEA,wahlsol01,Oliver Wahlstrom,0
202311160SEA,SEA,varlasi01,Semyon Varlamov,0
202311160SEA,NYI,bellepi01,Pierre-Ãdouard Bellemare,0
202311160SEA,NYI,beniema01,Matthew Beniers,1
202311160SEA,NYI,bjorkol01,Oliver Bjorkstrand,0
202311160SEA,NYI,borgewi01,William Borgen,0
202311160SEA,NYI,dumoubr01,Brian Dumoulin,0
202311160SEA,NYI,dunnvi02,Vince Dunn,0
202311160SEA,NYI,eberljo01,Jordan Eberle,0
202311160SEA,NYI,gourdya01,Yanni Gourde,0
202311160SEA,NYI,kartyty01,Tye Kartye,0
202311160SEA,NYI,larssad01,Adam Larsson,0
202311160SEA,NYI,mccanja01,Jared McCann,0
202311160SEA,NYI,oleksja01,Jamie Oleksiak,0
202311160SEA,NYI,schulju01,Justin Schultz,0
202311160SEA,NYI,schwaja01,Jaden Schwartz,0
202311160SEA,NYI,tanevbr01,Brandon Tanev,0
202311160SEA,NYI,tolvaee01,Eeli Tolvanen,0
202311160SEA,NYI,wennbal01,Alexander Wennberg,1
202311160SEA,NYI,yamamka01,Kailer Yamamoto,1
202311160SEA,NYI,grubaph01,Philipp Grubauer,0
