game_id,opponent,player_id,player_name,scored
202311280TOR,TOR,barkoal01,Aleksander Barkov,0
202311280TOR,TOR,bennesa01,Sam Bennett,0
202311280TOR,TOR,cousini01,Nick Cousins,0
202311280TOR,TOR,ekblaaa01,Aaron Ekblad,0
202311280TOR,TOR,ekmanol01,Oliver Ekman-Larsson,0
202311280TOR,TOR,forslgu02,Gustav Forsling,0
202311280TOR,TOR,gadjojo01,Jonah Gadjovich,0
202311280TOR,TOR,kulikdm01,Dmitry Kulikov,0
202311280TOR,TOR,lombery01,Ryan Lomberg,0
202311280TOR,TOR,lundean01,Anton Lundell,0
202311280TOR,TOR,luostee01,Eetu Luostarinen,0
202311280TOR,TOR,mikkoni01,Niko Mikkola,0
202311280TOR,TOR,montobr01,Brandon Montour,0
202311280TOR,TOR,reinhsa01,Sam Reinhart,0
202311280TOR,TOR,rodriev01,Evan Rodrigues,0
202311280TOR,TOR,stenlke01,Kevin Stenlund,1
202311280TOR,TOR,tkachma01,Matthew Tkachuk,0
202311280TOR,TOR,verhaca01,Carter Verhaeghe,0
202311280TOR,TOR,stolaan01,Anthony Stolarz,0
202311280TOR,FLA,benoisi01,Simon Benoit,0
202311280TOR,FLA,bertuty01,Tyler Bertuzzi,0
202311280TOR,FLA,broditj01,T.J. Brodie,0
202311280TOR,FLA,domima01,Max Domi,0
202311280TOR,FLA,giordma01,Mark Giordano,0
202311280TOR,FLA,gregono01,Noah Gregor,1
202311280TOR,FLA,jarnkca01,Calle JÃ¤rnkrok,0
202311280TOR,FLA,kampfda01,David KÃ¤mpf,0
202311280TOR,FLA,kniesma01,Matthew Knies,0
202311280TOR,FLA,marnemi01,Mitch Marner,0
202311280TOR,FLA,matthau01,Auston Matthews,0
202311280TOR,FLA,mccabja01,Jake McCabe,0
202311280TOR,FLA,nylanwi01,William Nylander,0
202311280TOR,FLA,reavery01,Ryan Reaves,0
202311280TOR,FLA,riellmo01,Morgan Rielly,0
202311280TOR,FLA,roberni01,Nicholas Robertson,0
202311280TOR,FLA,tavarjo01,John Tavares,0
202311280TOR,FLA,timmico01,Conor Timmins,0
202311280TOR,FLA,wolljo01,Joseph Woll,0
