game_id,opponent,player_id,player_name,scored
202310200CBJ,CBJ,anderra01,Rasmus Andersson,0
202310200CBJ,CBJ,backlmi01,Mikael Backlund,0
202310200CBJ,CBJ,colembl01,Blake Coleman,0
202310200CBJ,CBJ,coronma01,Matthew Coronato,0
202310200CBJ,CBJ,dubedi01,Dillon DubÃ©,0
202310200CBJ,CBJ,duehrwa01,Walker Duehr,0
202310200CBJ,CBJ,gilbede01,Dennis Gilbert,0
202310200CBJ,CBJ,greeraj01,A.J. Greer,0
202310200CBJ,CBJ,hanifno01,Noah Hanifin,0
202310200CBJ,CBJ,huberjo01,Jonathan Huberdeau,0
202310200CBJ,CBJ,kadrina01,Nazem Kadri,0
202310200CBJ,CBJ,lindhel01,Elias Lindholm,1
202310200CBJ,CBJ,mangian01,Andrew Mangiapane,0
202310200CBJ,CBJ,ruzicad01,Adam RuÅ¾iÄka,0
202310200CBJ,CBJ,sharaye01,Yegor Sharangovich,0
202310200CBJ,CBJ,tanevch01,Chris Tanev,0
202310200CBJ,CBJ,weegama01,MacKenzie Weegar,0
202310200CBJ,CBJ,zadorni01,Nikita Zadorov,0
202310200CBJ,CBJ,marksja02,Jacob MarkstrÃ¶m,0
202310200CBJ,CGY,beanja01,Jake Bean,0
202310200CBJ,CGY,bemstem01,Emil BemstrÃ¶m,0
202310200CBJ,CGY,danfoju01,Justin Danforth,1
202310200CBJ,CGY,fantiad01,Adam Fantilli,0
202310200CBJ,CGY,gaudrjo01,Johnny Gaudreau,0
202310200CBJ,CGY,gudbrer01,Erik Gudbranson,0
202310200CBJ,CGY,jennebo01,Boone Jenner,0
202310200CBJ,CGY,jiricda01,David JiÅÃ­Äek,0
202310200CBJ,CGY,johnske01,Kent Johnson,0
202310200CBJ,CGY,kuralse01,Sean Kuraly,1
202310200CBJ,CGY,lainepa01,Patrik Laine,0
202310200CBJ,CGY,marchki01,Kirill Marchenko,0
202310200CBJ,CGY,provoiv01,Ivan Provorov,0
202310200CBJ,CGY,rosloja01,Jack Roslovic,0
202310200CBJ,CGY,severda01,Damon Severson,0
202310200CBJ,CGY,sillico01,Cole Sillinger,0
202310200CBJ,CGY,texieal01,Alexandre Texier,0
202310200CBJ,CGY,werenza01,Zach Werenski,1
202310200CBJ,CGY,martisp01,Spencer Martin,0
