game_id,opponent,player_id,player_name,scored
202310270WSH,WSH,addisca01,Calen Addison,0
202310270WSH,WSH,brodijo01,Jonas Brodin,0
202310270WSH,WSH,dewarco01,Connor Dewar,0
202310270WSH,WSH,duhaibr01,Brandon Duhaime,0
202310270WSH,WSH,eriksjo02,Joel Eriksson Ek,0
202310270WSH,WSH,faberbr01,Brock Faber,0
202310270WSH,WSH,foligma01,Marcus Foligno,0
202310270WSH,WSH,hartmry01,Ryan Hartman,1
202310270WSH,WSH,huntda01,Daemon Hunt,0
202310270WSH,WSH,johanma03,Marcus Johansson,0
202310270WSH,WSH,kapriki01,Kirill Kaprizov,0
202310270WSH,WSH,lettivi01,Vinni Lettieri,0
202310270WSH,WSH,maroopa01,Pat Maroon,0
202310270WSH,WSH,mermida01,Dakota Mermis,0
202310270WSH,WSH,merrijo01,Jonathon Merrill,0
202310270WSH,WSH,middlja01,Jacob Middleton,0
202310270WSH,WSH,rossima01,Marco Rossi,1
202310270WSH,WSH,zuccama01,Mats Zuccarello,0
202310270WSH,WSH,fleurma01,Marc-AndrÃ© Fleury,0
202310270WSH,MIN,alexeal01,Alexander Alexeyev,0
202310270WSH,MIN,backsni02,Nicklas BÃ¤ckstrÃ¶m,0
202310270WSH,MIN,carlsjo01,John Carlson,0
202310270WSH,MIN,feherma01,Martin FehÃ©rvÃ¡ry,0
202310270WSH,MIN,jenseni02,Nick Jensen,0
202310270WSH,MIN,kuzneev01,Evgeny Kuznetsov,0
202310270WSH,MIN,malenbe01,Beck Malenstyn,0
202310270WSH,MIN,manthan01,Anthony Mantha,0
202310270WSH,MIN,mcmicco01,Connor McMichael,0
202310270WSH,MIN,milanso01,Sonny Milano,0
202310270WSH,MIN,oshietj01,T.J. Oshie,0
202310270WSH,MIN,ovechal01,Alex Ovechkin,0
202310270WSH,MIN,phillma01,Matthew Phillips,0
202310270WSH,MIN,protaal01,Aliaksei Protas,0
202310270WSH,MIN,sandira01,Rasmus Sandin,0
202310270WSH,MIN,stromdy01,Dylan Strome,1
202310270WSH,MIN,vanritr01,Trevor van Riemsdyk,0
202310270WSH,MIN,wilsoto01,Tom Wilson,1
202310270WSH,MIN,kuempda01,Darcy Kuemper,0
