game_id,opponent,player_id,player_name,scored
202311240OTT,OTT,ahose02,Sebastian Aho,0
202311240OTT,OTT,barzama01,Mathew Barzal,1
202311240OTT,OTT,cizikca01,Casey Cizikas,0
202311240OTT,OTT,cluttca01,Cal Clutterbuck,0
202311240OTT,OTT,dobsono01,Noah Dobson,0
202311240OTT,OTT,engvapi01,Pierre Engvall,0
202311240OTT,OTT,faschhu01,Hudson Fasching,0
202311240OTT,OTT,holmssi01,Simon HolmstrÃ¶m,1
202311240OTT,OTT,horvabo01,Bo Horvat,0
202311240OTT,OTT,leean01,Anders Lee,1
202311240OTT,OTT,mayfisc01,Scott Mayfield,0
202311240OTT,OTT,nelsobr01,Brock Nelson,0
202311240OTT,OTT,pageaje01,Jean-Gabriel Pageau,0
202311240OTT,OTT,palmiky01,Kyle Palmieri,1
202311240OTT,OTT,pelecad01,Adam Pelech,0
202311240OTT,OTT,pulocry01,Ryan Pulock,0
202311240OTT,OTT,romanal01,Alexander Romanov,0
202311240OTT,OTT,wahlsol01,Oliver Wahlstrom,1
202311240OTT,OTT,varlasi01,Semyon Varlamov,0
202311240OTT,NYI,bathedr01,Drake Batherson,1
202311240OTT,NYI,bernaja01,Jacob Bernard-Docker,0
202311240OTT,NYI,branner01,Erik BrÃ¤nnstrÃ¶m,0
202311240OTT,NYI,chartro01,Rourke Chartier,0
202311240OTT,NYI,chychja01,Jakob Chychrun,0
202311240OTT,NYI,giroucl01,Claude Giroux,0
202311240OTT,NYI,hamontr01,Travis Hamonic,0
202311240OTT,NYI,highmma01,Matthew Highmore,0
202311240OTT,NYI,jarvero01,Roby Jarventie,0
202311240OTT,NYI,josepma01,Mathieu Joseph,0
202311240OTT,NYI,kellypa01,Parker Kelly,0
202311240OTT,NYI,kubaldo01,Dominik KubalÃ­k,0
202311240OTT,NYI,norrijo01,Joshua Norris,0
202311240OTT,NYI,sandeja01,Jake Sanderson,0
202311240OTT,NYI,stuetti02,Tim StÃ¼tzle,1
202311240OTT,NYI,tarasvl01,Vladimir Tarasenko,0
202311240OTT,NYI,tkachbr01,Brady Tkachuk,0
202311240OTT,NYI,zubar01,Artem Zub,0
202311240OTT,NYI,forsban01,Anton Forsberg,0
