game_id,opponent,player_id,player_name,scored
202310280NSH,NSH,bertuty01,Tyler Bertuzzi,0
202310280NSH,NSH,broditj01,T.J. Brodie,0
202310280NSH,NSH,domima01,Max Domi,0
202310280NSH,NSH,giordma01,Mark Giordano,1
202310280NSH,NSH,gregono01,Noah Gregor,0
202310280NSH,NSH,holmbpo01,Pontus Holmberg,0
202310280NSH,NSH,jarnkca01,Calle JÃ¤rnkrok,0
202310280NSH,NSH,kampfda01,David KÃ¤mpf,0
202310280NSH,NSH,klingjo01,John Klingberg,0
202310280NSH,NSH,kniesma01,Matthew Knies,0
202310280NSH,NSH,lageswi01,William Lagesson,0
202310280NSH,NSH,liljeti01,Timothy Liljegren,0
202310280NSH,NSH,marnemi01,Mitch Marner,0
202310280NSH,NSH,matthau01,Auston Matthews,0
202310280NSH,NSH,nylanwi01,William Nylander,1
202310280NSH,NSH,reavery01,Ryan Reaves,0
202310280NSH,NSH,riellmo01,Morgan Rielly,0
202310280NSH,NSH,tavarjo01,John Tavares,0
202310280NSH,NSH,samsoil01,Ilya Samsonov,0
202310280NSH,TOR,barrity01,Tyson Barrie,0
202310280NSH,TOR,carrial01,Alexandre Carrier,0
202310280NSH,TOR,evanglu01,Luke Evangelista,0
202310280NSH,TOR,fabbrda01,Dante Fabbro,0
202310280NSH,TOR,forsbfi01,Filip Forsberg,0
202310280NSH,TOR,foudyli01,Liam Foudy,0
202310280NSH,TOR,josiro01,Roman Josi,1
202310280NSH,TOR,lauzoje01,Jeremy Lauzon,0
202310280NSH,TOR,mcdonry01,Ryan McDonagh,0
202310280NSH,TOR,novakth01,Thomas Novak,0
202310280NSH,TOR,nyquigu01,Gustav Nyquist,0
202310280NSH,TOR,oreilry01,Ryan O'Reilly,1
202310280NSH,TOR,parssju01,Juuso PÃ¤rssinen,0
202310280NSH,TOR,sherwki01,Kiefer Sherwood,0
202310280NSH,TOR,sissoco01,Colton Sissons,0
202310280NSH,TOR,smithco02,Cole Smith,0
202310280NSH,TOR,tomasph01,Philip Tomasino,0
202310280NSH,TOR,treniya01,Yakov Trenin,0
202310280NSH,TOR,sarosju01,Juuse Saros,0
