game_id,opponent,player_id,player_name,scored
202312110BUF,BUF,bjugsni01,Nick Bjugstad,0
202312110BUF,BUF,brownjo01,Josh Brown,0
202312110BUF,BUF,carcomi01,Michael Carcone,1
202312110BUF,BUF,coolelo01,Logan Cooley,0
202312110BUF,BUF,crousla01,Lawson Crouse,0
202312110BUF,BUF,dermotr01,Travis Dermott,0
202312110BUF,BUF,dumbama01,Mathew Dumba,0
202312110BUF,BUF,kelemmi01,MiloÅ¡ Kelemen,0
202312110BUF,BUF,kellecl01,Clayton Keller,0
202312110BUF,BUF,kerfoal01,Alexander Kerfoot,0
202312110BUF,BUF,kessemi01,Michael Kesselring,1
202312110BUF,BUF,maccema01,Matias Maccelli,0
202312110BUF,BUF,moserja01,J.J. Moser,0
202312110BUF,BUF,obrieli01,Liam O'Brien,0
202312110BUF,BUF,schmani01,Nick Schmaltz,0
202312110BUF,BUF,stechtr01,Troy Stecher,0
202312110BUF,BUF,valimju01,Juuso VÃ¤limÃ¤ki,0
202312110BUF,BUF,zuckeja01,Jason Zucker,0
202312110BUF,BUF,vejmeka01,Karel Vejmelka,0
202312110BUF,ARI,bensoza01,Zach Benson,0
202312110BUF,ARI,cliftco01,Connor Clifton,0
202312110BUF,ARI,cozendy01,Dylan Cozens,0
202312110BUF,ARI,dahlira01,Rasmus Dahlin,1
202312110BUF,ARI,johnser01,Erik Johnson,0
202312110BUF,ARI,johnsry03,Ryan Johnson,0
202312110BUF,ARI,jokihhe01,Henri Jokiharju,0
202312110BUF,ARI,jostty01,Tyson Jost,0
202312110BUF,ARI,krebspe01,Peyton Krebs,1
202312110BUF,ARI,mitteca01,Casey Mittelstadt,0
202312110BUF,ARI,murrabr02,Brett Murray,0
202312110BUF,ARI,okposky01,Kyle Okposo,1
202312110BUF,ARI,olofsvi01,Victor Olofsson,0
202312110BUF,ARI,peterjo01,John-Jason Peterka,1
202312110BUF,ARI,powerow01,Owen Power,0
202312110BUF,ARI,robiner01,Eric Robinson,1
202312110BUF,ARI,skinnje01,Jeff Skinner,0
202312110BUF,ARI,thompta01,Tage Thompson,0
202312110BUF,ARI,levide01,Devon Levi,0
