game_id,opponent,player_id,player_name,scored
202312080EDM,EDM,boldyma01,Matt Boldy,1
202312080EDM,EDM,brodijo01,Jonas Brodin,0
202312080EDM,EDM,dewarco01,Connor Dewar,1
202312080EDM,EDM,duhaibr01,Brandon Duhaime,0
202312080EDM,EDM,eriksjo02,Joel Eriksson Ek,1
202312080EDM,EDM,faberbr01,Brock Faber,0
202312080EDM,EDM,foligma01,Marcus Foligno,0
202312080EDM,EDM,gaudrfr01,FrÃ©dÃ©rick Gaudreau,0
202312080EDM,EDM,hartmry01,Ryan Hartman,0
202312080EDM,EDM,johanma03,Marcus Johansson,0
202312080EDM,EDM,kapriki01,Kirill Kaprizov,0
202312080EDM,EDM,maroopa01,Pat Maroon,0
202312080EDM,EDM,mermida01,Dakota Mermis,0
202312080EDM,EDM,merrijo01,Jonathon Merrill,0
202312080EDM,EDM,middlja01,Jacob Middleton,0
202312080EDM,EDM,rossima01,Marco Rossi,0
202312080EDM,EDM,spurgja01,Jared Spurgeon,0
202312080EDM,EDM,zuccama01,Mats Zuccarello,0
202312080EDM,EDM,fleurma01,Marc-AndrÃ© Fleury,0
202312080EDM,MIN,bouchev01,Evan Bouchard,1
202312080EDM,MIN,brownco02,Connor Brown,0
202312080EDM,MIN,cecico01,Cody Ceci,0
202312080EDM,MIN,deshavi01,Vincent Desharnais,0
202312080EDM,MIN,draisle01,Leon Draisaitl,1
202312080EDM,MIN,ekholma01,Mattias Ekholm,0
202312080EDM,MIN,foegewa01,Warren Foegele,0
202312080EDM,MIN,gagnesa01,Sam Gagner,0
202312080EDM,MIN,hamblja01,James Hamblin,0
202312080EDM,MIN,hymanza01,Zach Hyman,0
202312080EDM,MIN,janmama02,Mattias Janmark,0
202312080EDM,MIN,kaneev01,Evander Kane,0
202312080EDM,MIN,kulakbr01,Brett Kulak,0
202312080EDM,MIN,mcdavco01,Connor McDavid,1
202312080EDM,MIN,mcleory01,Ryan McLeod,0
202312080EDM,MIN,nugenry01,Ryan Nugent-Hopkins,0
202312080EDM,MIN,nurseda01,Darnell Nurse,0
202312080EDM,MIN,ryande01,Derek Ryan,0
202312080EDM,MIN,skinnst01,Stuart Skinner,0
