game_id,opponent,player_id,player_name,scored
202311110COL,COL,blaissa01,Sammy Blais,0
202311110COL,COL,buchnpa01,Pavel Buchnevich,1
202311110COL,COL,faulkju01,Justin Faulk,0
202311110COL,COL,hayeske01,Kevin Hayes,0
202311110COL,COL,kapanka01,Kasperi Kapanen,0
202311110COL,COL,krugto01,Torey Krug,1
202311110COL,COL,kyroujo01,Jordan Kyrou,0
202311110COL,COL,leddyni01,Nick Leddy,0
202311110COL,COL,neighja01,Jake Neighbours,0
202311110COL,COL,parayco01,Colton Parayko,0
202311110COL,COL,perunsc01,Scott Perunovich,0
202311110COL,COL,saadbr01,Brandon Saad,0
202311110COL,COL,scandma01,Marco Scandella,0
202311110COL,COL,schenbr01,Brayden Schenn,1
202311110COL,COL,sundqos01,Oskar Sundqvist,0
202311110COL,COL,thomaro01,Robert Thomas,0
202311110COL,COL,toropal01,Alexey Toropchenko,1
202311110COL,COL,vranaja01,Jakub VrÃ¡na,0
202311110COL,COL,binnijo01,Jordan Binnington,0
202311110COL,STL,byrambo01,Bowen Byram,0
202311110COL,STL,coltoro01,Ross Colton,0
202311110COL,STL,drouijo01,Jonathan Drouin,0
202311110COL,STL,girarsa01,Samuel Girard,0
202311110COL,STL,johanry01,Ryan Johansen,0
202311110COL,STL,johnsja02,Jack Johnson,1
202311110COL,STL,macdeku01,Kurtis MacDermid,0
202311110COL,STL,mackina01,Nathan MacKinnon,0
202311110COL,STL,makarca01,Cale Makar,0
202311110COL,STL,mansojo01,Josh Manson,0
202311110COL,STL,nichuva01,Valeri Nichushkin,0
202311110COL,STL,oconnlo01,Logan O'Connor,0
202311110COL,STL,olofsfr01,Fredrik Olofsson,0
202311110COL,STL,rantami01,Mikko Rantanen,1
202311110COL,STL,tatarto01,TomÃ¡Å¡ Tatar,0
202311110COL,STL,toewsde01,Devon Toews,0
202311110COL,STL,tufteri01,Riley Tufte,0
202311110COL,STL,woodmi01,Miles Wood,0
202311110COL,STL,georgal01,Alexandar Georgiev,0
202311110COL,STL,prosviv01,Ivan Prosvetov,0
