game_id,opponent,player_id,player_name,scored
202310190STL,STL,bjugsni01,Nick Bjugstad,1
202310190STL,STL,carcomi01,Michael Carcone,1
202310190STL,STL,coolelo01,Logan Cooley,0
202310190STL,STL,crousla01,Lawson Crouse,0
202310190STL,STL,dermotr01,Travis Dermott,0
202310190STL,STL,dumbama01,Mathew Dumba,0
202310190STL,STL,durzise01,Sean Durzi,1
202310190STL,STL,haytoba01,Barrett Hayton,0
202310190STL,STL,kellecl01,Clayton Keller,1
202310190STL,STL,kerfoal01,Alexander Kerfoot,0
202310190STL,STL,maccema01,Matias Maccelli,0
202310190STL,STL,mcbaija03,Jack McBain,0
202310190STL,STL,moserja01,J.J. Moser,0
202310190STL,STL,obrieli01,Liam O'Brien,0
202310190STL,STL,schmani01,Nick Schmaltz,1
202310190STL,STL,stechtr01,Troy Stecher,0
202310190STL,STL,valimju01,Juuso VÃ¤limÃ¤ki,0
202310190STL,STL,zuckeja01,Jason Zucker,1
202310190STL,STL,ingraco01,Connor Ingram,0
202310190STL,ARI,alexani01,Nikita Alexandrov,0
202310190STL,ARI,blaissa01,Sammy Blais,1
202310190STL,ARI,faulkju01,Justin Faulk,0
202310190STL,ARI,hayeske01,Kevin Hayes,0
202310190STL,ARI,kapanka01,Kasperi Kapanen,0
202310190STL,ARI,krugto01,Torey Krug,0
202310190STL,ARI,kyroujo01,Jordan Kyrou,0
202310190STL,ARI,leddyni01,Nick Leddy,0
202310190STL,ARI,neighja01,Jake Neighbours,0
202310190STL,ARI,parayco01,Colton Parayko,0
202310190STL,ARI,saadbr01,Brandon Saad,0
202310190STL,ARI,scandma01,Marco Scandella,0
202310190STL,ARI,schenbr01,Brayden Schenn,0
202310190STL,ARI,sundqos01,Oskar Sundqvist,0
202310190STL,ARI,thomaro01,Robert Thomas,0
202310190STL,ARI,toropal01,Alexey Toropchenko,0
202310190STL,ARI,tuckety01,Tyler Tucker,0
202310190STL,ARI,vranaja01,Jakub VrÃ¡na,1
202310190STL,ARI,hoferjo01,Joel Hofer,0
