game_id,opponent,player_id,player_name,scored
202310280PHI,PHI,carlsle01,Leo Carlsson,0
202310280PHI,PHI,carrisa01,Sam Carrick,0
202310280PHI,PHI,fowleca01,Cam Fowler,0
202310280PHI,PHI,gudasra01,Radko Gudas,0
202310280PHI,PHI,henriad01,Adam Henrique,1
202310280PHI,PHI,johnsro02,Ross Johnston,0
202310280PHI,PHI,jonesma03,Max Jones,0
202310280PHI,PHI,lacomja01,Jackson LaCombe,0
202310280PHI,PHI,leasobr01,Brett Leason,1
202310280PHI,PHI,lyubuil01,Ilya Lyubushkin,0
202310280PHI,PHI,mctavma01,Mason McTavish,0
202310280PHI,PHI,mintypa01,Pavel Mintyukov,0
202310280PHI,PHI,silfvja01,Jakob Silfverberg,0
202310280PHI,PHI,stromry01,Ryan Strome,1
202310280PHI,PHI,terrytr01,Troy Terry,0
202310280PHI,PHI,vaakaur01,Urho Vaakanainen,0
202310280PHI,PHI,vatrafr01,Frank Vatrano,1
202310280PHI,PHI,zegratr01,Trevor Zegras,1
202310280PHI,PHI,dostalu01,LukÃ¡Å¡ DostÃ¡l,0
202310280PHI,ANA,atkinca01,Cam Atkinson,1
202310280PHI,ANA,belpelo01,Louis Belpedio,0
202310280PHI,ANA,brinkbo01,Bobby Brink,0
202310280PHI,ANA,catesno01,Noah Cates,0
202310280PHI,ANA,coutuse01,Sean Couturier,0
202310280PHI,ANA,deslani01,Nicolas Deslauriers,0
202310280PHI,ANA,farabjo01,Joel Farabee,1
202310280PHI,ANA,foersty01,Tyson Foerster,0
202310280PHI,ANA,hathaga01,Garnet Hathaway,0
202310280PHI,ANA,konectr01,Travis Konecny,1
202310280PHI,ANA,laughsc01,Scott Laughton,0
202310280PHI,ANA,poehlry01,Ryan Poehling,0
202310280PHI,ANA,sanhetr01,Travis Sanheim,0
202310280PHI,ANA,seeleni01,Nick Seeler,0
202310280PHI,ANA,tippeow01,Owen Tippett,0
202310280PHI,ANA,walkese01,Sean Walker,0
202310280PHI,ANA,yorkca01,Cameron York,0
202310280PHI,ANA,zamulye01,Yegor Zamula,0
202310280PHI,ANA,erssosa01,Samuel Ersson,0
