game_id,opponent,player_id,player_name,scored
202311180TBL,TBL,bouchev01,Evan Bouchard,1
202311180TBL,TBL,brownco02,Connor Brown,0
202311180TBL,TBL,cecico01,Cody Ceci,0
202311180TBL,TBL,deshavi01,Vincent Desharnais,0
202311180TBL,TBL,draisle01,Leon Draisaitl,0
202311180TBL,TBL,ekholma01,Mattias Ekholm,0
202311180TBL,TBL,ernead01,Adam Erne,0
202311180TBL,TBL,foegewa01,Warren Foegele,0
202311180TBL,TBL,gagnesa01,Sam Gagner,0
202311180TBL,TBL,hamblja01,James Hamblin,1
202311180TBL,TBL,hymanza01,Zach Hyman,0
202311180TBL,TBL,kaneev01,Evander Kane,0
202311180TBL,TBL,kulakbr01,Brett Kulak,0
202311180TBL,TBL,mcdavco01,Connor McDavid,0
202311180TBL,TBL,mcleory01,Ryan McLeod,0
202311180TBL,TBL,nugenry01,Ryan Nugent-Hopkins,0
202311180TBL,TBL,nurseda01,Darnell Nurse,0
202311180TBL,TBL,ryande01,Derek Ryan,1
202311180TBL,TBL,skinnst01,Stuart Skinner,0
202311180TBL,EDM,barreal01,Alex BarrÃ©-Boulet,0
202311180TBL,EDM,cernaer01,Erik ÄernÃ¡k,0
202311180TBL,EDM,dehaaca01,Calvin de Haan,0
202311180TBL,EDM,eyssimi01,Michael Eyssimont,0
202311180TBL,EDM,glendlu01,Luke Glendening,1
202311180TBL,EDM,hagelbr01,Brandon Hagel,0
202311180TBL,EDM,hedmavi01,Victor Hedman,0
202311180TBL,EDM,jeannta01,Tanner Jeannot,1
202311180TBL,EDM,koepkco01,Cole Koepke,0
202311180TBL,EDM,kucheni01,Nikita Kucherov,1
202311180TBL,EDM,mottety01,Tyler Motte,0
202311180TBL,EDM,paulni01,Nick Paul,0
202311180TBL,EDM,perbini01,Nicklaus Perbix,0
202311180TBL,EDM,pointbr01,Brayden Point,0
202311180TBL,EDM,raddyda01,Darren Raddysh,0
202311180TBL,EDM,sergami01,Mikhail Sergachev,1
202311180TBL,EDM,stamkst01,Steven Stamkos,1
202311180TBL,EDM,watsoau01,Austin Watson,0
202311180TBL,EDM,johanjo03,Jonas Johansson,0
