game_id,opponent,player_id,player_name,scored
202311200NSH,NSH,byrambo01,Bowen Byram,0
202311200NSH,NSH,coglian01,Andrew Cogliano,1
202311200NSH,NSH,coltoro01,Ross Colton,0
202311200NSH,NSH,drouijo01,Jonathan Drouin,0
202311200NSH,NSH,johanry01,Ryan Johansen,0
202311200NSH,NSH,johnsja02,Jack Johnson,0
202311200NSH,NSH,jonesca01,Caleb Jones,0
202311200NSH,NSH,kivirjo01,Joel Kiviranta,0
202311200NSH,NSH,mackina01,Nathan MacKinnon,0
202311200NSH,NSH,makarca01,Cale Makar,0
202311200NSH,NSH,mansojo01,Josh Manson,0
202311200NSH,NSH,nichuva01,Valeri Nichushkin,1
202311200NSH,NSH,oconnlo01,Logan O'Connor,0
202311200NSH,NSH,olofsfr01,Fredrik Olofsson,0
202311200NSH,NSH,rantami01,Mikko Rantanen,0
202311200NSH,NSH,tatarto01,TomÃ¡Å¡ Tatar,0
202311200NSH,NSH,toewsde01,Devon Toews,1
202311200NSH,NSH,woodmi01,Miles Wood,0
202311200NSH,NSH,georgal01,Alexandar Georgiev,0
202311200NSH,COL,barrity01,Tyson Barrie,0
202311200NSH,COL,carrial01,Alexandre Carrier,0
202311200NSH,COL,fabbrda01,Dante Fabbro,0
202311200NSH,COL,forsbfi01,Filip Forsberg,1
202311200NSH,COL,foudyli01,Liam Foudy,0
202311200NSH,COL,glassco01,Cody Glass,0
202311200NSH,COL,josiro01,Roman Josi,0
202311200NSH,COL,lauzoje01,Jeremy Lauzon,1
202311200NSH,COL,mccarmi01,Michael McCarron,0
202311200NSH,COL,nyquigu01,Gustav Nyquist,0
202311200NSH,COL,oreilry01,Ryan O'Reilly,0
202311200NSH,COL,parssju01,Juuso PÃ¤rssinen,0
202311200NSH,COL,sherwki01,Kiefer Sherwood,0
202311200NSH,COL,sissoco01,Colton Sissons,0
202311200NSH,COL,smithco02,Cole Smith,0
202311200NSH,COL,stastsp01,Spencer Stastney,0
202311200NSH,COL,tomasph01,Philip Tomasino,0
202311200NSH,COL,treniya01,Yakov Trenin,1
202311200NSH,COL,sarosju01,Juuse Saros,0
