game_id,opponent,player_id,player_name,scored
202311250LAK,LAK,anderjo05,Josh Anderson,0
202311250LAK,LAK,barroju01,Justin Barron,0
202311250LAK,LAK,caufico01,Cole Caufield,0
202311250LAK,LAK,dvorach01,Christian Dvorak,0
202311250LAK,LAK,evansja02,Jake Evans,0
202311250LAK,LAK,gallabr01,Brendan Gallagher,0
202311250LAK,LAK,guhleka01,Kaiden Guhle,0
202311250LAK,LAK,kovacjo01,Johnathan Kovacevic,0
202311250LAK,LAK,lindsgu01,Gustav LindstrÃ¶m,0
202311250LAK,LAK,mathemi01,Mike Matheson,0
202311250LAK,LAK,monahse01,Sean Monahan,0
202311250LAK,LAK,newhoal01,Alex Newhook,0
202311250LAK,LAK,pearsta01,Tanner Pearson,0
202311250LAK,LAK,pezzemi01,Michael Pezzetta,0
202311250LAK,LAK,slafkju01,Juraj Slafkovsky,0
202311250LAK,LAK,strubja01,Jayden Struble,0
202311250LAK,LAK,suzukni01,Nick Suzuki,0
202311250LAK,LAK,yloneje01,Jesse YlÃ¶nen,0
202311250LAK,LAK,allenja01,Jake Allen,0
202311250LAK,MTL,andermi02,Michael Anderson,0
202311250LAK,MTL,anderja01,Jaret Anderson-Dolan,0
202311250LAK,MTL,byfiequ01,Quinton Byfield,0
202311250LAK,MTL,danauph01,Phillip Danault,0
202311250LAK,MTL,doughdr01,Drew Doughty,0
202311250LAK,MTL,duboipi01,Pierre-Luc Dubois,0
202311250LAK,MTL,engluan01,Andreas Englund,0
202311250LAK,MTL,fialake01,Kevin Fiala,0
202311250LAK,MTL,gavrivl01,Vladislav Gavrikov,0
202311250LAK,MTL,grundca01,Carl GrundstrÃ¶m,1
202311250LAK,MTL,kaliyar01,Arthur Kaliyev,0
202311250LAK,MTL,kempead01,Adrian Kempe,0
202311250LAK,MTL,kopitan01,AnÅ¾e Kopitar,0
202311250LAK,MTL,laferal01,Alex Laferriere,0
202311250LAK,MTL,lewistr01,Trevor Lewis,1
202311250LAK,MTL,mooretr01,Trevor Moore,1
202311250LAK,MTL,royma04,Matt Roy,0
202311250LAK,MTL,spencjo01,Jordan Spence,0
202311250LAK,MTL,copleph01,Pheonix Copley,0
