game_id,opponent,player_id,player_name,scored
202311240FLA,FLA,applema01,Mason Appleton,0
202311240FLA,FLA,barromo01,Morgan Barron,0
202311240FLA,FLA,connoky01,Kyle Connor,0
202311240FLA,FLA,demeldy01,Dylan DeMelo,0
202311240FLA,FLA,dillobr01,Brenden Dillon,0
202311240FLA,FLA,ehlerni01,Nikolaj Ehlers,1
202311240FLA,FLA,gustada01,David Gustafsson,0
202311240FLA,FLA,iafalal01,Alex Iafallo,0
202311240FLA,FLA,jonssax01,Axel Jonsson-FjÃ¤llby,0
202311240FLA,FLA,lowryad01,Adam Lowry,1
202311240FLA,FLA,morrijo04,Josh Morrissey,0
202311240FLA,FLA,namesvl01,Vladislav Namestnikov,0
202311240FLA,FLA,niedeni01,Nino Niederreiter,1
202311240FLA,FLA,perfeco01,Cole Perfetti,0
202311240FLA,FLA,pionkne01,Neal Pionk,0
202311240FLA,FLA,sambedy01,Dylan Samberg,0
202311240FLA,FLA,scheima01,Mark Scheifele,0
202311240FLA,FLA,schmina01,Nate Schmidt,0
202311240FLA,FLA,helleco01,Connor Hellebuyck,0
202311240FLA,WPG,balinuv01,Uvis Balinskis,0
202311240FLA,WPG,barkoal01,Aleksander Barkov,0
202311240FLA,WPG,bennesa01,Sam Bennett,0
202311240FLA,WPG,cousini01,Nick Cousins,0
202311240FLA,WPG,ekblaaa01,Aaron Ekblad,0
202311240FLA,WPG,ekmanol01,Oliver Ekman-Larsson,0
202311240FLA,WPG,forslgu02,Gustav Forsling,0
202311240FLA,WPG,gadjojo01,Jonah Gadjovich,0
202311240FLA,WPG,lombery01,Ryan Lomberg,0
202311240FLA,WPG,lundean01,Anton Lundell,0
202311240FLA,WPG,luostee01,Eetu Luostarinen,0
202311240FLA,WPG,mikkoni01,Niko Mikkola,0
202311240FLA,WPG,montobr01,Brandon Montour,0
202311240FLA,WPG,reinhsa01,Sam Reinhart,0
202311240FLA,WPG,rodriev01,Evan Rodrigues,0
202311240FLA,WPG,stenlke01,Kevin Stenlund,0
202311240FLA,WPG,tkachma01,Matthew Tkachuk,0
202311240FLA,WPG,verhaca01,Carter Verhaeghe,0
202311240FLA,WPG,bobrose01,Sergei Bobrovsky,0
