game_id,opponent,player_id,player_name,scored
202312090SEA,SEA,barreal01,Alex BarrÃ©-Boulet,0
202312090SEA,SEA,cernaer01,Erik ÄernÃ¡k,0
202312090SEA,SEA,cirelan01,Anthony Cirelli,1
202312090SEA,SEA,dehaaca01,Calvin de Haan,0
202312090SEA,SEA,eyssimi01,Michael Eyssimont,0
202312090SEA,SEA,fleurha01,Haydn Fleury,0
202312090SEA,SEA,glendlu01,Luke Glendening,0
202312090SEA,SEA,hagelbr01,Brandon Hagel,0
202312090SEA,SEA,hedmavi01,Victor Hedman,0
202312090SEA,SEA,jeannta01,Tanner Jeannot,0
202312090SEA,SEA,koepkco01,Cole Koepke,0
202312090SEA,SEA,kucheni01,Nikita Kucherov,1
202312090SEA,SEA,mottety01,Tyler Motte,0
202312090SEA,SEA,paulni01,Nick Paul,1
202312090SEA,SEA,perbini01,Nicklaus Perbix,0
202312090SEA,SEA,pointbr01,Brayden Point,0
202312090SEA,SEA,raddyda01,Darren Raddysh,0
202312090SEA,SEA,sergami01,Mikhail Sergachev,0
202312090SEA,SEA,vasilan02,Andrei Vasilevskiy,0
202312090SEA,TBL,bellepi01,Pierre-Ãdouard Bellemare,0
202312090SEA,TBL,beniema01,Matthew Beniers,0
202312090SEA,TBL,bjorkol01,Oliver Bjorkstrand,1
202312090SEA,TBL,borgewi01,William Borgen,0
202312090SEA,TBL,dunnvi02,Vince Dunn,0
202312090SEA,TBL,eberljo01,Jordan Eberle,0
202312090SEA,TBL,evansry01,Ryker Evans,0
202312090SEA,TBL,gourdya01,Yanni Gourde,0
202312090SEA,TBL,kartyty01,Tye Kartye,0
202312090SEA,TBL,larssad01,Adam Larsson,0
202312090SEA,TBL,mccanja01,Jared McCann,1
202312090SEA,TBL,oleksja01,Jamie Oleksiak,1
202312090SEA,TBL,schulju01,Justin Schultz,0
202312090SEA,TBL,shorede01,Devin Shore,0
202312090SEA,TBL,tanevbr01,Brandon Tanev,0
202312090SEA,TBL,tolvaee01,Eeli Tolvanen,0
202312090SEA,TBL,wennbal01,Alexander Wennberg,0
202312090SEA,TBL,yamamka01,Kailer Yamamoto,0
202312090SEA,TBL,daccojo01,Joey Daccord,0
202312090SEA,TBL,grubaph01,Philipp Grubauer,0
