game_id,opponent,player_id,player_name,scored
202310240NYI,NYI,byrambo01,Bowen Byram,1
202310240NYI,NYI,coglian01,Andrew Cogliano,0
202310240NYI,NYI,coltoro01,Ross Colton,1
202310240NYI,NYI,drouijo01,Jonathan Drouin,0
202310240NYI,NYI,girarsa01,Samuel Girard,0
202310240NYI,NYI,johanry01,Ryan Johansen,1
202310240NYI,NYI,johnsja02,Jack Johnson,0
202310240NYI,NYI,lehkoar01,Artturi Lehkonen,0
202310240NYI,NYI,mackina01,Nathan MacKinnon,1
202310240NYI,NYI,makarca01,Cale Makar,1
202310240NYI,NYI,mansojo01,Josh Manson,0
202310240NYI,NYI,nichuva01,Valeri Nichushkin,0
202310240NYI,NYI,oconnlo01,Logan O'Connor,0
202310240NYI,NYI,olofsfr01,Fredrik Olofsson,0
202310240NYI,NYI,rantami01,Mikko Rantanen,1
202310240NYI,NYI,tatarto01,TomÃ¡Å¡ Tatar,0
202310240NYI,NYI,toewsde01,Devon Toews,0
202310240NYI,NYI,woodmi01,Miles Wood,0
202310240NYI,NYI,georgal01,Alexandar Georgiev,0
202310240NYI,COL,ahose02,Sebastian Aho,0
202310240NYI,COL,barzama01,Mathew Barzal,0
202310240NYI,COL,boldusa01,Samuel Bolduc,0
202310240NYI,COL,cizikca01,Casey Cizikas,0
202310240NYI,COL,cluttca01,Cal Clutterbuck,1
202310240NYI,COL,dobsono01,Noah Dobson,0
202310240NYI,COL,engvapi01,Pierre Engvall,0
202310240NYI,COL,holmssi01,Simon HolmstrÃ¶m,1
202310240NYI,COL,horvabo01,Bo Horvat,0
202310240NYI,COL,leean01,Anders Lee,1
202310240NYI,COL,martima02,Matt Martin,0
202310240NYI,COL,nelsobr01,Brock Nelson,0
202310240NYI,COL,pageaje01,Jean-Gabriel Pageau,0
202310240NYI,COL,palmiky01,Kyle Palmieri,1
202310240NYI,COL,pelecad01,Adam Pelech,0
202310240NYI,COL,pulocry01,Ryan Pulock,0
202310240NYI,COL,romanal01,Alexander Romanov,0
202310240NYI,COL,wahlsol01,Oliver Wahlstrom,0
202310240NYI,COL,sorokil01,Ilya Sorokin,0
