game_id,opponent,player_id,player_name,scored
202312050BUF,BUF,chiarbe01,Ben Chiarot,0
202312050BUF,BUF,comphj.01,J.T. Compher,0
202312050BUF,BUF,coppan01,Andrew Copp,0
202312050BUF,BUF,debrial01,Alex DeBrincat,0
202312050BUF,BUF,fabbrro01,Robby Fabbri,1
202312050BUF,BUF,fischch01,Christian Fischer,0
202312050BUF,BUF,gostish01,Shayne Gostisbehere,0
202312050BUF,BUF,kostikl01,Klim Kostin,0
202312050BUF,BUF,larkidy01,Dylan Larkin,1
202312050BUF,BUF,maattol01,Olli MÃ¤Ã¤ttÃ¤,0
202312050BUF,BUF,perroda01,David Perron,0
202312050BUF,BUF,petryje01,Jeff Petry,0
202312050BUF,BUF,rasmumi01,Michael Rasmussen,1
202312050BUF,BUF,raymolu01,Lucas Raymond,0
202312050BUF,BUF,seidemo01,Moritz Seider,1
202312050BUF,BUF,spronda01,Daniel Sprong,0
202312050BUF,BUF,velenjo01,Joe Veleno,0
202312050BUF,BUF,walmaja01,Jake Walman,0
202312050BUF,BUF,lyonal01,Alex Lyon,0
202312050BUF,DET,bensoza01,Zach Benson,0
202312050BUF,DET,birobr01,Brandon Biro,0
202312050BUF,DET,cliftco01,Connor Clifton,0
202312050BUF,DET,cozendy01,Dylan Cozens,0
202312050BUF,DET,dahlira01,Rasmus Dahlin,1
202312050BUF,DET,johnser01,Erik Johnson,0
202312050BUF,DET,jokihhe01,Henri Jokiharju,0
202312050BUF,DET,jostty01,Tyson Jost,0
202312050BUF,DET,krebspe01,Peyton Krebs,0
202312050BUF,DET,mitteca01,Casey Mittelstadt,1
202312050BUF,DET,okposky01,Kyle Okposo,0
202312050BUF,DET,olofsvi01,Victor Olofsson,0
202312050BUF,DET,peterjo01,John-Jason Peterka,0
202312050BUF,DET,powerow01,Owen Power,0
202312050BUF,DET,rosenis01,Isak Rosen,0
202312050BUF,DET,samuema02,Mattias Samuelsson,0
202312050BUF,DET,skinnje01,Jeff Skinner,1
202312050BUF,DET,thompta01,Tage Thompson,0
202312050BUF,DET,comrier01,Eric Comrie,0
