game_id,opponent,player_id,player_name,scored
202312010NJD,NJD,addisca01,Calen Addison,0
202312010NJD,NJD,baileju01,Justin Bailey,0
202312010NJD,NJD,bennima01,Matt Benning,0
202312010NJD,NJD,burroky01,Kyle Burroughs,0
202312010NJD,NJD,carpery01,Ryan Carpenter,0
202312010NJD,NJD,duclaan01,Anthony Duclair,1
202312010NJD,NJD,eklunwi01,William Eklund,1
202312010NJD,NJD,emberty01,Ty Emberson,0
202312010NJD,NJD,ferrama01,Mario Ferraro,0
202312010NJD,NJD,granlmi01,Mikael Granlund,1
202312010NJD,NJD,hertlto01,TomÃ¡Å¡ Hertl,0
202312010NJD,NJD,hoffmmi02,Mike Hoffman,0
202312010NJD,NJD,labanke01,Kevin Labanc,0
202312010NJD,NJD,macdoja02,Jacob MacDonald,1
202312010NJD,NJD,okhotni01,Nikita Okhotyuk,0
202312010NJD,NJD,smithgi01,Givani Smith,0
202312010NJD,NJD,sturmni01,Nico Sturm,0
202312010NJD,NJD,zettefa01,Fabian Zetterlund,0
202312010NJD,NJD,kahkoka01,Kaapo KÃ¤hkÃ¶nen,0
202312010NJD,SJS,bahlke01,Kevin Bahl,0
202312010NJD,SJS,bastina01,Nathan Bastian,0
202312010NJD,SJS,brattje01,Jesper Bratt,0
202312010NJD,SJS,hischni01,Nico Hischier,0
202312010NJD,SJS,holtzal01,Alexander Holtz,0
202312010NJD,SJS,hugheja03,Jack Hughes,1
202312010NJD,SJS,hughelu01,Luke Hughes,0
202312010NJD,SJS,labersa01,Samuel Laberge,0
202312010NJD,SJS,lazarcu01,Curtis Lazar,0
202312010NJD,SJS,marinjo01,John Marino,0
202312010NJD,SJS,mcleomi01,Michael McLeod,0
202312010NJD,SJS,meierti01,Timo Meier,0
202312010NJD,SJS,merceda01,Dawson Mercer,1
202312010NJD,SJS,milleco02,Colin Miller,0
202312010NJD,SJS,nemecsi01,Simon Nemec,0
202312010NJD,SJS,palaton01,OndÅej PalÃ¡t,1
202312010NJD,SJS,siegejo01,Jonas Siegenthaler,0
202312010NJD,SJS,toffoty01,Tyler Toffoli,0
202312010NJD,SJS,schmiak01,Akira Schmid,0
