game_id,opponent,player_id,player_name,scored
202312190SJS,SJS,andermi02,Michael Anderson,0
202312190SJS,SJS,byfiequ01,Quinton Byfield,0
202312190SJS,SJS,danauph01,Phillip Danault,0
202312190SJS,SJS,doughdr01,Drew Doughty,0
202312190SJS,SJS,duboipi01,Pierre-Luc Dubois,0
202312190SJS,SJS,engluan01,Andreas Englund,0
202312190SJS,SJS,fialake01,Kevin Fiala,0
202312190SJS,SJS,grundca01,Carl GrundstrÃ¶m,0
202312190SJS,SJS,kaliyar01,Arthur Kaliyev,0
202312190SJS,SJS,kempead01,Adrian Kempe,0
202312190SJS,SJS,kopitan01,AnÅ¾e Kopitar,1
202312190SJS,SJS,laferal01,Alex Laferriere,1
202312190SJS,SJS,lewistr01,Trevor Lewis,1
202312190SJS,SJS,lizotbl01,Blake Lizotte,0
202312190SJS,SJS,mooretr01,Trevor Moore,1
202312190SJS,SJS,moverja01,Jacob Moverare,0
202312190SJS,SJS,royma04,Matt Roy,0
202312190SJS,SJS,spencjo01,Jordan Spence,0
202312190SJS,SJS,rittida01,David Rittich,0
202312190SJS,LAK,baileju01,Justin Bailey,0
202312190SJS,LAK,barabal01,Alexander Barabanov,0
202312190SJS,LAK,burroky01,Kyle Burroughs,0
202312190SJS,LAK,duclaan01,Anthony Duclair,0
202312190SJS,LAK,eklunwi01,William Eklund,0
202312190SJS,LAK,ferrama01,Mario Ferraro,0
202312190SJS,LAK,granlmi01,Mikael Granlund,0
202312190SJS,LAK,hertlto01,TomÃ¡Å¡ Hertl,0
202312190SJS,LAK,hoffmmi02,Mike Hoffman,0
202312190SJS,LAK,kuninlu01,Luke Kunin,0
202312190SJS,LAK,labanke01,Kevin Labanc,0
202312190SJS,LAK,macdoja02,Jacob MacDonald,1
202312190SJS,LAK,okhotni01,Nikita Okhotyuk,0
202312190SJS,LAK,studnja01,Jack Studnicka,0
202312190SJS,LAK,thrunhe01,Henry Thrun,0
202312190SJS,LAK,vlasima01,Marc-Ãdouard Vlasic,0
202312190SJS,LAK,zadinfi01,Filip Zadina,0
202312190SJS,LAK,zettefa01,Fabian Zetterlund,0
202312190SJS,LAK,kahkoka01,Kaapo KÃ¤hkÃ¶nen,0
