game_id,opponent,player_id,player_name,scored
202310280LAK,LAK,amadimi01,Michael Amadio,1
202310280LAK,LAK,barbaiv01,Ivan Barbashev,0
202310280LAK,LAK,carriwi01,William Carrier,1
202310280LAK,LAK,cottepa01,Paul Cotter,0
202310280LAK,LAK,dorofpa01,Pavel Dorofeyev,0
202310280LAK,LAK,eicheja01,Jack Eichel,0
202310280LAK,LAK,hagueni01,Nicolas Hague,0
202310280LAK,LAK,howdebr01,Brett Howden,0
202310280LAK,LAK,karlswi01,William Karlsson,0
202310280LAK,LAK,koleske01,Keegan Kolesar,0
202310280LAK,LAK,audymjo01,Jonathan Marchessault,0
202310280LAK,LAK,martial01,Alec Martinez,0
202310280LAK,LAK,mcnabbr01,Brayden McNabb,0
202310280LAK,LAK,pachabr01,Brayden Pachal,0
202310280LAK,LAK,pietral01,Alex Pietrangelo,0
202310280LAK,LAK,stephch02,Chandler Stephenson,0
202310280LAK,LAK,stonema01,Mark Stone,1
202310280LAK,LAK,theodsh01,Shea Theodore,0
202310280LAK,LAK,thomplo01,Logan Thompson,0
202310280LAK,VEG,andermi02,Michael Anderson,0
202310280LAK,VEG,byfiequ01,Quinton Byfield,0
202310280LAK,VEG,danauph01,Phillip Danault,0
202310280LAK,VEG,doughdr01,Drew Doughty,1
202310280LAK,VEG,duboipi01,Pierre-Luc Dubois,0
202310280LAK,VEG,engluan01,Andreas Englund,0
202310280LAK,VEG,fialake01,Kevin Fiala,0
202310280LAK,VEG,gavrivl01,Vladislav Gavrikov,0
202310280LAK,VEG,grundca01,Carl GrundstrÃ¶m,0
202310280LAK,VEG,kaliyar01,Arthur Kaliyev,0
202310280LAK,VEG,kempead01,Adrian Kempe,0
202310280LAK,VEG,kopitan01,AnÅ¾e Kopitar,0
202310280LAK,VEG,laferal01,Alex Laferriere,1
202310280LAK,VEG,lewistr01,Trevor Lewis,1
202310280LAK,VEG,lizotbl01,Blake Lizotte,0
202310280LAK,VEG,mooretr01,Trevor Moore,0
202310280LAK,VEG,royma04,Matt Roy,0
202310280LAK,VEG,spencjo01,Jordan Spence,0
202310280LAK,VEG,talboca01,Cam Talbot,0
