game_id,opponent,player_id,player_name,scored
202311010PHI,PHI,birobr01,Brandon Biro,1
202311010PHI,PHI,brysoja01,Jacob Bryson,0
202311010PHI,PHI,cozendy01,Dylan Cozens,0
202311010PHI,PHI,dahlira01,Rasmus Dahlin,0
202311010PHI,PHI,girgeze01,Zemgus Girgensons,0
202311010PHI,PHI,greenjo02,Jordan Greenway,0
202311010PHI,PHI,johnser01,Erik Johnson,0
202311010PHI,PHI,jokihhe01,Henri Jokiharju,0
202311010PHI,PHI,jostty01,Tyson Jost,0
202311010PHI,PHI,krebspe01,Peyton Krebs,0
202311010PHI,PHI,mitteca01,Casey Mittelstadt,1
202311010PHI,PHI,okposky01,Kyle Okposo,0
202311010PHI,PHI,peterjo01,John-Jason Peterka,0
202311010PHI,PHI,powerow01,Owen Power,1
202311010PHI,PHI,samuema02,Mattias Samuelsson,0
202311010PHI,PHI,skinnje01,Jeff Skinner,0
202311010PHI,PHI,thompta01,Tage Thompson,1
202311010PHI,PHI,tuchal01,Alex Tuch,0
202311010PHI,PHI,luukkuk01,Ukko-Pekka Luukkonen,0
202311010PHI,BUF,atkinca01,Cam Atkinson,1
202311010PHI,BUF,belpelo01,Louis Belpedio,0
202311010PHI,BUF,brinkbo01,Bobby Brink,0
202311010PHI,BUF,catesno01,Noah Cates,0
202311010PHI,BUF,coutuse01,Sean Couturier,0
202311010PHI,BUF,deslani01,Nicolas Deslauriers,0
202311010PHI,BUF,farabjo01,Joel Farabee,1
202311010PHI,BUF,foersty01,Tyson Foerster,0
202311010PHI,BUF,frostmo01,Morgan Frost,0
202311010PHI,BUF,hathaga01,Garnet Hathaway,0
202311010PHI,BUF,konectr01,Travis Konecny,0
202311010PHI,BUF,laughsc01,Scott Laughton,0
202311010PHI,BUF,sanhetr01,Travis Sanheim,0
202311010PHI,BUF,seeleni01,Nick Seeler,0
202311010PHI,BUF,tippeow01,Owen Tippett,0
202311010PHI,BUF,walkese01,Sean Walker,0
202311010PHI,BUF,yorkca01,Cameron York,0
202311010PHI,BUF,zamulye01,Yegor Zamula,0
202311010PHI,BUF,erssosa01,Samuel Ersson,0
202311010PHI,BUF,hartca01,Carter Hart,0
