game_id,opponent,player_id,player_name,scored
202310280FLA,FLA,bellepi01,Pierre-Ãdouard Bellemare,0
202310280FLA,FLA,beniema01,Matthew Beniers,0
202310280FLA,FLA,bjorkol01,Oliver Bjorkstrand,0
202310280FLA,FLA,borgewi01,William Borgen,0
202310280FLA,FLA,dumoubr01,Brian Dumoulin,0
202310280FLA,FLA,dunnvi02,Vince Dunn,0
202310280FLA,FLA,eberljo01,Jordan Eberle,0
202310280FLA,FLA,gourdya01,Yanni Gourde,0
202310280FLA,FLA,kartyty01,Tye Kartye,0
202310280FLA,FLA,larssad01,Adam Larsson,0
202310280FLA,FLA,mccanja01,Jared McCann,1
202310280FLA,FLA,oleksja01,Jamie Oleksiak,0
202310280FLA,FLA,schulju01,Justin Schultz,0
202310280FLA,FLA,schwaja01,Jaden Schwartz,0
202310280FLA,FLA,shorede01,Devin Shore,0
202310280FLA,FLA,tolvaee01,Eeli Tolvanen,1
202310280FLA,FLA,wennbal01,Alexander Wennberg,0
202310280FLA,FLA,yamamka01,Kailer Yamamoto,0
202310280FLA,FLA,daccojo01,Joey Daccord,0
202310280FLA,SEA,balinuv01,Uvis Balinskis,0
202310280FLA,SEA,barkoal01,Aleksander Barkov,0
202310280FLA,SEA,cousini01,Nick Cousins,1
202310280FLA,SEA,ekmanol01,Oliver Ekman-Larsson,0
202310280FLA,SEA,forslgu02,Gustav Forsling,1
202310280FLA,SEA,kulikdm01,Dmitry Kulikov,0
202310280FLA,SEA,lockwwi01,William Lockwood,0
202310280FLA,SEA,lombery01,Ryan Lomberg,0
202310280FLA,SEA,lorenst01,Steven Lorentz,0
202310280FLA,SEA,lundean01,Anton Lundell,0
202310280FLA,SEA,luostee01,Eetu Luostarinen,0
202310280FLA,SEA,mahurjo01,Josh Mahura,0
202310280FLA,SEA,mikkoni01,Niko Mikkola,0
202310280FLA,SEA,reinhsa01,Sam Reinhart,0
202310280FLA,SEA,rodriev01,Evan Rodrigues,0
202310280FLA,SEA,stenlke01,Kevin Stenlund,0
202310280FLA,SEA,tkachma01,Matthew Tkachuk,1
202310280FLA,SEA,verhaca01,Carter Verhaeghe,0
202310280FLA,SEA,bobrose01,Sergei Bobrovsky,0
