game_id,opponent,player_id,player_name,scored
202311300PHI,PHI,bahlke01,Kevin Bahl,0
202311300PHI,PHI,bastina01,Nathan Bastian,0
202311300PHI,PHI,brattje01,Jesper Bratt,0
202311300PHI,PHI,hischni01,Nico Hischier,0
202311300PHI,PHI,holtzal01,Alexander Holtz,1
202311300PHI,PHI,hugheja03,Jack Hughes,1
202311300PHI,PHI,hughelu01,Luke Hughes,1
202311300PHI,PHI,labersa01,Samuel Laberge,0
202311300PHI,PHI,lazarcu01,Curtis Lazar,0
202311300PHI,PHI,marinjo01,John Marino,0
202311300PHI,PHI,mcleomi01,Michael McLeod,0
202311300PHI,PHI,merceda01,Dawson Mercer,0
202311300PHI,PHI,milleco02,Colin Miller,0
202311300PHI,PHI,palaton01,OndÅej PalÃ¡t,0
202311300PHI,PHI,siegejo01,Jonas Siegenthaler,0
202311300PHI,PHI,smithbr05,Brendan Smith,0
202311300PHI,PHI,tiernch01,Chris Tierney,0
202311300PHI,PHI,toffoty01,Tyler Toffoli,1
202311300PHI,PHI,schmiak01,Akira Schmid,0
202311300PHI,NJD,atkinca01,Cam Atkinson,0
202311300PHI,NJD,brinkbo01,Bobby Brink,0
202311300PHI,NJD,coutuse01,Sean Couturier,0
202311300PHI,NJD,deslani01,Nicolas Deslauriers,0
202311300PHI,NJD,farabjo01,Joel Farabee,0
202311300PHI,NJD,foersty01,Tyson Foerster,1
202311300PHI,NJD,frostmo01,Morgan Frost,1
202311300PHI,NJD,hathaga01,Garnet Hathaway,0
202311300PHI,NJD,konectr01,Travis Konecny,0
202311300PHI,NJD,laughsc01,Scott Laughton,0
202311300PHI,NJD,poehlry01,Ryan Poehling,0
202311300PHI,NJD,ristora01,Rasmus Ristolainen,0
202311300PHI,NJD,sanhetr01,Travis Sanheim,0
202311300PHI,NJD,seeleni01,Nick Seeler,0
202311300PHI,NJD,tippeow01,Owen Tippett,0
202311300PHI,NJD,walkese01,Sean Walker,0
202311300PHI,NJD,yorkca01,Cameron York,0
202311300PHI,NJD,zamulye01,Yegor Zamula,0
202311300PHI,NJD,hartca01,Carter Hart,0
