game_id,opponent,player_id,player_name,scored
202311220DAL,DAL,amadimi01,Michael Amadio,1
202311220DAL,DAL,barbaiv01,Ivan Barbashev,0
202311220DAL,DAL,carriwi01,William Carrier,0
202311220DAL,DAL,cottepa01,Paul Cotter,0
202311220DAL,DAL,eicheja01,Jack Eichel,1
202311220DAL,DAL,hagueni01,Nicolas Hague,0
202311220DAL,DAL,howdebr01,Brett Howden,0
202311220DAL,DAL,huttobe01,Ben Hutton,0
202311220DAL,DAL,karlswi01,William Karlsson,0
202311220DAL,DAL,koleske01,Keegan Kolesar,0
202311220DAL,DAL,audymjo01,Jonathan Marchessault,0
202311220DAL,DAL,mcnabbr01,Brayden McNabb,0
202311220DAL,DAL,pietral01,Alex Pietrangelo,0
202311220DAL,DAL,royni01,Nicolas Roy,0
202311220DAL,DAL,stephch02,Chandler Stephenson,0
202311220DAL,DAL,stonema01,Mark Stone,0
202311220DAL,DAL,theodsh01,Shea Theodore,0
202311220DAL,DAL,whiteza01,Zach Whitecloud,0
202311220DAL,DAL,hillad01,Adin Hill,0
202311220DAL,VEG,bennja01,Jamie Benn,0
202311220DAL,VEG,dadonev01,Evgenii Dadonov,0
202311220DAL,VEG,dellaty01,Ty Dellandrea,0
202311220DAL,VEG,duchema01,Matt Duchene,0
202311220DAL,VEG,faksara01,Radek Faksa,0
202311220DAL,VEG,hakanja01,Jani HakanpÃ¤Ã¤,0
202311220DAL,VEG,harleth01,Thomas Harley,0
202311220DAL,VEG,heiskmi01,Miro Heiskanen,0
202311220DAL,VEG,hintzro01,Roope Hintz,1
202311220DAL,VEG,johnswy01,Wyatt Johnston,0
202311220DAL,VEG,lindees01,Esa Lindell,0
202311220DAL,VEG,lundkni01,Nils Lundkvist,0
202311220DAL,VEG,marchma01,Mason Marchment,0
202311220DAL,VEG,paveljo01,Joe Pavelski,0
202311220DAL,VEG,roberja01,Jason Robertson,0
202311220DAL,VEG,seguity01,Tyler Seguin,0
202311220DAL,VEG,steelsa01,Sam Steel,0
202311220DAL,VEG,suterry01,Ryan Suter,0
202311220DAL,VEG,oettija01,Jake Oettinger,0
