game_id,opponent,player_id,player_name,scored
202312090NYI,NYI,andermi02,Michael Anderson,0
202312090NYI,NYI,byfiequ01,Quinton Byfield,0
202312090NYI,NYI,danauph01,Phillip Danault,0
202312090NYI,NYI,doughdr01,Drew Doughty,0
202312090NYI,NYI,duboipi01,Pierre-Luc Dubois,0
202312090NYI,NYI,engluan01,Andreas Englund,0
202312090NYI,NYI,fialake01,Kevin Fiala,0
202312090NYI,NYI,gavrivl01,Vladislav Gavrikov,1
202312090NYI,NYI,grundca01,Carl GrundstrÃ¶m,0
202312090NYI,NYI,kaliyar01,Arthur Kaliyev,0
202312090NYI,NYI,kempead01,Adrian Kempe,1
202312090NYI,NYI,kopitan01,AnÅ¾e Kopitar,0
202312090NYI,NYI,laferal01,Alex Laferriere,0
202312090NYI,NYI,lewistr01,Trevor Lewis,0
202312090NYI,NYI,lizotbl01,Blake Lizotte,0
202312090NYI,NYI,mooretr01,Trevor Moore,0
202312090NYI,NYI,royma04,Matt Roy,0
202312090NYI,NYI,spencjo01,Jordan Spence,0
202312090NYI,NYI,talboca01,Cam Talbot,0
202312090NYI,LAK,barzama01,Mathew Barzal,0
202312090NYI,LAK,boldusa01,Samuel Bolduc,0
202312090NYI,LAK,borturo01,Robert Bortuzzo,0
202312090NYI,LAK,cizikca01,Casey Cizikas,0
202312090NYI,LAK,cluttca01,Cal Clutterbuck,0
202312090NYI,LAK,dobsono01,Noah Dobson,0
202312090NYI,LAK,engvapi01,Pierre Engvall,0
202312090NYI,LAK,faschhu01,Hudson Fasching,0
202312090NYI,LAK,gauthju01,Julien Gauthier,0
202312090NYI,LAK,holmssi01,Simon HolmstrÃ¶m,0
202312090NYI,LAK,horvabo01,Bo Horvat,0
202312090NYI,LAK,leean01,Anders Lee,1
202312090NYI,LAK,mayfisc01,Scott Mayfield,0
202312090NYI,LAK,nelsobr01,Brock Nelson,0
202312090NYI,LAK,pageaje01,Jean-Gabriel Pageau,1
202312090NYI,LAK,palmiky01,Kyle Palmieri,0
202312090NYI,LAK,reillmi01,Mike Reilly,0
202312090NYI,LAK,romanal01,Alexander Romanov,0
202312090NYI,LAK,sorokil01,Ilya Sorokin,0
