game_id,opponent,player_id,player_name,scored
202310210FLA,FLA,beauvan01,Anthony Beauvillier,0
202310210FLA,FLA,boesebr01,Brock Boeser,1
202310210FLA,FLA,coleia01,Ian Cole,0
202310210FLA,FLA,digiuph01,Phillip Di Giuseppe,0
202310210FLA,FLA,friedma01,Mark Friedman,0
202310210FLA,FLA,garlaco01,Conor Garland,0
202310210FLA,FLA,hronefi01,Filip Hronek,0
202310210FLA,FLA,hughequ01,Quinn Hughes,1
202310210FLA,FLA,joshuda01,Dakota Joshua,0
202310210FLA,FLA,kuzmean01,Andrei Kuzmenko,1
202310210FLA,FLA,laffesa01,Sam Lafferty,0
202310210FLA,FLA,mikheil01,Ilya Mikheyev,0
202310210FLA,FLA,millejt01,J.T. Miller,0
202310210FLA,FLA,myersty01,Tyler Myers,0
202310210FLA,FLA,petteel01,Elias Pettersson,1
202310210FLA,FLA,soucyca01,Carson Soucy,1
202310210FLA,FLA,studnja01,Jack Studnicka,0
202310210FLA,FLA,suterpi01,Pius Suter,0
202310210FLA,FLA,desmica01,Casey DeSmith,0
202310210FLA,VAN,balinuv01,Uvis Balinskis,0
202310210FLA,VAN,barkoal01,Aleksander Barkov,1
202310210FLA,VAN,cousini01,Nick Cousins,0
202310210FLA,VAN,ekmanol01,Oliver Ekman-Larsson,0
202310210FLA,VAN,forslgu02,Gustav Forsling,0
202310210FLA,VAN,kulikdm01,Dmitry Kulikov,0
202310210FLA,VAN,lombery01,Ryan Lomberg,0
202310210FLA,VAN,lorenst01,Steven Lorentz,0
202310210FLA,VAN,lundean01,Anton Lundell,0
202310210FLA,VAN,luostee01,Eetu Luostarinen,0
202310210FLA,VAN,mahurjo01,Josh Mahura,0
202310210FLA,VAN,mikkoni01,Niko Mikkola,0
202310210FLA,VAN,reinhsa01,Sam Reinhart,1
202310210FLA,VAN,rodriev01,Evan Rodrigues,0
202310210FLA,VAN,sourdju01,Justin Sourdif,0
202310210FLA,VAN,stenlke01,Kevin Stenlund,0
202310210FLA,VAN,tkachma01,Matthew Tkachuk,0
202310210FLA,VAN,verhaca01,Carter Verhaeghe,0
202310210FLA,VAN,bobrose01,Sergei Bobrovsky,0
