game_id,opponent,player_id,player_name,scored
202310240CHI,CHI,beechjo01,John Beecher,0
202310240CHI,CHI,brownpa02,Patrick Brown,0
202310240CHI,CHI,carlobr01,Brandon Carlo,0
202310240CHI,CHI,coylech01,Charlie Coyle,0
202310240CHI,CHI,debruja01,Jake DeBrusk,0
202310240CHI,CHI,forbode01,Derek Forbort,0
202310240CHI,CHI,fredetr01,Trent Frederic,1
202310240CHI,CHI,geekimo01,Morgan Geekie,0
202310240CHI,CHI,grzelma01,Matt Grzelcyk,0
202310240CHI,CHI,laukoja01,Jakub Lauko,0
202310240CHI,CHI,lindhha01,Hampus Lindholm,0
202310240CHI,CHI,marchbr03,Brad Marchand,0
202310240CHI,CHI,mcavoch01,Charlie McAvoy,0
202310240CHI,CHI,pastrda01,David PastrÅÃ¡k,0
202310240CHI,CHI,poitrma01,Matthew Poitras,1
202310240CHI,CHI,shattke01,Kevin Shattenkirk,0
202310240CHI,CHI,vanrija01,James van Riemsdyk,0
202310240CHI,CHI,zachapa01,Pavel Zacha,1
202310240CHI,CHI,swaymje01,Jeremy Swayman,0
202310240CHI,BOS,athanan01,Andreas Athanasiou,0
202310240CHI,BOS,bedarco01,Connor Bedard,0
202310240CHI,BOS,dickija01,Jason Dickinson,0
202310240CHI,BOS,donatry01,Ryan Donato,0
202310240CHI,BOS,foligni01,Nick Foligno,0
202310240CHI,BOS,johnsre01,Reese Johnson,0
202310240CHI,BOS,johnsty01,Tyler Johnson,0
202310240CHI,BOS,jonesse01,Seth Jones,0
202310240CHI,BOS,kaisewy01,Wyatt Kaiser,0
202310240CHI,BOS,katchbo01,Boris Katchouk,0
202310240CHI,BOS,korchke01,Kevin Korchinski,0
202310240CHI,BOS,kurasph01,Philipp Kurashev,0
202310240CHI,BOS,murphco02,Connor Murphy,0
202310240CHI,BOS,perryco01,Corey Perry,0
202310240CHI,BOS,raddyta01,Taylor Raddysh,0
202310240CHI,BOS,reichlu01,Lukas Reichel,0
202310240CHI,BOS,tinorja01,Jarred Tinordi,0
202310240CHI,BOS,vlasial01,Alex Vlasic,0
202310240CHI,BOS,mrazepe01,Petr MrÃ¡zek,0
