game_id,opponent,player_id,player_name,scored
202310120NJD,NJD,chiarbe01,Ben Chiarot,0
202310120NJD,NJD,comphj.01,J.T. Compher,0
202310120NJD,NJD,coppan01,Andrew Copp,0
202310120NJD,NJD,debrial01,Alex DeBrincat,1
202310120NJD,NJD,fabbrro01,Robby Fabbri,1
202310120NJD,NJD,fischch01,Christian Fischer,0
202310120NJD,NJD,gostish01,Shayne Gostisbehere,0
202310120NJD,NJD,hollju01,Justin Holl,0
202310120NJD,NJD,kostikl01,Klim Kostin,0
202310120NJD,NJD,larkidy01,Dylan Larkin,0
202310120NJD,NJD,perroda01,David Perron,0
202310120NJD,NJD,petryje01,Jeff Petry,0
202310120NJD,NJD,rasmumi01,Michael Rasmussen,0
202310120NJD,NJD,raymolu01,Lucas Raymond,0
202310120NJD,NJD,seidemo01,Moritz Seider,0
202310120NJD,NJD,spronda01,Daniel Sprong,1
202310120NJD,NJD,velenjo01,Joe Veleno,0
202310120NJD,NJD,walmaja01,Jake Walman,0
202310120NJD,NJD,hussovi01,Ville Husso,0
202310120NJD,DET,bahlke01,Kevin Bahl,0
202310120NJD,DET,brattje01,Jesper Bratt,0
202310120NJD,DET,hamildo01,Dougie Hamilton,1
202310120NJD,DET,haulaer01,Erik Haula,1
202310120NJD,DET,hischni01,Nico Hischier,0
202310120NJD,DET,holtzal01,Alexander Holtz,0
202310120NJD,DET,hugheja03,Jack Hughes,1
202310120NJD,DET,hughelu01,Luke Hughes,0
202310120NJD,DET,lazarcu01,Curtis Lazar,0
202310120NJD,DET,marinjo01,John Marino,0
202310120NJD,DET,mcleomi01,Michael McLeod,0
202310120NJD,DET,meierti01,Timo Meier,0
202310120NJD,DET,merceda01,Dawson Mercer,0
202310120NJD,DET,nosekto01,TomÃ¡Å¡ Nosek,0
202310120NJD,DET,palaton01,OndÅej PalÃ¡t,0
202310120NJD,DET,siegejo01,Jonas Siegenthaler,0
202310120NJD,DET,smithbr05,Brendan Smith,0
202310120NJD,DET,toffoty01,Tyler Toffoli,0
202310120NJD,DET,vanecvi01,VÃ­tek VanÄÄek,0
