game_id,opponent,player_id,player_name,scored
202311260EDM,EDM,carrisa01,Sam Carrick,0
202311260EDM,EDM,fowleca01,Cam Fowler,0
202311260EDM,EDM,groulbe01,Benoit-Olivier Groulx,0
202311260EDM,EDM,gudasra01,Radko Gudas,0
202311260EDM,EDM,henriad01,Adam Henrique,0
202311260EDM,EDM,jonesma03,Max Jones,1
202311260EDM,EDM,killoal01,Alex Killorn,0
202311260EDM,EDM,lacomja01,Jackson LaCombe,0
202311260EDM,EDM,leasobr01,Brett Leason,0
202311260EDM,EDM,lyubuil01,Ilya Lyubushkin,0
202311260EDM,EDM,mcginbr01,Brock McGinn,0
202311260EDM,EDM,mctavma01,Mason McTavish,0
202311260EDM,EDM,mintypa01,Pavel Mintyukov,0
202311260EDM,EDM,silfvja01,Jakob Silfverberg,0
202311260EDM,EDM,stromry01,Ryan Strome,0
202311260EDM,EDM,terrytr01,Troy Terry,0
202311260EDM,EDM,vaakaur01,Urho Vaakanainen,0
202311260EDM,EDM,vatrafr01,Frank Vatrano,0
202311260EDM,EDM,dostalu01,LukÃ¡Å¡ DostÃ¡l,0
202311260EDM,EDM,gibsojo02,John Gibson,0
202311260EDM,ANA,bouchev01,Evan Bouchard,0
202311260EDM,ANA,brownco02,Connor Brown,0
202311260EDM,ANA,cecico01,Cody Ceci,0
202311260EDM,ANA,deshavi01,Vincent Desharnais,0
202311260EDM,ANA,draisle01,Leon Draisaitl,1
202311260EDM,ANA,ekholma01,Mattias Ekholm,1
202311260EDM,ANA,ernead01,Adam Erne,0
202311260EDM,ANA,foegewa01,Warren Foegele,0
202311260EDM,ANA,hamblja01,James Hamblin,1
202311260EDM,ANA,hymanza01,Zach Hyman,1
202311260EDM,ANA,janmama02,Mattias Janmark,0
202311260EDM,ANA,kaneev01,Evander Kane,1
202311260EDM,ANA,kulakbr01,Brett Kulak,0
202311260EDM,ANA,mcdavco01,Connor McDavid,1
202311260EDM,ANA,mcleory01,Ryan McLeod,0
202311260EDM,ANA,nugenry01,Ryan Nugent-Hopkins,1
202311260EDM,ANA,nurseda01,Darnell Nurse,0
202311260EDM,ANA,ryande01,Derek Ryan,0
202311260EDM,ANA,skinnst01,Stuart Skinner,0
