game_id,opponent,player_id,player_name,scored
202310120NSH,NSH,bellepi01,Pierre-Ãdouard Bellemare,0
202310120NSH,NSH,beniema01,Matthew Beniers,0
202310120NSH,NSH,bjorkol01,Oliver Bjorkstrand,0
202310120NSH,NSH,borgewi01,William Borgen,0
202310120NSH,NSH,burakan01,AndrÃ© Burakovsky,0
202310120NSH,NSH,dumoubr01,Brian Dumoulin,0
202310120NSH,NSH,dunnvi02,Vince Dunn,0
202310120NSH,NSH,eberljo01,Jordan Eberle,0
202310120NSH,NSH,gourdya01,Yanni Gourde,0
202310120NSH,NSH,kartyty01,Tye Kartye,0
202310120NSH,NSH,larssad01,Adam Larsson,0
202310120NSH,NSH,mccanja01,Jared McCann,0
202310120NSH,NSH,oleksja01,Jamie Oleksiak,0
202310120NSH,NSH,schulju01,Justin Schultz,0
202310120NSH,NSH,schwaja01,Jaden Schwartz,0
202310120NSH,NSH,tolvaee01,Eeli Tolvanen,0
202310120NSH,NSH,wennbal01,Alexander Wennberg,0
202310120NSH,NSH,yamamka01,Kailer Yamamoto,0
202310120NSH,NSH,grubaph01,Philipp Grubauer,0
202310120NSH,SEA,barrity01,Tyson Barrie,0
202310120NSH,SEA,carrial01,Alexandre Carrier,0
202310120NSH,SEA,evanglu01,Luke Evangelista,0
202310120NSH,SEA,fabbrda01,Dante Fabbro,0
202310120NSH,SEA,forsbfi01,Filip Forsberg,0
202310120NSH,SEA,glassco01,Cody Glass,0
202310120NSH,SEA,josiro01,Roman Josi,0
202310120NSH,SEA,lauzoje01,Jeremy Lauzon,0
202310120NSH,SEA,mcdonry01,Ryan McDonagh,0
202310120NSH,SEA,novakth01,Thomas Novak,0
202310120NSH,SEA,nyquigu01,Gustav Nyquist,1
202310120NSH,SEA,oreilry01,Ryan O'Reilly,0
202310120NSH,SEA,parssju01,Juuso PÃ¤rssinen,1
202310120NSH,SEA,sherwki01,Kiefer Sherwood,0
202310120NSH,SEA,sissoco01,Colton Sissons,1
202310120NSH,SEA,smithco02,Cole Smith,0
202310120NSH,SEA,tomasph01,Philip Tomasino,0
202310120NSH,SEA,treniya01,Yakov Trenin,0
202310120NSH,SEA,sarosju01,Juuse Saros,0
