game_id,opponent,player_id,player_name,scored
202311080WSH,WSH,barkoal01,Aleksander Barkov,1
202311080WSH,WSH,cousini01,Nick Cousins,0
202311080WSH,WSH,ekmanol01,Oliver Ekman-Larsson,1
202311080WSH,WSH,forslgu02,Gustav Forsling,0
202311080WSH,WSH,kulikdm01,Dmitry Kulikov,0
202311080WSH,WSH,lockwwi01,William Lockwood,0
202311080WSH,WSH,lombery01,Ryan Lomberg,0
202311080WSH,WSH,lorenst01,Steven Lorentz,0
202311080WSH,WSH,lundean01,Anton Lundell,0
202311080WSH,WSH,luostee01,Eetu Luostarinen,0
202311080WSH,WSH,mahurjo01,Josh Mahura,0
202311080WSH,WSH,mikkoni01,Niko Mikkola,0
202311080WSH,WSH,reillmi01,Mike Reilly,0
202311080WSH,WSH,reinhsa01,Sam Reinhart,1
202311080WSH,WSH,rodriev01,Evan Rodrigues,1
202311080WSH,WSH,stenlke01,Kevin Stenlund,0
202311080WSH,WSH,tkachma01,Matthew Tkachuk,0
202311080WSH,WSH,verhaca01,Carter Verhaeghe,0
202311080WSH,WSH,bobrose01,Sergei Bobrovsky,0
202311080WSH,FLA,alexeal01,Alexander Alexeyev,0
202311080WSH,FLA,carlsjo01,John Carlson,0
202311080WSH,FLA,feherma01,Martin FehÃ©rvÃ¡ry,0
202311080WSH,FLA,hamanha01,Hardy Haman Aktell,0
202311080WSH,FLA,jenseni02,Nick Jensen,0
202311080WSH,FLA,kuzneev01,Evgeny Kuznetsov,0
202311080WSH,FLA,lapiehe01,Hendrix Lapierre,0
202311080WSH,FLA,malenbe01,Beck Malenstyn,0
202311080WSH,FLA,manthan01,Anthony Mantha,1
202311080WSH,FLA,mcmicco01,Connor McMichael,1
202311080WSH,FLA,milanso01,Sonny Milano,0
202311080WSH,FLA,oshietj01,T.J. Oshie,0
202311080WSH,FLA,ovechal01,Alex Ovechkin,0
202311080WSH,FLA,phillma01,Matthew Phillips,0
202311080WSH,FLA,protaal01,Aliaksei Protas,0
202311080WSH,FLA,sandira01,Rasmus Sandin,0
202311080WSH,FLA,stromdy01,Dylan Strome,0
202311080WSH,FLA,wilsoto01,Tom Wilson,0
202311080WSH,FLA,kuempda01,Darcy Kuemper,0
