game_id,opponent,player_id,player_name,scored
202310300NYI,NYI,chiarbe01,Ben Chiarot,0
202310300NYI,NYI,comphj.01,J.T. Compher,1
202310300NYI,NYI,coppan01,Andrew Copp,0
202310300NYI,NYI,czarnau01,Austin Czarnik,0
202310300NYI,NYI,debrial01,Alex DeBrincat,0
202310300NYI,NYI,fischch01,Christian Fischer,0
202310300NYI,NYI,gostish01,Shayne Gostisbehere,0
202310300NYI,NYI,kostikl01,Klim Kostin,0
202310300NYI,NYI,larkidy01,Dylan Larkin,0
202310300NYI,NYI,maattol01,Olli MÃ¤Ã¤ttÃ¤,0
202310300NYI,NYI,perroda01,David Perron,0
202310300NYI,NYI,petryje01,Jeff Petry,0
202310300NYI,NYI,rasmumi01,Michael Rasmussen,0
202310300NYI,NYI,raymolu01,Lucas Raymond,1
202310300NYI,NYI,seidemo01,Moritz Seider,0
202310300NYI,NYI,spronda01,Daniel Sprong,1
202310300NYI,NYI,velenjo01,Joe Veleno,0
202310300NYI,NYI,walmaja01,Jake Walman,1
202310300NYI,NYI,hussovi01,Ville Husso,0
202310300NYI,DET,ahose02,Sebastian Aho,0
202310300NYI,DET,barzama01,Mathew Barzal,0
202310300NYI,DET,boldusa01,Samuel Bolduc,0
202310300NYI,DET,cizikca01,Casey Cizikas,1
202310300NYI,DET,cluttca01,Cal Clutterbuck,0
202310300NYI,DET,dobsono01,Noah Dobson,0
202310300NYI,DET,engvapi01,Pierre Engvall,0
202310300NYI,DET,holmssi01,Simon HolmstrÃ¶m,0
202310300NYI,DET,horvabo01,Bo Horvat,1
202310300NYI,DET,leean01,Anders Lee,0
202310300NYI,DET,martima02,Matt Martin,0
202310300NYI,DET,nelsobr01,Brock Nelson,1
202310300NYI,DET,pageaje01,Jean-Gabriel Pageau,0
202310300NYI,DET,palmiky01,Kyle Palmieri,0
202310300NYI,DET,pelecad01,Adam Pelech,0
202310300NYI,DET,pulocry01,Ryan Pulock,0
202310300NYI,DET,romanal01,Alexander Romanov,0
202310300NYI,DET,wahlsol01,Oliver Wahlstrom,0
202310300NYI,DET,sorokil01,Ilya Sorokin,0
