game_id,opponent,player_id,player_name,scored
202312140MIN,MIN,anderra01,Rasmus Andersson,0
202312140MIN,MIN,backlmi01,Mikael Backlund,0
202312140MIN,MIN,colembl01,Blake Coleman,1
202312140MIN,MIN,desimni01,Nick DeSimone,0
202312140MIN,MIN,dubedi01,Dillon DubÃ©,0
202312140MIN,MIN,gilbede01,Dennis Gilbert,0
202312140MIN,MIN,greeraj01,A.J. Greer,0
202312140MIN,MIN,hanifno01,Noah Hanifin,0
202312140MIN,MIN,huberjo01,Jonathan Huberdeau,0
202312140MIN,MIN,kadrina01,Nazem Kadri,0
202312140MIN,MIN,lindhel01,Elias Lindholm,0
202312140MIN,MIN,mangian01,Andrew Mangiapane,0
202312140MIN,MIN,oestejo01,Jordan Oesterle,0
202312140MIN,MIN,pospima01,Martin Pospisil,0
202312140MIN,MIN,ruzicad01,Adam RuÅ¾iÄka,0
202312140MIN,MIN,sharaye01,Yegor Sharangovich,1
202312140MIN,MIN,weegama01,MacKenzie Weegar,0
202312140MIN,MIN,zaryco01,Connor Zary,0
202312140MIN,MIN,vladada01,Daniel VladaÅ,0
202312140MIN,CGY,bogosza01,Zach Bogosian,0
202312140MIN,CGY,boldyma01,Matt Boldy,1
202312140MIN,CGY,dewarco01,Connor Dewar,0
202312140MIN,CGY,duhaibr01,Brandon Duhaime,0
202312140MIN,CGY,eriksjo02,Joel Eriksson Ek,0
202312140MIN,CGY,faberbr01,Brock Faber,0
202312140MIN,CGY,foligma01,Marcus Foligno,0
202312140MIN,CGY,gaudrfr01,FrÃ©dÃ©rick Gaudreau,0
202312140MIN,CGY,goligal01,Alex Goligoski,0
202312140MIN,CGY,hartmry01,Ryan Hartman,0
202312140MIN,CGY,johanma03,Marcus Johansson,0
202312140MIN,CGY,kapriki01,Kirill Kaprizov,0
202312140MIN,CGY,maroopa01,Pat Maroon,0
202312140MIN,CGY,mermida01,Dakota Mermis,0
202312140MIN,CGY,merrijo01,Jonathon Merrill,0
202312140MIN,CGY,middlja01,Jacob Middleton,0
202312140MIN,CGY,rossima01,Marco Rossi,1
202312140MIN,CGY,zuccama01,Mats Zuccarello,0
202312140MIN,CGY,gustafi01,Filip Gustavsson,0
