game_id,opponent,player_id,player_name,scored
202310240DET,DET,bellepi01,Pierre-Ãdouard Bellemare,0
202310240DET,DET,beniema01,Matthew Beniers,0
202310240DET,DET,bjorkol01,Oliver Bjorkstrand,0
202310240DET,DET,borgewi01,William Borgen,0
202310240DET,DET,dumoubr01,Brian Dumoulin,0
202310240DET,DET,dunnvi02,Vince Dunn,0
202310240DET,DET,eberljo01,Jordan Eberle,1
202310240DET,DET,gourdya01,Yanni Gourde,0
202310240DET,DET,kartyty01,Tye Kartye,1
202310240DET,DET,larssad01,Adam Larsson,0
202310240DET,DET,mccanja01,Jared McCann,1
202310240DET,DET,oleksja01,Jamie Oleksiak,0
202310240DET,DET,schulju01,Justin Schultz,0
202310240DET,DET,schwaja01,Jaden Schwartz,1
202310240DET,DET,shorede01,Devin Shore,0
202310240DET,DET,tolvaee01,Eeli Tolvanen,0
202310240DET,DET,wennbal01,Alexander Wennberg,0
202310240DET,DET,yamamka01,Kailer Yamamoto,0
202310240DET,DET,daccojo01,Joey Daccord,0
202310240DET,SEA,berggjo02,Jonatan Berggren,0
202310240DET,SEA,chiarbe01,Ben Chiarot,0
202310240DET,SEA,comphj.01,J.T. Compher,0
202310240DET,SEA,coppan01,Andrew Copp,0
202310240DET,SEA,czarnau01,Austin Czarnik,0
202310240DET,SEA,debrial01,Alex DeBrincat,1
202310240DET,SEA,fischch01,Christian Fischer,0
202310240DET,SEA,gostish01,Shayne Gostisbehere,1
202310240DET,SEA,hollju01,Justin Holl,0
202310240DET,SEA,larkidy01,Dylan Larkin,1
202310240DET,SEA,maattol01,Olli MÃ¤Ã¤ttÃ¤,0
202310240DET,SEA,perroda01,David Perron,0
202310240DET,SEA,rasmumi01,Michael Rasmussen,0
202310240DET,SEA,raymolu01,Lucas Raymond,0
202310240DET,SEA,seidemo01,Moritz Seider,0
202310240DET,SEA,spronda01,Daniel Sprong,0
202310240DET,SEA,velenjo01,Joe Veleno,1
202310240DET,SEA,walmaja01,Jake Walman,0
202310240DET,SEA,hussovi01,Ville Husso,0
