game_id,opponent,player_id,player_name,scored
202312050COL,COL,carlsle01,Leo Carlsson,1
202312050COL,COL,carrisa01,Sam Carrick,1
202312050COL,COL,fowleca01,Cam Fowler,0
202312050COL,COL,groulbe01,Benoit-Olivier Groulx,0
202312050COL,COL,gudasra01,Radko Gudas,0
202312050COL,COL,henriad01,Adam Henrique,0
202312050COL,COL,jonesma03,Max Jones,0
202312050COL,COL,killoal01,Alex Killorn,0
202312050COL,COL,lacomja01,Jackson LaCombe,0
202312050COL,COL,leasobr01,Brett Leason,0
202312050COL,COL,luneatr01,Tristan Luneau,0
202312050COL,COL,lyubuil01,Ilya Lyubushkin,0
202312050COL,COL,mcginbr01,Brock McGinn,0
202312050COL,COL,mintypa01,Pavel Mintyukov,0
202312050COL,COL,silfvja01,Jakob Silfverberg,0
202312050COL,COL,stromry01,Ryan Strome,0
202312050COL,COL,terrytr01,Troy Terry,0
202312050COL,COL,vatrafr01,Frank Vatrano,0
202312050COL,COL,gibsojo02,John Gibson,0
202312050COL,ANA,byrambo01,Bowen Byram,0
202312050COL,ANA,coltoro01,Ross Colton,0
202312050COL,ANA,drouijo01,Jonathan Drouin,0
202312050COL,ANA,johanry01,Ryan Johansen,0
202312050COL,ANA,johnsja02,Jack Johnson,0
202312050COL,ANA,jonesca01,Caleb Jones,0
202312050COL,ANA,kivirjo01,Joel Kiviranta,0
202312050COL,ANA,macdeku01,Kurtis MacDermid,1
202312050COL,ANA,mackina01,Nathan MacKinnon,1
202312050COL,ANA,malinsa01,Sam Malinski,0
202312050COL,ANA,mansojo01,Josh Manson,0
202312050COL,ANA,oconnlo01,Logan O'Connor,1
202312050COL,ANA,olausos01,Oskar Olausson,0
202312050COL,ANA,olofsfr01,Fredrik Olofsson,0
202312050COL,ANA,rantami01,Mikko Rantanen,0
202312050COL,ANA,tatarto01,TomÃ¡Å¡ Tatar,0
202312050COL,ANA,toewsde01,Devon Toews,0
202312050COL,ANA,woodmi01,Miles Wood,0
202312050COL,ANA,georgal01,Alexandar Georgiev,0
