game_id,opponent,player_id,player_name,scored
202312090BUF,BUF,anderjo05,Josh Anderson,0
202312090BUF,BUF,armiajo01,Joel Armia,0
202312090BUF,BUF,barroju01,Justin Barron,0
202312090BUF,BUF,caufico01,Cole Caufield,0
202312090BUF,BUF,dvorach01,Christian Dvorak,0
202312090BUF,BUF,evansja02,Jake Evans,0
202312090BUF,BUF,gallabr01,Brendan Gallagher,0
202312090BUF,BUF,guhleka01,Kaiden Guhle,0
202312090BUF,BUF,kovacjo01,Johnathan Kovacevic,0
202312090BUF,BUF,lindsgu01,Gustav LindstrÃ¶m,0
202312090BUF,BUF,mathemi01,Mike Matheson,0
202312090BUF,BUF,monahse01,Sean Monahan,0
202312090BUF,BUF,pearsta01,Tanner Pearson,0
202312090BUF,BUF,slafkju01,Juraj Slafkovsky,0
202312090BUF,BUF,stephmi01,Mitchell Stephens,0
202312090BUF,BUF,strubja01,Jayden Struble,1
202312090BUF,BUF,suzukni01,Nick Suzuki,1
202312090BUF,BUF,yloneje01,Jesse YlÃ¶nen,0
202312090BUF,BUF,primeca01,Cayden Primeau,0
202312090BUF,MTL,bensoza01,Zach Benson,0
202312090BUF,MTL,cliftco01,Connor Clifton,0
202312090BUF,MTL,cozendy01,Dylan Cozens,0
202312090BUF,MTL,dahlira01,Rasmus Dahlin,0
202312090BUF,MTL,johnser01,Erik Johnson,0
202312090BUF,MTL,jokihhe01,Henri Jokiharju,0
202312090BUF,MTL,jostty01,Tyson Jost,0
202312090BUF,MTL,krebspe01,Peyton Krebs,0
202312090BUF,MTL,mitteca01,Casey Mittelstadt,0
202312090BUF,MTL,okposky01,Kyle Okposo,1
202312090BUF,MTL,olofsvi01,Victor Olofsson,0
202312090BUF,MTL,peterjo01,John-Jason Peterka,0
202312090BUF,MTL,powerow01,Owen Power,0
202312090BUF,MTL,robiner01,Eric Robinson,0
202312090BUF,MTL,rosenis01,Isak Rosen,0
202312090BUF,MTL,samuema02,Mattias Samuelsson,0
202312090BUF,MTL,skinnje01,Jeff Skinner,1
202312090BUF,MTL,thompta01,Tage Thompson,0
202312090BUF,MTL,levide01,Devon Levi,0
