game_id,opponent,player_id,player_name,scored
202312070CHI,CHI,carlsle01,Leo Carlsson,0
202312070CHI,CHI,carrisa01,Sam Carrick,0
202312070CHI,CHI,fowleca01,Cam Fowler,0
202312070CHI,CHI,groulbe01,Benoit-Olivier Groulx,0
202312070CHI,CHI,gudasra01,Radko Gudas,0
202312070CHI,CHI,henriad01,Adam Henrique,0
202312070CHI,CHI,johnsro02,Ross Johnston,0
202312070CHI,CHI,killoal01,Alex Killorn,0
202312070CHI,CHI,lacomja01,Jackson LaCombe,0
202312070CHI,CHI,leasobr01,Brett Leason,0
202312070CHI,CHI,luneatr01,Tristan Luneau,0
202312070CHI,CHI,lyubuil01,Ilya Lyubushkin,0
202312070CHI,CHI,mcginbr01,Brock McGinn,0
202312070CHI,CHI,mintypa01,Pavel Mintyukov,0
202312070CHI,CHI,silfvja01,Jakob Silfverberg,0
202312070CHI,CHI,stromry01,Ryan Strome,0
202312070CHI,CHI,terrytr01,Troy Terry,0
202312070CHI,CHI,vatrafr01,Frank Vatrano,0
202312070CHI,CHI,dostalu01,LukÃ¡Å¡ DostÃ¡l,0
202312070CHI,ANA,anderjo08,Joey Anderson,0
202312070CHI,ANA,beauvan01,Anthony Beauvillier,0
202312070CHI,ANA,bedarco01,Connor Bedard,0
202312070CHI,ANA,crevilo01,Louis Crevier,0
202312070CHI,ANA,dickija01,Jason Dickinson,0
202312070CHI,ANA,donatry01,Ryan Donato,0
202312070CHI,ANA,entwima01,Mackenzie Entwistle,0
202312070CHI,ANA,foligni01,Nick Foligno,0
202312070CHI,ANA,guttmco01,Cole Guttman,0
202312070CHI,ANA,johnsty01,Tyler Johnson,0
202312070CHI,ANA,jonesse01,Seth Jones,0
202312070CHI,ANA,korchke01,Kevin Korchinski,0
202312070CHI,ANA,kurasph01,Philipp Kurashev,1
202312070CHI,ANA,murphco02,Connor Murphy,0
202312070CHI,ANA,raddyta01,Taylor Raddysh,0
202312070CHI,ANA,reichlu01,Lukas Reichel,0
202312070CHI,ANA,vlasial01,Alex Vlasic,0
202312070CHI,ANA,zaitsni01,Nikita Zaitsev,0
202312070CHI,ANA,mrazepe01,Petr MrÃ¡zek,0
