game_id,opponent,player_id,player_name,scored
202312160TOR,TOR,carteje01,Jeff Carter,0
202312160TOR,TOR,crosbsi01,Sidney Crosby,0
202312160TOR,TOR,ellerla01,Lars Eller,0
202312160TOR,TOR,gravery01,Ryan Graves,0
202312160TOR,TOR,grudejo02,Jonathan Gruden,0
202312160TOR,TOR,guentja01,Jake Guentzel,0
202312160TOR,TOR,harkija01,Jansen Harkins,0
202312160TOR,TOR,hinosvi01,Vinnie Hinostroza,0
202312160TOR,TOR,joseppi01,Pierre-Olivier Joseph,0
202312160TOR,TOR,karlser01,Erik Karlsson,0
202312160TOR,TOR,letankr01,Kris Letang,0
202312160TOR,TOR,ludvijo01,John Ludvig,0
202312160TOR,TOR,malkiev01,Evgeni Malkin,0
202312160TOR,TOR,oconndr01,Drew O'Connor,0
202312160TOR,TOR,pettema01,Marcus Pettersson,0
202312160TOR,TOR,puustva01,Valtteri Puustinen,0
202312160TOR,TOR,smithre01,Reilly Smith,0
202312160TOR,TOR,zohorra01,Radim Zohorna,0
202312160TOR,TOR,jarrytr01,Tristan Jarry,0
202312160TOR,TOR,nedelal01,Alex Nedeljkovic,0
202312160TOR,PIT,benoisi01,Simon Benoit,0
202312160TOR,PIT,bertuty01,Tyler Bertuzzi,0
202312160TOR,PIT,domima01,Max Domi,1
202312160TOR,PIT,gregono01,Noah Gregor,1
202312160TOR,PIT,holmbpo01,Pontus Holmberg,0
202312160TOR,PIT,jarnkca01,Calle JÃ¤rnkrok,0
202312160TOR,PIT,kampfda01,David KÃ¤mpf,0
202312160TOR,PIT,kniesma01,Matthew Knies,1
202312160TOR,PIT,lageswi01,William Lagesson,0
202312160TOR,PIT,liljeti01,Timothy Liljegren,0
202312160TOR,PIT,marnemi01,Mitch Marner,1
202312160TOR,PIT,mccabja01,Jake McCabe,0
202312160TOR,PIT,mcmanbo02,Bobby McMann,1
202312160TOR,PIT,nylanwi01,William Nylander,1
202312160TOR,PIT,riellmo01,Morgan Rielly,0
202312160TOR,PIT,roberni01,Nicholas Robertson,0
202312160TOR,PIT,tavarjo01,John Tavares,1
202312160TOR,PIT,timmico01,Conor Timmins,0
202312160TOR,PIT,jonesma02,Martin Jones,0
