game_id,opponent,player_id,player_name,scored
202311050CHI,CHI,bahlke01,Kevin Bahl,0
202311050CHI,CHI,bastina01,Nathan Bastian,0
202311050CHI,CHI,brattje01,Jesper Bratt,0
202311050CHI,CHI,hamildo01,Dougie Hamilton,0
202311050CHI,CHI,haulaer01,Erik Haula,0
202311050CHI,CHI,holtzal01,Alexander Holtz,0
202311050CHI,CHI,hughelu01,Luke Hughes,0
202311050CHI,CHI,lazarcu01,Curtis Lazar,1
202311050CHI,CHI,marinjo01,John Marino,0
202311050CHI,CHI,mcleomi01,Michael McLeod,1
202311050CHI,CHI,meierti01,Timo Meier,0
202311050CHI,CHI,merceda01,Dawson Mercer,1
202311050CHI,CHI,palaton01,OndÅej PalÃ¡t,0
202311050CHI,CHI,siegejo01,Jonas Siegenthaler,0
202311050CHI,CHI,smithbr05,Brendan Smith,0
202311050CHI,CHI,tiernch01,Chris Tierney,0
202311050CHI,CHI,toffoty01,Tyler Toffoli,0
202311050CHI,CHI,willmma01,Maxwell Willman,1
202311050CHI,CHI,vanecvi01,VÃ­tek VanÄÄek,0
202311050CHI,NJD,athanan01,Andreas Athanasiou,0
202311050CHI,NJD,bedarco01,Connor Bedard,0
202311050CHI,NJD,dickija01,Jason Dickinson,0
202311050CHI,NJD,donatry01,Ryan Donato,1
202311050CHI,NJD,entwima01,Mackenzie Entwistle,0
202311050CHI,NJD,foligni01,Nick Foligno,0
202311050CHI,NJD,hallta02,Taylor Hall,1
202311050CHI,NJD,johnsty01,Tyler Johnson,0
202311050CHI,NJD,jonesse01,Seth Jones,0
202311050CHI,NJD,kaisewy01,Wyatt Kaiser,0
202311050CHI,NJD,korchke01,Kevin Korchinski,0
202311050CHI,NJD,kurasph01,Philipp Kurashev,0
202311050CHI,NJD,murphco02,Connor Murphy,0
202311050CHI,NJD,perryco01,Corey Perry,0
202311050CHI,NJD,raddyta01,Taylor Raddysh,0
202311050CHI,NJD,reichlu01,Lukas Reichel,0
202311050CHI,NJD,vlasial01,Alex Vlasic,0
202311050CHI,NJD,zaitsni01,Nikita Zaitsev,0
202311050CHI,NJD,soderar01,Arvid SÃ¶derblom,0
