game_id,opponent,player_id,player_name,scored
202311260NSH,NSH,applema01,Mason Appleton,0
202311260NSH,NSH,barromo01,Morgan Barron,0
202311260NSH,NSH,connoky01,Kyle Connor,0
202311260NSH,NSH,demeldy01,Dylan DeMelo,0
202311260NSH,NSH,dillobr01,Brenden Dillon,0
202311260NSH,NSH,ehlerni01,Nikolaj Ehlers,0
202311260NSH,NSH,gustada01,David Gustafsson,0
202311260NSH,NSH,iafalal01,Alex Iafallo,0
202311260NSH,NSH,jonssax01,Axel Jonsson-FjÃ¤llby,0
202311260NSH,NSH,lowryad01,Adam Lowry,0
202311260NSH,NSH,morrijo04,Josh Morrissey,1
202311260NSH,NSH,namesvl01,Vladislav Namestnikov,0
202311260NSH,NSH,niedeni01,Nino Niederreiter,0
202311260NSH,NSH,perfeco01,Cole Perfetti,1
202311260NSH,NSH,pionkne01,Neal Pionk,0
202311260NSH,NSH,sambedy01,Dylan Samberg,0
202311260NSH,NSH,scheima01,Mark Scheifele,0
202311260NSH,NSH,schmina01,Nate Schmidt,0
202311260NSH,NSH,brossla01,Laurent Brossoit,0
202311260NSH,WPG,barrity01,Tyson Barrie,0
202311260NSH,WPG,carrial01,Alexandre Carrier,0
202311260NSH,WPG,evanglu01,Luke Evangelista,0
202311260NSH,WPG,forsbfi01,Filip Forsberg,0
202311260NSH,WPG,josiro01,Roman Josi,1
202311260NSH,WPG,lauzoje01,Jeremy Lauzon,0
202311260NSH,WPG,mccarmi01,Michael McCarron,0
202311260NSH,WPG,mcdonry01,Ryan McDonagh,0
202311260NSH,WPG,nyquigu01,Gustav Nyquist,1
202311260NSH,WPG,oreilry01,Ryan O'Reilly,0
202311260NSH,WPG,parssju01,Juuso PÃ¤rssinen,0
202311260NSH,WPG,schenlu01,Luke Schenn,0
202311260NSH,WPG,sherwki01,Kiefer Sherwood,0
202311260NSH,WPG,sissoco01,Colton Sissons,0
202311260NSH,WPG,smithco02,Cole Smith,0
202311260NSH,WPG,stastsp01,Spencer Stastney,0
202311260NSH,WPG,tomasph01,Philip Tomasino,0
202311260NSH,WPG,treniya01,Yakov Trenin,1
202311260NSH,WPG,sarosju01,Juuse Saros,0
