game_id,opponent,player_id,player_name,scored
202310300BOS,BOS,balinuv01,Uvis Balinskis,0
202310300BOS,BOS,barkoal01,Aleksander Barkov,1
202310300BOS,BOS,bennesa01,Sam Bennett,0
202310300BOS,BOS,cousini01,Nick Cousins,0
202310300BOS,BOS,ekmanol01,Oliver Ekman-Larsson,0
202310300BOS,BOS,forslgu02,Gustav Forsling,0
202310300BOS,BOS,kulikdm01,Dmitry Kulikov,0
202310300BOS,BOS,lombery01,Ryan Lomberg,0
202310300BOS,BOS,lorenst01,Steven Lorentz,0
202310300BOS,BOS,lundean01,Anton Lundell,0
202310300BOS,BOS,luostee01,Eetu Luostarinen,0
202310300BOS,BOS,mahurjo01,Josh Mahura,0
202310300BOS,BOS,mikkoni01,Niko Mikkola,0
202310300BOS,BOS,reinhsa01,Sam Reinhart,1
202310300BOS,BOS,rodriev01,Evan Rodrigues,0
202310300BOS,BOS,stenlke01,Kevin Stenlund,0
202310300BOS,BOS,tkachma01,Matthew Tkachuk,0
202310300BOS,BOS,verhaca01,Carter Verhaeghe,0
202310300BOS,BOS,bobrose01,Sergei Bobrovsky,0
202310300BOS,FLA,beechjo01,John Beecher,0
202310300BOS,FLA,carlobr01,Brandon Carlo,0
202310300BOS,FLA,coylech01,Charlie Coyle,0
202310300BOS,FLA,debruja01,Jake DeBrusk,0
202310300BOS,FLA,forbode01,Derek Forbort,0
202310300BOS,FLA,fredetr01,Trent Frederic,0
202310300BOS,FLA,geekimo01,Morgan Geekie,0
202310300BOS,FLA,grzelma01,Matt Grzelcyk,0
202310300BOS,FLA,heineda01,Danton Heinen,0
202310300BOS,FLA,lindhha01,Hampus Lindholm,0
202310300BOS,FLA,marchbr03,Brad Marchand,1
202310300BOS,FLA,mcavoch01,Charlie McAvoy,1
202310300BOS,FLA,pastrda01,David PastrÅÃ¡k,0
202310300BOS,FLA,poitrma01,Matthew Poitras,0
202310300BOS,FLA,shattke01,Kevin Shattenkirk,0
202310300BOS,FLA,steenos01,Oskar Steen,0
202310300BOS,FLA,vanrija01,James van Riemsdyk,0
202310300BOS,FLA,zachapa01,Pavel Zacha,1
202310300BOS,FLA,ullmali01,Linus Ullmark,0
