game_id,opponent,player_id,player_name,scored
202312120EDM,EDM,anderjo08,Joey Anderson,0
202312120EDM,EDM,beauvan01,Anthony Beauvillier,0
202312120EDM,EDM,bedarco01,Connor Bedard,1
202312120EDM,EDM,crevilo01,Louis Crevier,0
202312120EDM,EDM,dickija01,Jason Dickinson,0
202312120EDM,EDM,donatry01,Ryan Donato,0
202312120EDM,EDM,entwima01,Mackenzie Entwistle,0
202312120EDM,EDM,foligni01,Nick Foligno,0
202312120EDM,EDM,guttmco01,Cole Guttman,0
202312120EDM,EDM,johnsty01,Tyler Johnson,0
202312120EDM,EDM,kurasph01,Philipp Kurashev,0
202312120EDM,EDM,murphco02,Connor Murphy,0
202312120EDM,EDM,phillis01,Isaak Phillips,0
202312120EDM,EDM,raddyta01,Taylor Raddysh,0
202312120EDM,EDM,reichlu01,Lukas Reichel,0
202312120EDM,EDM,roosfi01,Filip Roos,0
202312120EDM,EDM,vlasial01,Alex Vlasic,0
202312120EDM,EDM,zaitsni01,Nikita Zaitsev,0
202312120EDM,EDM,mrazepe01,Petr MrÃ¡zek,0
202312120EDM,CHI,bouchev01,Evan Bouchard,0
202312120EDM,CHI,brownco02,Connor Brown,0
202312120EDM,CHI,cecico01,Cody Ceci,0
202312120EDM,CHI,deshavi01,Vincent Desharnais,0
202312120EDM,CHI,draisle01,Leon Draisaitl,1
202312120EDM,CHI,ekholma01,Mattias Ekholm,0
202312120EDM,CHI,foegewa01,Warren Foegele,0
202312120EDM,CHI,gagnesa01,Sam Gagner,1
202312120EDM,CHI,hamblja01,James Hamblin,0
202312120EDM,CHI,hymanza01,Zach Hyman,1
202312120EDM,CHI,janmama02,Mattias Janmark,0
202312120EDM,CHI,kaneev01,Evander Kane,0
202312120EDM,CHI,kulakbr01,Brett Kulak,0
202312120EDM,CHI,mcdavco01,Connor McDavid,0
202312120EDM,CHI,mcleory01,Ryan McLeod,0
202312120EDM,CHI,nugenry01,Ryan Nugent-Hopkins,1
202312120EDM,CHI,nurseda01,Darnell Nurse,0
202312120EDM,CHI,ryande01,Derek Ryan,0
202312120EDM,CHI,skinnst01,Stuart Skinner,0
