game_id,opponent,player_id,player_name,scored
202311140SJS,SJS,balinuv01,Uvis Balinskis,0
202311140SJS,SJS,barkoal01,Aleksander Barkov,1
202311140SJS,SJS,bennesa01,Sam Bennett,0
202311140SJS,SJS,cousini01,Nick Cousins,0
202311140SJS,SJS,ekmanol01,Oliver Ekman-Larsson,0
202311140SJS,SJS,forslgu02,Gustav Forsling,0
202311140SJS,SJS,kulikdm01,Dmitry Kulikov,0
202311140SJS,SJS,lombery01,Ryan Lomberg,1
202311140SJS,SJS,lorenst01,Steven Lorentz,0
202311140SJS,SJS,lundean01,Anton Lundell,0
202311140SJS,SJS,luostee01,Eetu Luostarinen,0
202311140SJS,SJS,mahurjo01,Josh Mahura,0
202311140SJS,SJS,mikkoni01,Niko Mikkola,0
202311140SJS,SJS,reinhsa01,Sam Reinhart,1
202311140SJS,SJS,rodriev01,Evan Rodrigues,0
202311140SJS,SJS,stenlke01,Kevin Stenlund,1
202311140SJS,SJS,tkachma01,Matthew Tkachuk,0
202311140SJS,SJS,verhaca01,Carter Verhaeghe,1
202311140SJS,SJS,stolaan01,Anthony Stolarz,0
202311140SJS,FLA,addisca01,Calen Addison,0
202311140SJS,FLA,carpery01,Ryan Carpenter,0
202311140SJS,FLA,eklunwi01,William Eklund,0
202311140SJS,FLA,emberty01,Ty Emberson,0
202311140SJS,FLA,ferrama01,Mario Ferraro,0
202311140SJS,FLA,granlmi01,Mikael Granlund,0
202311140SJS,FLA,gushcda01,Daniil Gushchin,0
202311140SJS,FLA,hertlto01,TomÃ¡Å¡ Hertl,1
202311140SJS,FLA,hoffmmi02,Mike Hoffman,1
202311140SJS,FLA,kuninlu01,Luke Kunin,1
202311140SJS,FLA,labanke01,Kevin Labanc,0
202311140SJS,FLA,okhotni01,Nikita Okhotyuk,0
202311140SJS,FLA,ruttaja02,Jan Rutta,0
202311140SJS,FLA,smithgi01,Givani Smith,0
202311140SJS,FLA,sturmni01,Nico Sturm,0
202311140SJS,FLA,vlasima01,Marc-Ãdouard Vlasic,0
202311140SJS,FLA,zadinfi01,Filip Zadina,0
202311140SJS,FLA,zettefa01,Fabian Zetterlund,0
202311140SJS,FLA,blackma01,Mackenzie Blackwood,0
