game_id,opponent,player_id,player_name,scored
202311170DET,DET,benoisi01,Simon Benoit,0
202311170DET,DET,bertuty01,Tyler Bertuzzi,1
202311170DET,DET,broditj01,T.J. Brodie,0
202311170DET,DET,domima01,Max Domi,0
202311170DET,DET,giordma01,Mark Giordano,0
202311170DET,DET,gregono01,Noah Gregor,0
202311170DET,DET,jarnkca01,Calle JÃ¤rnkrok,0
202311170DET,DET,kampfda01,David KÃ¤mpf,0
202311170DET,DET,kniesma01,Matthew Knies,0
202311170DET,DET,lageswi01,William Lagesson,0
202311170DET,DET,marnemi01,Mitch Marner,0
202311170DET,DET,matthau01,Auston Matthews,0
202311170DET,DET,mccabja01,Jake McCabe,0
202311170DET,DET,mcmanbo02,Bobby McMann,0
202311170DET,DET,nylanwi01,William Nylander,1
202311170DET,DET,riellmo01,Morgan Rielly,0
202311170DET,DET,roberni01,Nicholas Robertson,0
202311170DET,DET,tavarjo01,John Tavares,1
202311170DET,DET,samsoil01,Ilya Samsonov,0
202311170DET,TOR,chiarbe01,Ben Chiarot,0
202311170DET,TOR,comphj.01,J.T. Compher,0
202311170DET,TOR,coppan01,Andrew Copp,0
202311170DET,TOR,debrial01,Alex DeBrincat,0
202311170DET,TOR,fabbrro01,Robby Fabbri,0
202311170DET,TOR,fischch01,Christian Fischer,0
202311170DET,TOR,gostish01,Shayne Gostisbehere,0
202311170DET,TOR,hollju01,Justin Holl,0
202311170DET,TOR,kostikl01,Klim Kostin,0
202311170DET,TOR,larkidy01,Dylan Larkin,0
202311170DET,TOR,maattol01,Olli MÃ¤Ã¤ttÃ¤,0
202311170DET,TOR,perroda01,David Perron,0
202311170DET,TOR,rasmumi01,Michael Rasmussen,0
202311170DET,TOR,raymolu01,Lucas Raymond,1
202311170DET,TOR,seidemo01,Moritz Seider,0
202311170DET,TOR,spronda01,Daniel Sprong,1
202311170DET,TOR,velenjo01,Joe Veleno,0
202311170DET,TOR,walmaja01,Jake Walman,0
202311170DET,TOR,lyonal01,Alex Lyon,0
