game_id,opponent,player_id,player_name,scored
202312190ARI,ARI,bathedr01,Drake Batherson,0
202312190ARI,ARI,bernaja01,Jacob Bernard-Docker,0
202312190ARI,ARI,branner01,Erik BrÃ¤nnstrÃ¶m,0
202312190ARI,ARI,chychja01,Jakob Chychrun,0
202312190ARI,ARI,crookan01,Angus Crookshank,1
202312190ARI,ARI,giroucl01,Claude Giroux,0
202312190ARI,ARI,greigri01,Ridly Greig,0
202312190ARI,ARI,hamontr01,Travis Hamonic,0
202312190ARI,ARI,kastema01,Mark Kastelic,0
202312190ARI,ARI,kellypa01,Parker Kelly,0
202312190ARI,ARI,kubaldo01,Dominik KubalÃ­k,1
202312190ARI,ARI,norrijo01,Joshua Norris,1
202312190ARI,ARI,sandeja01,Jake Sanderson,0
202312190ARI,ARI,smejkji01,Jiri Smejkal,0
202312190ARI,ARI,stuetti02,Tim StÃ¼tzle,0
202312190ARI,ARI,tarasvl01,Vladimir Tarasenko,0
202312190ARI,ARI,tkachbr01,Brady Tkachuk,0
202312190ARI,ARI,zubar01,Artem Zub,0
202312190ARI,ARI,korpijo01,Joonas Korpisalo,0
202312190ARI,OTT,bjugsni01,Nick Bjugstad,0
202312190ARI,OTT,carcomi01,Michael Carcone,0
202312190ARI,OTT,coolelo01,Logan Cooley,0
202312190ARI,OTT,crousla01,Lawson Crouse,0
202312190ARI,OTT,dermotr01,Travis Dermott,0
202312190ARI,OTT,dumbama01,Mathew Dumba,0
202312190ARI,OTT,kellecl01,Clayton Keller,1
202312190ARI,OTT,kerfoal01,Alexander Kerfoot,0
202312190ARI,OTT,kessemi01,Michael Kesselring,1
202312190ARI,OTT,maccema01,Matias Maccelli,0
202312190ARI,OTT,mcbaija03,Jack McBain,1
202312190ARI,OTT,moserja01,J.J. Moser,1
202312190ARI,OTT,obrieli01,Liam O'Brien,0
202312190ARI,OTT,sanfoza01,Zach Sanford,0
202312190ARI,OTT,schmani01,Nick Schmaltz,0
202312190ARI,OTT,stechtr01,Troy Stecher,0
202312190ARI,OTT,valimju01,Juuso VÃ¤limÃ¤ki,0
202312190ARI,OTT,zuckeja01,Jason Zucker,0
202312190ARI,OTT,ingraco01,Connor Ingram,0
202312190ARI,OTT,vejmeka01,Karel Vejmelka,0
