game_id,opponent,player_id,player_name,scored
202311240BUF,BUF,acciano01,Noel Acciari,0
202311240BUF,BUF,carteje01,Jeff Carter,0
202311240BUF,BUF,crosbsi01,Sidney Crosby,1
202311240BUF,BUF,ellerla01,Lars Eller,1
202311240BUF,BUF,gravery01,Ryan Graves,0
202311240BUF,BUF,guentja01,Jake Guentzel,0
202311240BUF,BUF,hinosvi01,Vinnie Hinostroza,0
202311240BUF,BUF,karlser01,Erik Karlsson,0
202311240BUF,BUF,letankr01,Kris Letang,0
202311240BUF,BUF,ludvijo01,John Ludvig,0
202311240BUF,BUF,malkiev01,Evgeni Malkin,0
202311240BUF,BUF,nietoma01,Matthew Nieto,0
202311240BUF,BUF,nylanal01,Alexander Nylander,0
202311240BUF,BUF,oconndr01,Drew O'Connor,0
202311240BUF,BUF,pettema01,Marcus Pettersson,0
202311240BUF,BUF,sheary01,Ryan Shea,0
202311240BUF,BUF,smithre01,Reilly Smith,0
202311240BUF,BUF,zohorra01,Radim Zohorna,0
202311240BUF,BUF,nedelal01,Alex Nedeljkovic,0
202311240BUF,PIT,bensoza01,Zach Benson,0
202311240BUF,PIT,cliftco01,Connor Clifton,0
202311240BUF,PIT,cozendy01,Dylan Cozens,0
202311240BUF,PIT,dahlira01,Rasmus Dahlin,0
202311240BUF,PIT,girgeze01,Zemgus Girgensons,0
202311240BUF,PIT,johnser01,Erik Johnson,0
202311240BUF,PIT,johnsry03,Ryan Johnson,0
202311240BUF,PIT,jokihhe01,Henri Jokiharju,0
202311240BUF,PIT,jostty01,Tyson Jost,0
202311240BUF,PIT,krebspe01,Peyton Krebs,0
202311240BUF,PIT,mitteca01,Casey Mittelstadt,0
202311240BUF,PIT,okposky01,Kyle Okposo,1
202311240BUF,PIT,olofsvi01,Victor Olofsson,0
202311240BUF,PIT,peterjo01,John-Jason Peterka,0
202311240BUF,PIT,powerow01,Owen Power,0
202311240BUF,PIT,samuema02,Mattias Samuelsson,0
202311240BUF,PIT,skinnje01,Jeff Skinner,1
202311240BUF,PIT,tuchal01,Alex Tuch,1
202311240BUF,PIT,luukkuk01,Ukko-Pekka Luukkonen,0
