game_id,opponent,player_id,player_name,scored
202312100CBJ,CBJ,balinuv01,Uvis Balinskis,0
202312100CBJ,CBJ,barkoal01,Aleksander Barkov,1
202312100CBJ,CBJ,bennesa01,Sam Bennett,0
202312100CBJ,CBJ,cousini01,Nick Cousins,0
202312100CBJ,CBJ,ekblaaa01,Aaron Ekblad,0
202312100CBJ,CBJ,ekmanol01,Oliver Ekman-Larsson,0
202312100CBJ,CBJ,forslgu02,Gustav Forsling,1
202312100CBJ,CBJ,lombery01,Ryan Lomberg,0
202312100CBJ,CBJ,lorenst01,Steven Lorentz,0
202312100CBJ,CBJ,lundean01,Anton Lundell,0
202312100CBJ,CBJ,luostee01,Eetu Luostarinen,1
202312100CBJ,CBJ,mikkoni01,Niko Mikkola,0
202312100CBJ,CBJ,montobr01,Brandon Montour,0
202312100CBJ,CBJ,reinhsa01,Sam Reinhart,0
202312100CBJ,CBJ,rodriev01,Evan Rodrigues,0
202312100CBJ,CBJ,stenlke01,Kevin Stenlund,0
202312100CBJ,CBJ,tkachma01,Matthew Tkachuk,1
202312100CBJ,CBJ,verhaca01,Carter Verhaeghe,1
202312100CBJ,CBJ,stolaan01,Anthony Stolarz,0
202312100CBJ,FLA,beanja01,Jake Bean,0
202312100CBJ,FLA,bemstem01,Emil BemstrÃ¶m,0
202312100CBJ,FLA,blankni01,Nick Blankenburg,0
202312100CBJ,FLA,chinaye01,Yegor Chinakhov,1
202312100CBJ,FLA,danfoju01,Justin Danforth,0
202312100CBJ,FLA,fantiad01,Adam Fantilli,0
202312100CBJ,FLA,gaudrjo01,Johnny Gaudreau,0
202312100CBJ,FLA,gudbrer01,Erik Gudbranson,0
202312100CBJ,FLA,jiricda01,David JiÅÃ­Äek,0
202312100CBJ,FLA,johnske01,Kent Johnson,0
202312100CBJ,FLA,kuralse01,Sean Kuraly,0
202312100CBJ,FLA,lainepa01,Patrik Laine,0
202312100CBJ,FLA,marchki01,Kirill Marchenko,0
202312100CBJ,FLA,provoiv01,Ivan Provorov,0
202312100CBJ,FLA,sillico01,Cole Sillinger,0
202312100CBJ,FLA,texieal01,Alexandre Texier,0
202312100CBJ,FLA,vorondi01,Dmitri Voronkov,1
202312100CBJ,FLA,werenza01,Zach Werenski,0
202312100CBJ,FLA,greavje01,Jet Greaves,0
