game_id,opponent,player_id,player_name,scored
202311090TBL,TBL,athanan01,Andreas Athanasiou,0
202311090TBL,TBL,bedarco01,Connor Bedard,1
202311090TBL,TBL,dickija01,Jason Dickinson,0
202311090TBL,TBL,donatry01,Ryan Donato,0
202311090TBL,TBL,entwima01,Mackenzie Entwistle,0
202311090TBL,TBL,foligni01,Nick Foligno,0
202311090TBL,TBL,hallta02,Taylor Hall,0
202311090TBL,TBL,johnsty01,Tyler Johnson,1
202311090TBL,TBL,jonesse01,Seth Jones,0
202311090TBL,TBL,kaisewy01,Wyatt Kaiser,0
202311090TBL,TBL,korchke01,Kevin Korchinski,1
202311090TBL,TBL,kurasph01,Philipp Kurashev,0
202311090TBL,TBL,murphco02,Connor Murphy,0
202311090TBL,TBL,perryco01,Corey Perry,1
202311090TBL,TBL,raddyta01,Taylor Raddysh,0
202311090TBL,TBL,reichlu01,Lukas Reichel,0
202311090TBL,TBL,tinorja01,Jarred Tinordi,0
202311090TBL,TBL,vlasial01,Alex Vlasic,0
202311090TBL,TBL,mrazepe01,Petr MrÃ¡zek,0
202311090TBL,CHI,barreal01,Alex BarrÃ©-Boulet,0
202311090TBL,CHI,cernaer01,Erik ÄernÃ¡k,0
202311090TBL,CHI,cirelan01,Anthony Cirelli,1
202311090TBL,CHI,dehaaca01,Calvin de Haan,0
202311090TBL,CHI,eyssimi01,Michael Eyssimont,0
202311090TBL,CHI,glendlu01,Luke Glendening,0
202311090TBL,CHI,hagelbr01,Brandon Hagel,0
202311090TBL,CHI,hedmavi01,Victor Hedman,0
202311090TBL,CHI,jeannta01,Tanner Jeannot,0
202311090TBL,CHI,kucheni01,Nikita Kucherov,1
202311090TBL,CHI,merelwa01,Waltteri Merela,0
202311090TBL,CHI,mottety01,Tyler Motte,0
202311090TBL,CHI,paulni01,Nick Paul,0
202311090TBL,CHI,perbini01,Nicklaus Perbix,0
202311090TBL,CHI,pointbr01,Brayden Point,0
202311090TBL,CHI,raddyda01,Darren Raddysh,0
202311090TBL,CHI,sergami01,Mikhail Sergachev,0
202311090TBL,CHI,stamkst01,Steven Stamkos,1
202311090TBL,CHI,johanjo03,Jonas Johansson,0
