game_id,opponent,player_id,player_name,scored
202311010CGY,CGY,bennja01,Jamie Benn,1
202311010CGY,CGY,dadonev01,Evgenii Dadonov,1
202311010CGY,CGY,dellaty01,Ty Dellandrea,0
202311010CGY,CGY,duchema01,Matt Duchene,0
202311010CGY,CGY,hakanja01,Jani HakanpÃ¤Ã¤,0
202311010CGY,CGY,harleth01,Thomas Harley,0
202311010CGY,CGY,heiskmi01,Miro Heiskanen,0
202311010CGY,CGY,hintzro01,Roope Hintz,0
202311010CGY,CGY,johnswy01,Wyatt Johnston,0
202311010CGY,CGY,lindees01,Esa Lindell,0
202311010CGY,CGY,lundkni01,Nils Lundkvist,0
202311010CGY,CGY,marchma01,Mason Marchment,1
202311010CGY,CGY,paveljo01,Joe Pavelski,0
202311010CGY,CGY,roberja01,Jason Robertson,1
202311010CGY,CGY,seguity01,Tyler Seguin,0
202311010CGY,CGY,smithcr01,Craig Smith,0
202311010CGY,CGY,steelsa01,Sam Steel,0
202311010CGY,CGY,suterry01,Ryan Suter,0
202311010CGY,CGY,oettija01,Jake Oettinger,0
202311010CGY,DAL,anderra01,Rasmus Andersson,0
202311010CGY,DAL,backlmi01,Mikael Backlund,0
202311010CGY,DAL,colembl01,Blake Coleman,0
202311010CGY,DAL,coronma01,Matthew Coronato,0
202311010CGY,DAL,duehrwa01,Walker Duehr,0
202311010CGY,DAL,gilbede01,Dennis Gilbert,0
202311010CGY,DAL,greeraj01,A.J. Greer,0
202311010CGY,DAL,hanifno01,Noah Hanifin,0
202311010CGY,DAL,huberjo01,Jonathan Huberdeau,0
202311010CGY,DAL,huntdr01,Dryden Hunt,0
202311010CGY,DAL,kadrina01,Nazem Kadri,0
202311010CGY,DAL,lindhel01,Elias Lindholm,0
202311010CGY,DAL,mangian01,Andrew Mangiapane,1
202311010CGY,DAL,oestejo01,Jordan Oesterle,0
202311010CGY,DAL,sharaye01,Yegor Sharangovich,0
202311010CGY,DAL,tanevch01,Chris Tanev,0
202311010CGY,DAL,weegama01,MacKenzie Weegar,1
202311010CGY,DAL,zaryco01,Connor Zary,1
202311010CGY,DAL,marksja02,Jacob MarkstrÃ¶m,0
