game_id,opponent,player_id,player_name,scored
202312180DET,DET,carlsle01,Leo Carlsson,0
202312180DET,DET,carrisa01,Sam Carrick,0
202312180DET,DET,fowleca01,Cam Fowler,0
202312180DET,DET,gudasra01,Radko Gudas,1
202312180DET,DET,henriad01,Adam Henrique,1
202312180DET,DET,johnsro02,Ross Johnston,0
202312180DET,DET,jonesma03,Max Jones,0
202312180DET,DET,killoal01,Alex Killorn,0
202312180DET,DET,lacomja01,Jackson LaCombe,0
202312180DET,DET,leasobr01,Brett Leason,0
202312180DET,DET,lyubuil01,Ilya Lyubushkin,0
202312180DET,DET,mcginbr01,Brock McGinn,0
202312180DET,DET,mintypa01,Pavel Mintyukov,1
202312180DET,DET,silfvja01,Jakob Silfverberg,0
202312180DET,DET,stromry01,Ryan Strome,0
202312180DET,DET,terrytr01,Troy Terry,1
202312180DET,DET,vaakaur01,Urho Vaakanainen,0
202312180DET,DET,vatrafr01,Frank Vatrano,0
202312180DET,DET,dostalu01,LukÃ¡Å¡ DostÃ¡l,0
202312180DET,ANA,chiarbe01,Ben Chiarot,0
202312180DET,ANA,comphj.01,J.T. Compher,0
202312180DET,ANA,coppan01,Andrew Copp,0
202312180DET,ANA,debrial01,Alex DeBrincat,1
202312180DET,ANA,fabbrro01,Robby Fabbri,0
202312180DET,ANA,fischch01,Christian Fischer,0
202312180DET,ANA,gostish01,Shayne Gostisbehere,0
202312180DET,ANA,hollju01,Justin Holl,0
202312180DET,ANA,kanepa01,Patrick Kane,0
202312180DET,ANA,kostikl01,Klim Kostin,0
202312180DET,ANA,larkidy01,Dylan Larkin,0
202312180DET,ANA,petryje01,Jeff Petry,1
202312180DET,ANA,rasmumi01,Michael Rasmussen,0
202312180DET,ANA,raymolu01,Lucas Raymond,0
202312180DET,ANA,seidemo01,Moritz Seider,0
202312180DET,ANA,spronda01,Daniel Sprong,0
202312180DET,ANA,velenjo01,Joe Veleno,0
202312180DET,ANA,walmaja01,Jake Walman,0
202312180DET,ANA,hussovi01,Ville Husso,0
202312180DET,ANA,reimeja01,James Reimer,0
