game_id,opponent,player_id,player_name,scored
202310210ARI,ARI,carlsle01,Leo Carlsson,0
202310210ARI,ARI,carrisa01,Sam Carrick,0
202310210ARI,ARI,fowleca01,Cam Fowler,0
202310210ARI,ARI,groulbe01,Benoit-Olivier Groulx,0
202310210ARI,ARI,gudasra01,Radko Gudas,0
202310210ARI,ARI,henriad01,Adam Henrique,0
202310210ARI,ARI,johnsro02,Ross Johnston,0
202310210ARI,ARI,lacomja01,Jackson LaCombe,0
202310210ARI,ARI,leasobr01,Brett Leason,0
202310210ARI,ARI,luneatr01,Tristan Luneau,0
202310210ARI,ARI,lyubuil01,Ilya Lyubushkin,0
202310210ARI,ARI,mctavma01,Mason McTavish,0
202310210ARI,ARI,mintypa01,Pavel Mintyukov,0
202310210ARI,ARI,silfvja01,Jakob Silfverberg,0
202310210ARI,ARI,stromry01,Ryan Strome,0
202310210ARI,ARI,terrytr01,Troy Terry,0
202310210ARI,ARI,vatrafr01,Frank Vatrano,1
202310210ARI,ARI,zegratr01,Trevor Zegras,0
202310210ARI,ARI,dostalu01,LukÃ¡Å¡ DostÃ¡l,0
202310210ARI,ANA,bjugsni01,Nick Bjugstad,0
202310210ARI,ANA,carcomi01,Michael Carcone,0
202310210ARI,ANA,coolelo01,Logan Cooley,0
202310210ARI,ANA,crousla01,Lawson Crouse,0
202310210ARI,ANA,dermotr01,Travis Dermott,0
202310210ARI,ANA,dumbama01,Mathew Dumba,0
202310210ARI,ANA,durzise01,Sean Durzi,0
202310210ARI,ANA,haytoba01,Barrett Hayton,0
202310210ARI,ANA,kellecl01,Clayton Keller,1
202310210ARI,ANA,kerfoal01,Alexander Kerfoot,0
202310210ARI,ANA,maccema01,Matias Maccelli,0
202310210ARI,ANA,mcbaija03,Jack McBain,0
202310210ARI,ANA,moserja01,J.J. Moser,0
202310210ARI,ANA,obrieli01,Liam O'Brien,0
202310210ARI,ANA,schmani01,Nick Schmaltz,0
202310210ARI,ANA,stechtr01,Troy Stecher,0
202310210ARI,ANA,valimju01,Juuso VÃ¤limÃ¤ki,0
202310210ARI,ANA,zuckeja01,Jason Zucker,1
202310210ARI,ANA,vejmeka01,Karel Vejmelka,0
