game_id,opponent,player_id,player_name,scored
202310230BUF,BUF,anderjo05,Josh Anderson,0
202310230BUF,BUF,barroju01,Justin Barron,1
202310230BUF,BUF,caufico01,Cole Caufield,0
202310230BUF,BUF,evansja02,Jake Evans,0
202310230BUF,BUF,gallabr01,Brendan Gallagher,1
202310230BUF,BUF,harrijo01,Jordan Harris,0
202310230BUF,BUF,harvera01,RafaÃ«l Harvey-Pinard,0
202310230BUF,BUF,kovacjo01,Johnathan Kovacevic,0
202310230BUF,BUF,mathemi01,Mike Matheson,0
202310230BUF,BUF,monahse01,Sean Monahan,0
202310230BUF,BUF,newhoal01,Alex Newhook,0
202310230BUF,BUF,pearsta01,Tanner Pearson,1
202310230BUF,BUF,pezzemi01,Michael Pezzetta,0
202310230BUF,BUF,savarda01,David Savard,0
202310230BUF,BUF,slafkju01,Juraj Slafkovsky,0
202310230BUF,BUF,suzukni01,Nick Suzuki,0
202310230BUF,BUF,xhekaar01,Arber Xhekaj,0
202310230BUF,BUF,yloneje01,Jesse YlÃ¶nen,0
202310230BUF,BUF,allenja01,Jake Allen,0
202310230BUF,MTL,cliftco01,Connor Clifton,0
202310230BUF,MTL,cozendy01,Dylan Cozens,0
202310230BUF,MTL,dahlira01,Rasmus Dahlin,0
202310230BUF,MTL,girgeze01,Zemgus Girgensons,0
202310230BUF,MTL,greenjo02,Jordan Greenway,0
202310230BUF,MTL,johnser01,Erik Johnson,0
202310230BUF,MTL,jokihhe01,Henri Jokiharju,0
202310230BUF,MTL,jostty01,Tyson Jost,0
202310230BUF,MTL,krebspe01,Peyton Krebs,0
202310230BUF,MTL,mitteca01,Casey Mittelstadt,0
202310230BUF,MTL,okposky01,Kyle Okposo,0
202310230BUF,MTL,olofsvi01,Victor Olofsson,0
202310230BUF,MTL,peterjo01,John-Jason Peterka,0
202310230BUF,MTL,powerow01,Owen Power,0
202310230BUF,MTL,samuema02,Mattias Samuelsson,0
202310230BUF,MTL,skinnje01,Jeff Skinner,1
202310230BUF,MTL,thompta01,Tage Thompson,0
202310230BUF,MTL,tuchal01,Alex Tuch,0
202310230BUF,MTL,comrier01,Eric Comrie,0
