game_id,opponent,player_id,player_name,scored
202312020MTL,MTL,chiarbe01,Ben Chiarot,0
202312020MTL,MTL,comphj.01,J.T. Compher,0
202312020MTL,MTL,coppan01,Andrew Copp,0
202312020MTL,MTL,debrial01,Alex DeBrincat,1
202312020MTL,MTL,fabbrro01,Robby Fabbri,0
202312020MTL,MTL,fischch01,Christian Fischer,1
202312020MTL,MTL,gostish01,Shayne Gostisbehere,0
202312020MTL,MTL,hollju01,Justin Holl,0
202312020MTL,MTL,kostikl01,Klim Kostin,0
202312020MTL,MTL,larkidy01,Dylan Larkin,0
202312020MTL,MTL,perroda01,David Perron,0
202312020MTL,MTL,petryje01,Jeff Petry,0
202312020MTL,MTL,rasmumi01,Michael Rasmussen,0
202312020MTL,MTL,raymolu01,Lucas Raymond,0
202312020MTL,MTL,seidemo01,Moritz Seider,0
202312020MTL,MTL,spronda01,Daniel Sprong,1
202312020MTL,MTL,velenjo01,Joe Veleno,1
202312020MTL,MTL,walmaja01,Jake Walman,1
202312020MTL,MTL,hussovi01,Ville Husso,0
202312020MTL,DET,anderjo05,Josh Anderson,0
202312020MTL,DET,armiajo01,Joel Armia,1
202312020MTL,DET,barroju01,Justin Barron,1
202312020MTL,DET,caufico01,Cole Caufield,0
202312020MTL,DET,dvorach01,Christian Dvorak,0
202312020MTL,DET,evansja02,Jake Evans,0
202312020MTL,DET,gallabr01,Brendan Gallagher,0
202312020MTL,DET,guhleka01,Kaiden Guhle,0
202312020MTL,DET,kovacjo01,Johnathan Kovacevic,0
202312020MTL,DET,lindsgu01,Gustav LindstrÃ¶m,1
202312020MTL,DET,mathemi01,Mike Matheson,0
202312020MTL,DET,monahse01,Sean Monahan,0
202312020MTL,DET,pearsta01,Tanner Pearson,0
202312020MTL,DET,slafkju01,Juraj Slafkovsky,0
202312020MTL,DET,stephmi01,Mitchell Stephens,0
202312020MTL,DET,strubja01,Jayden Struble,0
202312020MTL,DET,suzukni01,Nick Suzuki,1
202312020MTL,DET,yloneje01,Jesse YlÃ¶nen,0
202312020MTL,DET,allenja01,Jake Allen,0
