game_id,opponent,player_id,player_name,scored
202310290EDM,EDM,backlmi01,Mikael Backlund,0
202310290EDM,EDM,colembl01,Blake Coleman,0
202310290EDM,EDM,coronma01,Matthew Coronato,0
202310290EDM,EDM,dubedi01,Dillon DubÃ©,0
202310290EDM,EDM,duehrwa01,Walker Duehr,0
202310290EDM,EDM,gilbede01,Dennis Gilbert,0
202310290EDM,EDM,greeraj01,A.J. Greer,1
202310290EDM,EDM,hanifno01,Noah Hanifin,0
202310290EDM,EDM,huberjo01,Jonathan Huberdeau,0
202310290EDM,EDM,huntdr01,Dryden Hunt,0
202310290EDM,EDM,kadrina01,Nazem Kadri,1
202310290EDM,EDM,lindhel01,Elias Lindholm,0
202310290EDM,EDM,mangian01,Andrew Mangiapane,0
202310290EDM,EDM,sharaye01,Yegor Sharangovich,0
202310290EDM,EDM,solovil01,Ilya Solovyov,0
202310290EDM,EDM,tanevch01,Chris Tanev,0
202310290EDM,EDM,weegama01,MacKenzie Weegar,0
202310290EDM,EDM,zadorni01,Nikita Zadorov,0
202310290EDM,EDM,marksja02,Jacob MarkstrÃ¶m,0
202310290EDM,CGY,bouchev01,Evan Bouchard,1
202310290EDM,CGY,brobeph01,Philip Broberg,0
202310290EDM,CGY,brownco02,Connor Brown,0
202310290EDM,CGY,cecico01,Cody Ceci,0
202310290EDM,CGY,deshavi01,Vincent Desharnais,1
202310290EDM,CGY,draisle01,Leon Draisaitl,0
202310290EDM,CGY,ekholma01,Mattias Ekholm,0
202310290EDM,CGY,ernead01,Adam Erne,0
202310290EDM,CGY,foegewa01,Warren Foegele,0
202310290EDM,CGY,hollody01,Dylan Holloway,0
202310290EDM,CGY,hymanza01,Zach Hyman,1
202310290EDM,CGY,kaneev01,Evander Kane,1
202310290EDM,CGY,kulakbr01,Brett Kulak,1
202310290EDM,CGY,mcdavco01,Connor McDavid,0
202310290EDM,CGY,mcleory01,Ryan McLeod,0
202310290EDM,CGY,nugenry01,Ryan Nugent-Hopkins,0
202310290EDM,CGY,nurseda01,Darnell Nurse,0
202310290EDM,CGY,ryande01,Derek Ryan,0
202310290EDM,CGY,skinnst01,Stuart Skinner,0
