game_id,opponent,player_id,player_name,scored
202311240ANA,ANA,andermi02,Michael Anderson,0
202311240ANA,ANA,anderja01,Jaret Anderson-Dolan,0
202311240ANA,ANA,byfiequ01,Quinton Byfield,1
202311240ANA,ANA,danauph01,Phillip Danault,0
202311240ANA,ANA,doughdr01,Drew Doughty,0
202311240ANA,ANA,duboipi01,Pierre-Luc Dubois,0
202311240ANA,ANA,engluan01,Andreas Englund,0
202311240ANA,ANA,fialake01,Kevin Fiala,1
202311240ANA,ANA,gavrivl01,Vladislav Gavrikov,0
202311240ANA,ANA,grundca01,Carl GrundstrÃ¶m,0
202311240ANA,ANA,kaliyar01,Arthur Kaliyev,1
202311240ANA,ANA,kempead01,Adrian Kempe,0
202311240ANA,ANA,kopitan01,AnÅ¾e Kopitar,1
202311240ANA,ANA,laferal01,Alex Laferriere,0
202311240ANA,ANA,lewistr01,Trevor Lewis,0
202311240ANA,ANA,mooretr01,Trevor Moore,0
202311240ANA,ANA,royma04,Matt Roy,0
202311240ANA,ANA,spencjo01,Jordan Spence,0
202311240ANA,ANA,talboca01,Cam Talbot,0
202311240ANA,LAK,carlsle01,Leo Carlsson,0
202311240ANA,LAK,carrisa01,Sam Carrick,0
202311240ANA,LAK,fowleca01,Cam Fowler,0
202311240ANA,LAK,groulbe01,Benoit-Olivier Groulx,0
202311240ANA,LAK,gudasra01,Radko Gudas,1
202311240ANA,LAK,henriad01,Adam Henrique,0
202311240ANA,LAK,jonesma03,Max Jones,0
202311240ANA,LAK,killoal01,Alex Killorn,1
202311240ANA,LAK,lacomja01,Jackson LaCombe,0
202311240ANA,LAK,lyubuil01,Ilya Lyubushkin,0
202311240ANA,LAK,mcginbr01,Brock McGinn,0
202311240ANA,LAK,mctavma01,Mason McTavish,0
202311240ANA,LAK,mintypa01,Pavel Mintyukov,0
202311240ANA,LAK,silfvja01,Jakob Silfverberg,0
202311240ANA,LAK,stromry01,Ryan Strome,0
202311240ANA,LAK,terrytr01,Troy Terry,0
202311240ANA,LAK,vaakaur01,Urho Vaakanainen,0
202311240ANA,LAK,vatrafr01,Frank Vatrano,0
202311240ANA,LAK,gibsojo02,John Gibson,0
