game_id,opponent,player_id,player_name,scored
202310110CGY,CGY,applema01,Mason Appleton,0
202310110CGY,CGY,barromo01,Morgan Barron,0
202310110CGY,CGY,connoky01,Kyle Connor,1
202310110CGY,CGY,demeldy01,Dylan DeMelo,0
202310110CGY,CGY,dillobr01,Brenden Dillon,0
202310110CGY,CGY,ehlerni01,Nikolaj Ehlers,0
202310110CGY,CGY,iafalal01,Alex Iafallo,1
202310110CGY,CGY,kuparra01,Rasmus Kupari,0
202310110CGY,CGY,lowryad01,Adam Lowry,0
202310110CGY,CGY,morrijo04,Josh Morrissey,0
202310110CGY,CGY,namesvl01,Vladislav Namestnikov,0
202310110CGY,CGY,niedeni01,Nino Niederreiter,0
202310110CGY,CGY,perfeco01,Cole Perfetti,0
202310110CGY,CGY,pionkne01,Neal Pionk,0
202310110CGY,CGY,sambedy01,Dylan Samberg,0
202310110CGY,CGY,scheima01,Mark Scheifele,1
202310110CGY,CGY,schmina01,Nate Schmidt,0
202310110CGY,CGY,vilarga01,Gabriel Vilardi,0
202310110CGY,CGY,helleco01,Connor Hellebuyck,0
202310110CGY,WPG,anderra01,Rasmus Andersson,1
202310110CGY,WPG,backlmi01,Mikael Backlund,0
202310110CGY,WPG,colembl01,Blake Coleman,0
202310110CGY,WPG,coronma01,Matthew Coronato,0
202310110CGY,WPG,dubedi01,Dillon DubÃ©,0
202310110CGY,WPG,duehrwa01,Walker Duehr,0
202310110CGY,WPG,greeraj01,A.J. Greer,0
202310110CGY,WPG,hanifno01,Noah Hanifin,0
202310110CGY,WPG,huberjo01,Jonathan Huberdeau,0
202310110CGY,WPG,kadrina01,Nazem Kadri,0
202310110CGY,WPG,lindhel01,Elias Lindholm,1
202310110CGY,WPG,mangian01,Andrew Mangiapane,1
202310110CGY,WPG,oestejo01,Jordan Oesterle,0
202310110CGY,WPG,ruzicad01,Adam RuÅ¾iÄka,0
202310110CGY,WPG,sharaye01,Yegor Sharangovich,0
202310110CGY,WPG,tanevch01,Chris Tanev,0
202310110CGY,WPG,weegama01,MacKenzie Weegar,1
202310110CGY,WPG,zadorni01,Nikita Zadorov,0
202310110CGY,WPG,marksja02,Jacob MarkstrÃ¶m,0
