game_id,opponent,player_id,player_name,scored
202310300PIT,PIT,carlsle01,Leo Carlsson,0
202310300PIT,PIT,carrisa01,Sam Carrick,0
202310300PIT,PIT,fowleca01,Cam Fowler,0
202310300PIT,PIT,gudasra01,Radko Gudas,0
202310300PIT,PIT,henriad01,Adam Henrique,0
202310300PIT,PIT,johnsro02,Ross Johnston,0
202310300PIT,PIT,jonesma03,Max Jones,0
202310300PIT,PIT,lacomja01,Jackson LaCombe,0
202310300PIT,PIT,leasobr01,Brett Leason,0
202310300PIT,PIT,lyubuil01,Ilya Lyubushkin,0
202310300PIT,PIT,mctavma01,Mason McTavish,1
202310300PIT,PIT,mintypa01,Pavel Mintyukov,0
202310300PIT,PIT,silfvja01,Jakob Silfverberg,1
202310300PIT,PIT,stromry01,Ryan Strome,0
202310300PIT,PIT,terrytr01,Troy Terry,0
202310300PIT,PIT,vaakaur01,Urho Vaakanainen,0
202310300PIT,PIT,vatrafr01,Frank Vatrano,1
202310300PIT,PIT,zegratr01,Trevor Zegras,0
202310300PIT,PIT,dostalu01,LukÃ¡Å¡ DostÃ¡l,0
202310300PIT,PIT,gibsojo02,John Gibson,0
202310300PIT,ANA,acciano01,Noel Acciari,0
202310300PIT,ANA,carteje01,Jeff Carter,0
202310300PIT,ANA,crosbsi01,Sidney Crosby,0
202310300PIT,ANA,ellerla01,Lars Eller,0
202310300PIT,ANA,gravery01,Ryan Graves,0
202310300PIT,ANA,guentja01,Jake Guentzel,0
202310300PIT,ANA,karlser01,Erik Karlsson,1
202310300PIT,ANA,letankr01,Kris Letang,0
202310300PIT,ANA,malkiev01,Evgeni Malkin,1
202310300PIT,ANA,nietoma01,Matthew Nieto,0
202310300PIT,ANA,oconndr01,Drew O'Connor,0
202310300PIT,ANA,pettema01,Marcus Pettersson,0
202310300PIT,ANA,rakelri01,Rickard Rakell,0
202310300PIT,ANA,ruhwech01,Chad Ruhwedel,0
202310300PIT,ANA,rustbr01,Bryan Rust,0
202310300PIT,ANA,sheary01,Ryan Shea,0
202310300PIT,ANA,smithre01,Reilly Smith,0
202310300PIT,ANA,zohorra01,Radim Zohorna,1
202310300PIT,ANA,jarrytr01,Tristan Jarry,0
