game_id,opponent,player_id,player_name,scored
202310140NYI,NYI,bensoza01,Zach Benson,0
202310140NYI,NYI,cliftco01,Connor Clifton,0
202310140NYI,NYI,cozendy01,Dylan Cozens,0
202310140NYI,NYI,dahlira01,Rasmus Dahlin,0
202310140NYI,NYI,girgeze01,Zemgus Girgensons,0
202310140NYI,NYI,greenjo02,Jordan Greenway,1
202310140NYI,NYI,johnser01,Erik Johnson,0
202310140NYI,NYI,jokihhe01,Henri Jokiharju,0
202310140NYI,NYI,krebspe01,Peyton Krebs,0
202310140NYI,NYI,mitteca01,Casey Mittelstadt,1
202310140NYI,NYI,okposky01,Kyle Okposo,0
202310140NYI,NYI,olofsvi01,Victor Olofsson,0
202310140NYI,NYI,peterjo01,John-Jason Peterka,0
202310140NYI,NYI,powerow01,Owen Power,0
202310140NYI,NYI,samuema02,Mattias Samuelsson,0
202310140NYI,NYI,skinnje01,Jeff Skinner,0
202310140NYI,NYI,thompta01,Tage Thompson,0
202310140NYI,NYI,tuchal01,Alex Tuch,0
202310140NYI,NYI,levide01,Devon Levi,0
202310140NYI,BUF,ahose02,Sebastian Aho,0
202310140NYI,BUF,barzama01,Mathew Barzal,0
202310140NYI,BUF,cizikca01,Casey Cizikas,1
202310140NYI,BUF,cluttca01,Cal Clutterbuck,0
202310140NYI,BUF,dobsono01,Noah Dobson,0
202310140NYI,BUF,engvapi01,Pierre Engvall,0
202310140NYI,BUF,faschhu01,Hudson Fasching,0
202310140NYI,BUF,holmssi01,Simon HolmstrÃ¶m,0
202310140NYI,BUF,horvabo01,Bo Horvat,0
202310140NYI,BUF,leean01,Anders Lee,0
202310140NYI,BUF,martima02,Matt Martin,0
202310140NYI,BUF,mayfisc01,Scott Mayfield,0
202310140NYI,BUF,nelsobr01,Brock Nelson,1
202310140NYI,BUF,pageaje01,Jean-Gabriel Pageau,0
202310140NYI,BUF,palmiky01,Kyle Palmieri,1
202310140NYI,BUF,pelecad01,Adam Pelech,0
202310140NYI,BUF,pulocry01,Ryan Pulock,0
202310140NYI,BUF,romanal01,Alexander Romanov,0
202310140NYI,BUF,sorokil01,Ilya Sorokin,0
