game_id,opponent,player_id,player_name,scored
202310170BUF,BUF,barreal01,Alex BarrÃ©-Boulet,0
202310170BUF,BUF,bogosza01,Zach Bogosian,0
202310170BUF,BUF,cernaer01,Erik ÄernÃ¡k,0
202310170BUF,BUF,cirelan01,Anthony Cirelli,0
202310170BUF,BUF,eyssimi01,Michael Eyssimont,0
202310170BUF,BUF,glendlu01,Luke Glendening,0
202310170BUF,BUF,hagelbr01,Brandon Hagel,1
202310170BUF,BUF,hedmavi01,Victor Hedman,0
202310170BUF,BUF,jeannta01,Tanner Jeannot,0
202310170BUF,BUF,kucheni01,Nikita Kucherov,0
202310170BUF,BUF,merelwa01,Waltteri Merela,0
202310170BUF,BUF,paulni01,Nick Paul,0
202310170BUF,BUF,perbini01,Nicklaus Perbix,0
202310170BUF,BUF,pointbr01,Brayden Point,0
202310170BUF,BUF,raddyda01,Darren Raddysh,0
202310170BUF,BUF,sergami01,Mikhail Sergachev,0
202310170BUF,BUF,shearco01,Conor Sheary,0
202310170BUF,BUF,watsoau01,Austin Watson,0
202310170BUF,BUF,johanjo03,Jonas Johansson,0
202310170BUF,TBL,bensoza01,Zach Benson,0
202310170BUF,TBL,cliftco01,Connor Clifton,0
202310170BUF,TBL,cozendy01,Dylan Cozens,1
202310170BUF,TBL,dahlira01,Rasmus Dahlin,0
202310170BUF,TBL,girgeze01,Zemgus Girgensons,1
202310170BUF,TBL,greenjo02,Jordan Greenway,0
202310170BUF,TBL,johnser01,Erik Johnson,0
202310170BUF,TBL,jokihhe01,Henri Jokiharju,0
202310170BUF,TBL,jostty01,Tyson Jost,0
202310170BUF,TBL,krebspe01,Peyton Krebs,0
202310170BUF,TBL,mitteca01,Casey Mittelstadt,0
202310170BUF,TBL,okposky01,Kyle Okposo,0
202310170BUF,TBL,peterjo01,John-Jason Peterka,0
202310170BUF,TBL,powerow01,Owen Power,0
202310170BUF,TBL,samuema02,Mattias Samuelsson,0
202310170BUF,TBL,skinnje01,Jeff Skinner,1
202310170BUF,TBL,thompta01,Tage Thompson,0
202310170BUF,TBL,tuchal01,Alex Tuch,0
202310170BUF,TBL,levide01,Devon Levi,0
