game_id,opponent,player_id,player_name,scored
202311140NSH,NSH,carrisa01,Sam Carrick,0
202311140NSH,NSH,fowleca01,Cam Fowler,1
202311140NSH,NSH,groulbe01,Benoit-Olivier Groulx,0
202311140NSH,NSH,gudasra01,Radko Gudas,1
202311140NSH,NSH,henriad01,Adam Henrique,1
202311140NSH,NSH,johnsro02,Ross Johnston,0
202311140NSH,NSH,jonesma03,Max Jones,0
202311140NSH,NSH,killoal01,Alex Killorn,0
202311140NSH,NSH,lacomja01,Jackson LaCombe,0
202311140NSH,NSH,leasobr01,Brett Leason,0
202311140NSH,NSH,lyubuil01,Ilya Lyubushkin,0
202311140NSH,NSH,mctavma01,Mason McTavish,0
202311140NSH,NSH,mintypa01,Pavel Mintyukov,0
202311140NSH,NSH,silfvja01,Jakob Silfverberg,0
202311140NSH,NSH,stromry01,Ryan Strome,0
202311140NSH,NSH,terrytr01,Troy Terry,0
202311140NSH,NSH,vaakaur01,Urho Vaakanainen,0
202311140NSH,NSH,vatrafr01,Frank Vatrano,0
202311140NSH,NSH,gibsojo02,John Gibson,0
202311140NSH,ANA,barrity01,Tyson Barrie,0
202311140NSH,ANA,carrial01,Alexandre Carrier,0
202311140NSH,ANA,delgama01,Marc Del Gaizo,0
202311140NSH,ANA,evanglu01,Luke Evangelista,0
202311140NSH,ANA,fabbrda01,Dante Fabbro,0
202311140NSH,ANA,forsbfi01,Filip Forsberg,1
202311140NSH,ANA,foudyli01,Liam Foudy,0
202311140NSH,ANA,glassco01,Cody Glass,0
202311140NSH,ANA,josiro01,Roman Josi,1
202311140NSH,ANA,lauzoje01,Jeremy Lauzon,0
202311140NSH,ANA,mccarmi01,Michael McCarron,0
202311140NSH,ANA,nyquigu01,Gustav Nyquist,0
202311140NSH,ANA,oreilry01,Ryan O'Reilly,0
202311140NSH,ANA,parssju01,Juuso PÃ¤rssinen,0
202311140NSH,ANA,sherwki01,Kiefer Sherwood,0
202311140NSH,ANA,sissoco01,Colton Sissons,0
202311140NSH,ANA,smithco02,Cole Smith,0
202311140NSH,ANA,treniya01,Yakov Trenin,0
202311140NSH,ANA,sarosju01,Juuse Saros,0
