game_id,opponent,player_id,player_name,scored
202311040TOR,TOR,brysoja01,Jacob Bryson,0
202311040TOR,TOR,cliftco01,Connor Clifton,0
202311040TOR,TOR,dahlira01,Rasmus Dahlin,0
202311040TOR,TOR,girgeze01,Zemgus Girgensons,0
202311040TOR,TOR,greenjo02,Jordan Greenway,1
202311040TOR,TOR,johnser01,Erik Johnson,0
202311040TOR,TOR,johnsry03,Ryan Johnson,0
202311040TOR,TOR,jokihhe01,Henri Jokiharju,0
202311040TOR,TOR,jostty01,Tyson Jost,0
202311040TOR,TOR,krebspe01,Peyton Krebs,0
202311040TOR,TOR,mitteca01,Casey Mittelstadt,0
202311040TOR,TOR,okposky01,Kyle Okposo,0
202311040TOR,TOR,olofsvi01,Victor Olofsson,0
202311040TOR,TOR,peterjo01,John-Jason Peterka,1
202311040TOR,TOR,powerow01,Owen Power,0
202311040TOR,TOR,skinnje01,Jeff Skinner,1
202311040TOR,TOR,thompta01,Tage Thompson,1
202311040TOR,TOR,tuchal01,Alex Tuch,1
202311040TOR,TOR,levide01,Devon Levi,0
202311040TOR,BUF,bertuty01,Tyler Bertuzzi,0
202311040TOR,BUF,broditj01,T.J. Brodie,0
202311040TOR,BUF,domima01,Max Domi,0
202311040TOR,BUF,giordma01,Mark Giordano,0
202311040TOR,BUF,gregono01,Noah Gregor,0
202311040TOR,BUF,holmbpo01,Pontus Holmberg,0
202311040TOR,BUF,jarnkca01,Calle JÃ¤rnkrok,0
202311040TOR,BUF,kampfda01,David KÃ¤mpf,0
202311040TOR,BUF,klingjo01,John Klingberg,0
202311040TOR,BUF,kniesma01,Matthew Knies,0
202311040TOR,BUF,lageswi01,William Lagesson,0
202311040TOR,BUF,lajoima01,Maxime Lajoie,0
202311040TOR,BUF,marnemi01,Mitch Marner,1
202311040TOR,BUF,matthau01,Auston Matthews,1
202311040TOR,BUF,nylanwi01,William Nylander,0
202311040TOR,BUF,reavery01,Ryan Reaves,0
202311040TOR,BUF,riellmo01,Morgan Rielly,0
202311040TOR,BUF,tavarjo01,John Tavares,0
202311040TOR,BUF,wolljo01,Joseph Woll,0
