game_id,opponent,player_id,player_name,scored
202310120SJS,SJS,amadimi01,Michael Amadio,1
202310120SJS,SJS,barbaiv01,Ivan Barbashev,0
202310120SJS,SJS,cottepa01,Paul Cotter,0
202310120SJS,SJS,dorofpa01,Pavel Dorofeyev,0
202310120SJS,SJS,eicheja01,Jack Eichel,0
202310120SJS,SJS,hagueni01,Nicolas Hague,1
202310120SJS,SJS,huttobe01,Ben Hutton,0
202310120SJS,SJS,karlswi01,William Karlsson,0
202310120SJS,SJS,koleske01,Keegan Kolesar,0
202310120SJS,SJS,audymjo01,Jonathan Marchessault,0
202310120SJS,SJS,mcnabbr01,Brayden McNabb,0
202310120SJS,SJS,pachabr01,Brayden Pachal,1
202310120SJS,SJS,pietral01,Alex Pietrangelo,0
202310120SJS,SJS,royni01,Nicolas Roy,1
202310120SJS,SJS,rondbjo01,Jonas RÃ¸ndbjerg,0
202310120SJS,SJS,stephch02,Chandler Stephenson,0
202310120SJS,SJS,stonema01,Mark Stone,0
202310120SJS,SJS,theodsh01,Shea Theodore,0
202310120SJS,SJS,thomplo01,Logan Thompson,0
202310120SJS,VEG,barabal01,Alexander Barabanov,0
202310120SJS,VEG,bennima01,Matt Benning,0
202310120SJS,VEG,bordeth01,Thomas Bordeleau,0
202310120SJS,VEG,burroky01,Kyle Burroughs,0
202310120SJS,VEG,duclaan01,Anthony Duclair,0
202310120SJS,VEG,eklunwi01,William Eklund,0
202310120SJS,VEG,ferrama01,Mario Ferraro,0
202310120SJS,VEG,granlmi01,Mikael Granlund,0
202310120SJS,VEG,hertlto01,TomÃ¡Å¡ Hertl,0
202310120SJS,VEG,hoffmmi02,Mike Hoffman,0
202310120SJS,VEG,kuninlu01,Luke Kunin,0
202310120SJS,VEG,ruttaja02,Jan Rutta,0
202310120SJS,VEG,smithgi01,Givani Smith,0
202310120SJS,VEG,sturmni01,Nico Sturm,0
202310120SJS,VEG,thrunhe01,Henry Thrun,0
202310120SJS,VEG,vlasima01,Marc-Ãdouard Vlasic,0
202310120SJS,VEG,zadinfi01,Filip Zadina,1
202310120SJS,VEG,zettefa01,Fabian Zetterlund,0
202310120SJS,VEG,kahkoka01,Kaapo KÃ¤hkÃ¶nen,0
