game_id,opponent,player_id,player_name,scored
202312090CHI,CHI,buchnpa01,Pavel Buchnevich,0
202312090CHI,CHI,faulkju01,Justin Faulk,0
202312090CHI,CHI,hayeske01,Kevin Hayes,0
202312090CHI,CHI,kapanka01,Kasperi Kapanen,0
202312090CHI,CHI,krugto01,Torey Krug,0
202312090CHI,CHI,kyroujo01,Jordan Kyrou,0
202312090CHI,CHI,leddyni01,Nick Leddy,0
202312090CHI,CHI,mcginhu01,Hugh McGing,0
202312090CHI,CHI,neighja01,Jake Neighbours,0
202312090CHI,CHI,parayco01,Colton Parayko,0
202312090CHI,CHI,perunsc01,Scott Perunovich,0
202312090CHI,CHI,saadbr01,Brandon Saad,0
202312090CHI,CHI,scandma01,Marco Scandella,0
202312090CHI,CHI,schenbr01,Brayden Schenn,0
202312090CHI,CHI,sundqos01,Oskar Sundqvist,1
202312090CHI,CHI,thomaro01,Robert Thomas,0
202312090CHI,CHI,toropal01,Alexey Toropchenko,0
202312090CHI,CHI,vranaja01,Jakub VrÃ¡na,0
202312090CHI,CHI,binnijo01,Jordan Binnington,0
202312090CHI,STL,anderjo08,Joey Anderson,0
202312090CHI,STL,beauvan01,Anthony Beauvillier,1
202312090CHI,STL,bedarco01,Connor Bedard,0
202312090CHI,STL,crevilo01,Louis Crevier,0
202312090CHI,STL,dickija01,Jason Dickinson,1
202312090CHI,STL,entwima01,Mackenzie Entwistle,0
202312090CHI,STL,foligni01,Nick Foligno,0
202312090CHI,STL,guttmco01,Cole Guttman,0
202312090CHI,STL,johnsre01,Reese Johnson,0
202312090CHI,STL,johnsty01,Tyler Johnson,0
202312090CHI,STL,jonesse01,Seth Jones,0
202312090CHI,STL,kurasph01,Philipp Kurashev,0
202312090CHI,STL,murphco02,Connor Murphy,0
202312090CHI,STL,phillis01,Isaak Phillips,0
202312090CHI,STL,raddyta01,Taylor Raddysh,0
202312090CHI,STL,reichlu01,Lukas Reichel,0
202312090CHI,STL,vlasial01,Alex Vlasic,1
202312090CHI,STL,zaitsni01,Nikita Zaitsev,0
202312090CHI,STL,mrazepe01,Petr MrÃ¡zek,0
