game_id,opponent,player_id,player_name,scored
202312040MTL,MTL,bellepi01,Pierre-Ãdouard Bellemare,0
202312040MTL,MTL,beniema01,Matthew Beniers,0
202312040MTL,MTL,bjorkol01,Oliver Bjorkstrand,0
202312040MTL,MTL,borgewi01,William Borgen,0
202312040MTL,MTL,dumoubr01,Brian Dumoulin,0
202312040MTL,MTL,dunnvi02,Vince Dunn,1
202312040MTL,MTL,eberljo01,Jordan Eberle,0
202312040MTL,MTL,gourdya01,Yanni Gourde,0
202312040MTL,MTL,kartyty01,Tye Kartye,0
202312040MTL,MTL,larssad01,Adam Larsson,0
202312040MTL,MTL,mccanja01,Jared McCann,1
202312040MTL,MTL,mccorma01,Max McCormick,0
202312040MTL,MTL,oleksja01,Jamie Oleksiak,0
202312040MTL,MTL,schulju01,Justin Schultz,0
202312040MTL,MTL,tanevbr01,Brandon Tanev,0
202312040MTL,MTL,tolvaee01,Eeli Tolvanen,0
202312040MTL,MTL,wennbal01,Alexander Wennberg,0
202312040MTL,MTL,yamamka01,Kailer Yamamoto,0
202312040MTL,MTL,grubaph01,Philipp Grubauer,0
202312040MTL,SEA,anderjo05,Josh Anderson,1
202312040MTL,SEA,armiajo01,Joel Armia,0
202312040MTL,SEA,barroju01,Justin Barron,0
202312040MTL,SEA,caufico01,Cole Caufield,0
202312040MTL,SEA,dvorach01,Christian Dvorak,0
202312040MTL,SEA,evansja02,Jake Evans,0
202312040MTL,SEA,gallabr01,Brendan Gallagher,0
202312040MTL,SEA,guhleka01,Kaiden Guhle,0
202312040MTL,SEA,kovacjo01,Johnathan Kovacevic,0
202312040MTL,SEA,lindsgu01,Gustav LindstrÃ¶m,0
202312040MTL,SEA,mathemi01,Mike Matheson,0
202312040MTL,SEA,monahse01,Sean Monahan,1
202312040MTL,SEA,pearsta01,Tanner Pearson,1
202312040MTL,SEA,slafkju01,Juraj Slafkovsky,0
202312040MTL,SEA,stephmi01,Mitchell Stephens,0
202312040MTL,SEA,strubja01,Jayden Struble,0
202312040MTL,SEA,suzukni01,Nick Suzuki,0
202312040MTL,SEA,yloneje01,Jesse YlÃ¶nen,0
202312040MTL,SEA,montesa01,Sam Montembeault,0
