game_id,opponent,player_id,player_name,scored
202310190SEA,SEA,buntimi01,Michael Bunting,0
202310190SEA,SEA,burnsbr01,Brent Burns,0
202310190SEA,SEA,chatfja01,Jalen Chatfield,0
202310190SEA,SEA,deangan01,Tony DeAngelo,0
202310190SEA,SEA,druryja01,Jack Drury,0
202310190SEA,SEA,fastje01,Jesper Fast,1
202310190SEA,SEA,jarvise01,Seth Jarvis,1
202310190SEA,SEA,kotkaje01,Jesperi Kotkaniemi,1
202310190SEA,SEA,lemiebr01,Brendan Lemieux,0
202310190SEA,SEA,martijo01,Jordan Martinook,0
202310190SEA,SEA,necasma01,Martin NeÄas,0
202310190SEA,SEA,noesest01,Stefan Noesen,0
202310190SEA,SEA,orlovdm01,Dmitry Orlov,0
202310190SEA,SEA,pescebr01,Brett Pesce,0
202310190SEA,SEA,skjeibr01,Brady Skjei,0
202310190SEA,SEA,slavija01,Jaccob Slavin,0
202310190SEA,SEA,staaljo01,Jordan Staal,0
202310190SEA,SEA,teravte01,Teuvo TerÃ¤vÃ¤inen,0
202310190SEA,SEA,kochepy01,Pyotr Kochetkov,0
202310190SEA,SEA,raantan01,Antti Raanta,0
202310190SEA,CAR,bellepi01,Pierre-Ãdouard Bellemare,1
202310190SEA,CAR,beniema01,Matthew Beniers,0
202310190SEA,CAR,bjorkol01,Oliver Bjorkstrand,1
202310190SEA,CAR,borgewi01,William Borgen,0
202310190SEA,CAR,burakan01,AndrÃ© Burakovsky,0
202310190SEA,CAR,dumoubr01,Brian Dumoulin,0
202310190SEA,CAR,dunnvi02,Vince Dunn,1
202310190SEA,CAR,eberljo01,Jordan Eberle,0
202310190SEA,CAR,gourdya01,Yanni Gourde,1
202310190SEA,CAR,kartyty01,Tye Kartye,1
202310190SEA,CAR,larssad01,Adam Larsson,0
202310190SEA,CAR,mccanja01,Jared McCann,1
202310190SEA,CAR,oleksja01,Jamie Oleksiak,0
202310190SEA,CAR,schulju01,Justin Schultz,0
202310190SEA,CAR,schwaja01,Jaden Schwartz,1
202310190SEA,CAR,tolvaee01,Eeli Tolvanen,0
202310190SEA,CAR,wennbal01,Alexander Wennberg,0
202310190SEA,CAR,yamamka01,Kailer Yamamoto,0
202310190SEA,CAR,daccojo01,Joey Daccord,0
