game_id,opponent,player_id,player_name,scored
202311110WPG,WPG,bennja01,Jamie Benn,0
202311110WPG,WPG,dadonev01,Evgenii Dadonov,0
202311110WPG,WPG,duchema01,Matt Duchene,1
202311110WPG,WPG,faksara01,Radek Faksa,0
202311110WPG,WPG,hakanja01,Jani HakanpÃ¤Ã¤,0
202311110WPG,WPG,harleth01,Thomas Harley,1
202311110WPG,WPG,heiskmi01,Miro Heiskanen,0
202311110WPG,WPG,hintzro01,Roope Hintz,0
202311110WPG,WPG,johnswy01,Wyatt Johnston,1
202311110WPG,WPG,lindees01,Esa Lindell,0
202311110WPG,WPG,lundkni01,Nils Lundkvist,0
202311110WPG,WPG,marchma01,Mason Marchment,0
202311110WPG,WPG,paveljo01,Joe Pavelski,0
202311110WPG,WPG,roberja01,Jason Robertson,0
202311110WPG,WPG,seguity01,Tyler Seguin,0
202311110WPG,WPG,smithcr01,Craig Smith,0
202311110WPG,WPG,steelsa01,Sam Steel,0
202311110WPG,WPG,suterry01,Ryan Suter,0
202311110WPG,WPG,wedgesc01,Scott Wedgewood,0
202311110WPG,DAL,applema01,Mason Appleton,0
202311110WPG,DAL,barromo01,Morgan Barron,0
202311110WPG,DAL,connoky01,Kyle Connor,0
202311110WPG,DAL,demeldy01,Dylan DeMelo,0
202311110WPG,DAL,dillobr01,Brenden Dillon,1
202311110WPG,DAL,ehlerni01,Nikolaj Ehlers,0
202311110WPG,DAL,gustada01,David Gustafsson,0
202311110WPG,DAL,iafalal01,Alex Iafallo,0
202311110WPG,DAL,kuparra01,Rasmus Kupari,0
202311110WPG,DAL,lowryad01,Adam Lowry,0
202311110WPG,DAL,morrijo04,Josh Morrissey,0
202311110WPG,DAL,namesvl01,Vladislav Namestnikov,0
202311110WPG,DAL,niedeni01,Nino Niederreiter,0
202311110WPG,DAL,perfeco01,Cole Perfetti,1
202311110WPG,DAL,pionkne01,Neal Pionk,0
202311110WPG,DAL,sambedy01,Dylan Samberg,0
202311110WPG,DAL,scheima01,Mark Scheifele,0
202311110WPG,DAL,schmina01,Nate Schmidt,0
202311110WPG,DAL,helleco01,Connor Hellebuyck,0
