game_id,opponent,player_id,player_name,scored
202312100VEG,VEG,addisca01,Calen Addison,1
202312100VEG,VEG,baileju01,Justin Bailey,0
202312100VEG,VEG,barabal01,Alexander Barabanov,0
202312100VEG,VEG,burroky01,Kyle Burroughs,0
202312100VEG,VEG,duclaan01,Anthony Duclair,0
202312100VEG,VEG,ferrama01,Mario Ferraro,1
202312100VEG,VEG,granlmi01,Mikael Granlund,0
202312100VEG,VEG,hertlto01,TomÃ¡Å¡ Hertl,0
202312100VEG,VEG,hoffmmi02,Mike Hoffman,1
202312100VEG,VEG,labanke01,Kevin Labanc,0
202312100VEG,VEG,macdoja02,Jacob MacDonald,0
202312100VEG,VEG,okhotni01,Nikita Okhotyuk,0
202312100VEG,VEG,ruttaja02,Jan Rutta,0
202312100VEG,VEG,smithgi01,Givani Smith,0
202312100VEG,VEG,sturmni01,Nico Sturm,0
202312100VEG,VEG,thrunhe01,Henry Thrun,0
202312100VEG,VEG,zadinfi01,Filip Zadina,0
202312100VEG,VEG,zettefa01,Fabian Zetterlund,0
202312100VEG,VEG,kahkoka01,Kaapo KÃ¤hkÃ¶nen,0
202312100VEG,SJS,amadimi01,Michael Amadio,0
202312100VEG,SJS,barbaiv01,Ivan Barbashev,0
202312100VEG,SJS,carriwi01,William Carrier,0
202312100VEG,SJS,cottepa01,Paul Cotter,0
202312100VEG,SJS,eicheja01,Jack Eichel,0
202312100VEG,SJS,hagueni01,Nicolas Hague,0
202312100VEG,SJS,howdebr01,Brett Howden,0
202312100VEG,SJS,huttobe01,Ben Hutton,0
202312100VEG,SJS,karlswi01,William Karlsson,0
202312100VEG,SJS,koleske01,Keegan Kolesar,0
202312100VEG,SJS,korczka01,Kaedan Korczak,0
202312100VEG,SJS,audymjo01,Jonathan Marchessault,1
202312100VEG,SJS,mcnabbr01,Brayden McNabb,1
202312100VEG,SJS,pietral01,Alex Pietrangelo,0
202312100VEG,SJS,royni01,Nicolas Roy,0
202312100VEG,SJS,stephch02,Chandler Stephenson,1
202312100VEG,SJS,stonema01,Mark Stone,0
202312100VEG,SJS,whiteza01,Zach Whitecloud,0
202312100VEG,SJS,paterji01,JiÅÃ­ Patera,0
