game_id,opponent,player_id,player_name,scored
202311120MTL,MTL,beauvan01,Anthony Beauvillier,0
202311120MTL,MTL,bluegte01,Teddy Blueger,0
202311120MTL,MTL,boesebr01,Brock Boeser,1
202311120MTL,MTL,coleia01,Ian Cole,0
202311120MTL,MTL,digiuph01,Phillip Di Giuseppe,1
202311120MTL,MTL,garlaco01,Conor Garland,1
202311120MTL,MTL,hronefi01,Filip Hronek,0
202311120MTL,MTL,hughequ01,Quinn Hughes,0
202311120MTL,MTL,joshuda01,Dakota Joshua,1
202311120MTL,MTL,juulsno01,Noah Juulsen,0
202311120MTL,MTL,kuzmean01,Andrei Kuzmenko,0
202311120MTL,MTL,laffesa01,Sam Lafferty,0
202311120MTL,MTL,mikheil01,Ilya Mikheyev,1
202311120MTL,MTL,millejt01,J.T. Miller,0
202311120MTL,MTL,myersty01,Tyler Myers,0
202311120MTL,MTL,petteel01,Elias Pettersson,0
202311120MTL,MTL,soucyca01,Carson Soucy,0
202311120MTL,MTL,suterpi01,Pius Suter,0
202311120MTL,MTL,desmica01,Casey DeSmith,0
202311120MTL,VAN,anderjo05,Josh Anderson,0
202311120MTL,VAN,barroju01,Justin Barron,0
202311120MTL,VAN,caufico01,Cole Caufield,0
202311120MTL,VAN,dvorach01,Christian Dvorak,0
202311120MTL,VAN,evansja02,Jake Evans,0
202311120MTL,VAN,gallabr01,Brendan Gallagher,0
202311120MTL,VAN,guhleka01,Kaiden Guhle,0
202311120MTL,VAN,harrijo01,Jordan Harris,0
202311120MTL,VAN,harvera01,RafaÃ«l Harvey-Pinard,0
202311120MTL,VAN,kovacjo01,Johnathan Kovacevic,0
202311120MTL,VAN,mathemi01,Mike Matheson,1
202311120MTL,VAN,monahse01,Sean Monahan,0
202311120MTL,VAN,newhoal01,Alex Newhook,0
202311120MTL,VAN,pearsta01,Tanner Pearson,0
202311120MTL,VAN,pezzemi01,Michael Pezzetta,0
202311120MTL,VAN,slafkju01,Juraj Slafkovsky,0
202311120MTL,VAN,suzukni01,Nick Suzuki,0
202311120MTL,VAN,xhekaar01,Arber Xhekaj,1
202311120MTL,VAN,allenja01,Jake Allen,0
