game_id,opponent,player_id,player_name,scored
202312130COL,COL,bensoza01,Zach Benson,1
202312130COL,COL,cliftco01,Connor Clifton,0
202312130COL,COL,cozendy01,Dylan Cozens,0
202312130COL,COL,dahlira01,Rasmus Dahlin,0
202312130COL,COL,johnser01,Erik Johnson,0
202312130COL,COL,jokihhe01,Henri Jokiharju,0
202312130COL,COL,jostty01,Tyson Jost,0
202312130COL,COL,krebspe01,Peyton Krebs,0
202312130COL,COL,mitteca01,Casey Mittelstadt,0
202312130COL,COL,okposky01,Kyle Okposo,0
202312130COL,COL,olofsvi01,Victor Olofsson,0
202312130COL,COL,peterjo01,John-Jason Peterka,0
202312130COL,COL,powerow01,Owen Power,0
202312130COL,COL,robiner01,Eric Robinson,0
202312130COL,COL,samuema02,Mattias Samuelsson,0
202312130COL,COL,skinnje01,Jeff Skinner,0
202312130COL,COL,thompta01,Tage Thompson,0
202312130COL,COL,tuchal01,Alex Tuch,0
202312130COL,COL,luukkuk01,Ukko-Pekka Luukkonen,0
202312130COL,BUF,byrambo01,Bowen Byram,0
202312130COL,BUF,coglian01,Andrew Cogliano,0
202312130COL,BUF,coltoro01,Ross Colton,0
202312130COL,BUF,drouijo01,Jonathan Drouin,0
202312130COL,BUF,johanry01,Ryan Johansen,0
202312130COL,BUF,johnsja02,Jack Johnson,0
202312130COL,BUF,mackina01,Nathan MacKinnon,0
202312130COL,BUF,makarca01,Cale Makar,0
202312130COL,BUF,malinsa01,Sam Malinski,1
202312130COL,BUF,mansojo01,Josh Manson,0
202312130COL,BUF,meyerbe01,Ben Meyers,0
202312130COL,BUF,nichuva01,Valeri Nichushkin,1
202312130COL,BUF,oconnlo01,Logan O'Connor,0
202312130COL,BUF,olofsfr01,Fredrik Olofsson,0
202312130COL,BUF,rantami01,Mikko Rantanen,1
202312130COL,BUF,tatarto01,TomÃ¡Å¡ Tatar,0
202312130COL,BUF,toewsde01,Devon Toews,0
202312130COL,BUF,woodmi01,Miles Wood,1
202312130COL,BUF,prosviv01,Ivan Prosvetov,0
