game_id,opponent,player_id,player_name,scored
202310300VEG,VEG,anderjo05,Josh Anderson,0
202310300VEG,VEG,armiajo01,Joel Armia,0
202310300VEG,VEG,barroju01,Justin Barron,0
202310300VEG,VEG,caufico01,Cole Caufield,0
202310300VEG,VEG,evansja02,Jake Evans,0
202310300VEG,VEG,gallabr01,Brendan Gallagher,0
202310300VEG,VEG,guhleka01,Kaiden Guhle,0
202310300VEG,VEG,harrijo01,Jordan Harris,0
202310300VEG,VEG,harvera01,RafaÃ«l Harvey-Pinard,0
202310300VEG,VEG,kovacjo01,Johnathan Kovacevic,0
202310300VEG,VEG,mathemi01,Mike Matheson,0
202310300VEG,VEG,monahse01,Sean Monahan,1
202310300VEG,VEG,newhoal01,Alex Newhook,0
202310300VEG,VEG,pearsta01,Tanner Pearson,0
202310300VEG,VEG,pezzemi01,Michael Pezzetta,0
202310300VEG,VEG,slafkju01,Juraj Slafkovsky,0
202310300VEG,VEG,suzukni01,Nick Suzuki,1
202310300VEG,VEG,xhekaar01,Arber Xhekaj,0
202310300VEG,VEG,montesa01,Sam Montembeault,0
202310300VEG,MTL,amadimi01,Michael Amadio,0
202310300VEG,MTL,barbaiv01,Ivan Barbashev,0
202310300VEG,MTL,carriwi01,William Carrier,1
202310300VEG,MTL,cottepa01,Paul Cotter,1
202310300VEG,MTL,dorofpa01,Pavel Dorofeyev,0
202310300VEG,MTL,eicheja01,Jack Eichel,0
202310300VEG,MTL,hagueni01,Nicolas Hague,0
202310300VEG,MTL,howdebr01,Brett Howden,0
202310300VEG,MTL,karlswi01,William Karlsson,0
202310300VEG,MTL,koleske01,Keegan Kolesar,0
202310300VEG,MTL,korczka01,Kaedan Korczak,0
202310300VEG,MTL,audymjo01,Jonathan Marchessault,0
202310300VEG,MTL,martial01,Alec Martinez,0
202310300VEG,MTL,mcnabbr01,Brayden McNabb,0
202310300VEG,MTL,pietral01,Alex Pietrangelo,0
202310300VEG,MTL,stephch02,Chandler Stephenson,0
202310300VEG,MTL,stonema01,Mark Stone,0
202310300VEG,MTL,theodsh01,Shea Theodore,0
202310300VEG,MTL,hillad01,Adin Hill,0
