game_id,opponent,player_id,player_name,scored
202312020DAL,DAL,barreal01,Alex BarrÃ©-Boulet,0
202312020DAL,DAL,cernaer01,Erik ÄernÃ¡k,0
202312020DAL,DAL,cirelan01,Anthony Cirelli,0
202312020DAL,DAL,dehaaca01,Calvin de Haan,0
202312020DAL,DAL,eyssimi01,Michael Eyssimont,0
202312020DAL,DAL,glendlu01,Luke Glendening,0
202312020DAL,DAL,hagelbr01,Brandon Hagel,0
202312020DAL,DAL,hedmavi01,Victor Hedman,1
202312020DAL,DAL,jeannta01,Tanner Jeannot,0
202312020DAL,DAL,kucheni01,Nikita Kucherov,0
202312020DAL,DAL,mottety01,Tyler Motte,0
202312020DAL,DAL,paulni01,Nick Paul,0
202312020DAL,DAL,perbini01,Nicklaus Perbix,0
202312020DAL,DAL,pointbr01,Brayden Point,0
202312020DAL,DAL,raddyda01,Darren Raddysh,0
202312020DAL,DAL,sergami01,Mikhail Sergachev,0
202312020DAL,DAL,stamkst01,Steven Stamkos,0
202312020DAL,DAL,watsoau01,Austin Watson,0
202312020DAL,DAL,johanjo03,Jonas Johansson,0
202312020DAL,DAL,vasilan02,Andrei Vasilevskiy,0
202312020DAL,TBL,bennja01,Jamie Benn,1
202312020DAL,TBL,dellaty01,Ty Dellandrea,0
202312020DAL,TBL,duchema01,Matt Duchene,0
202312020DAL,TBL,faksara01,Radek Faksa,0
202312020DAL,TBL,hakanja01,Jani HakanpÃ¤Ã¤,0
202312020DAL,TBL,hanlejo01,Joel Hanley,0
202312020DAL,TBL,harleth01,Thomas Harley,1
202312020DAL,TBL,heiskmi01,Miro Heiskanen,0
202312020DAL,TBL,hintzro01,Roope Hintz,0
202312020DAL,TBL,johnswy01,Wyatt Johnston,0
202312020DAL,TBL,lindees01,Esa Lindell,0
202312020DAL,TBL,marchma01,Mason Marchment,1
202312020DAL,TBL,paveljo01,Joe Pavelski,1
202312020DAL,TBL,roberja01,Jason Robertson,1
202312020DAL,TBL,seguity01,Tyler Seguin,1
202312020DAL,TBL,smithcr01,Craig Smith,0
202312020DAL,TBL,steelsa01,Sam Steel,1
202312020DAL,TBL,suterry01,Ryan Suter,0
202312020DAL,TBL,oettija01,Jake Oettinger,0
