game_id,opponent,player_id,player_name,scored
202312140VAN,VAN,balinuv01,Uvis Balinskis,0
202312140VAN,VAN,barkoal01,Aleksander Barkov,0
202312140VAN,VAN,bennesa01,Sam Bennett,0
202312140VAN,VAN,cousini01,Nick Cousins,0
202312140VAN,VAN,ekblaaa01,Aaron Ekblad,0
202312140VAN,VAN,ekmanol01,Oliver Ekman-Larsson,0
202312140VAN,VAN,forslgu02,Gustav Forsling,0
202312140VAN,VAN,kulikdm01,Dmitry Kulikov,0
202312140VAN,VAN,lombery01,Ryan Lomberg,0
202312140VAN,VAN,lorenst01,Steven Lorentz,0
202312140VAN,VAN,luostee01,Eetu Luostarinen,0
202312140VAN,VAN,mikkoni01,Niko Mikkola,0
202312140VAN,VAN,montobr01,Brandon Montour,0
202312140VAN,VAN,reinhsa01,Sam Reinhart,0
202312140VAN,VAN,rodriev01,Evan Rodrigues,0
202312140VAN,VAN,stenlke01,Kevin Stenlund,0
202312140VAN,VAN,tkachma01,Matthew Tkachuk,0
202312140VAN,VAN,verhaca01,Carter Verhaeghe,0
202312140VAN,VAN,bobrose01,Sergei Bobrovsky,0
202312140VAN,VAN,stolaan01,Anthony Stolarz,0
202312140VAN,FLA,bluegte01,Teddy Blueger,0
202312140VAN,FLA,boesebr01,Brock Boeser,1
202312140VAN,FLA,coleia01,Ian Cole,0
202312140VAN,FLA,digiuph01,Phillip Di Giuseppe,0
202312140VAN,FLA,garlaco01,Conor Garland,0
202312140VAN,FLA,hoglani01,Nils HÃ¶glander,0
202312140VAN,FLA,hronefi01,Filip Hronek,0
202312140VAN,FLA,hughequ01,Quinn Hughes,0
202312140VAN,FLA,joshuda01,Dakota Joshua,1
202312140VAN,FLA,juulsno01,Noah Juulsen,0
202312140VAN,FLA,kuzmean01,Andrei Kuzmenko,1
202312140VAN,FLA,laffesa01,Sam Lafferty,0
202312140VAN,FLA,mikheil01,Ilya Mikheyev,0
202312140VAN,FLA,millejt01,J.T. Miller,0
202312140VAN,FLA,myersty01,Tyler Myers,0
202312140VAN,FLA,petteel01,Elias Pettersson,0
202312140VAN,FLA,suterpi01,Pius Suter,0
202312140VAN,FLA,zadorni01,Nikita Zadorov,0
202312140VAN,FLA,demkoth01,Thatcher Demko,0
