game_id,opponent,player_id,player_name,scored
202312150NYI,NYI,beechjo01,John Beecher,0
202312150NYI,NYI,boqvije01,Jesper Boqvist,0
202312150NYI,NYI,carlobr01,Brandon Carlo,0
202312150NYI,NYI,coylech01,Charlie Coyle,0
202312150NYI,NYI,debruja01,Jake DeBrusk,0
202312150NYI,NYI,fredetr01,Trent Frederic,0
202312150NYI,NYI,geekimo01,Morgan Geekie,1
202312150NYI,NYI,grzelma01,Matt Grzelcyk,0
202312150NYI,NYI,heineda01,Danton Heinen,0
202312150NYI,NYI,laukoja01,Jakub Lauko,0
202312150NYI,NYI,lindhha01,Hampus Lindholm,0
202312150NYI,NYI,lohrema01,Mason Lohrei,1
202312150NYI,NYI,marchbr03,Brad Marchand,0
202312150NYI,NYI,pastrda01,David PastrÅÃ¡k,1
202312150NYI,NYI,shattke01,Kevin Shattenkirk,0
202312150NYI,NYI,steenos01,Oskar Steen,0
202312150NYI,NYI,vanrija01,James van Riemsdyk,1
202312150NYI,NYI,wothepa01,Parker Wotherspoon,0
202312150NYI,NYI,ullmali01,Linus Ullmark,0
202312150NYI,BOS,ahose02,Sebastian Aho,0
202312150NYI,BOS,barzama01,Mathew Barzal,0
202312150NYI,BOS,boldusa01,Samuel Bolduc,0
202312150NYI,BOS,borturo01,Robert Bortuzzo,0
202312150NYI,BOS,cizikca01,Casey Cizikas,0
202312150NYI,BOS,cluttca01,Cal Clutterbuck,0
202312150NYI,BOS,dobsono01,Noah Dobson,0
202312150NYI,BOS,engvapi01,Pierre Engvall,0
202312150NYI,BOS,faschhu01,Hudson Fasching,0
202312150NYI,BOS,gauthju01,Julien Gauthier,0
202312150NYI,BOS,holmssi01,Simon HolmstrÃ¶m,1
202312150NYI,BOS,horvabo01,Bo Horvat,1
202312150NYI,BOS,leean01,Anders Lee,0
202312150NYI,BOS,nelsobr01,Brock Nelson,1
202312150NYI,BOS,pageaje01,Jean-Gabriel Pageau,0
202312150NYI,BOS,palmiky01,Kyle Palmieri,0
202312150NYI,BOS,reillmi01,Mike Reilly,0
202312150NYI,BOS,romanal01,Alexander Romanov,1
202312150NYI,BOS,sorokil01,Ilya Sorokin,0
