game_id,opponent,player_id,player_name,scored
202312210CBJ,CBJ,aubekni01,Nicolas AubÃ©-Kubel,0
202312210CBJ,CBJ,carlsjo01,John Carlson,0
202312210CBJ,CBJ,dowdni01,Nic Dowd,0
202312210CBJ,CBJ,edmunjo01,Joel Edmundson,0
202312210CBJ,CBJ,feherma01,Martin FehÃ©rvÃ¡ry,0
202312210CBJ,CBJ,jenseni02,Nick Jensen,0
202312210CBJ,CBJ,kuzneev01,Evgeny Kuznetsov,0
202312210CBJ,CBJ,lapiehe01,Hendrix Lapierre,0
202312210CBJ,CBJ,malenbe01,Beck Malenstyn,0
202312210CBJ,CBJ,manthan01,Anthony Mantha,1
202312210CBJ,CBJ,mirosiv01,Ivan Miroshnichenko,0
202312210CBJ,CBJ,ovechal01,Alex Ovechkin,1
202312210CBJ,CBJ,phillma01,Matthew Phillips,0
202312210CBJ,CBJ,protaal01,Aliaksei Protas,0
202312210CBJ,CBJ,sandira01,Rasmus Sandin,0
202312210CBJ,CBJ,stromdy01,Dylan Strome,0
202312210CBJ,CBJ,vanritr01,Trevor van Riemsdyk,0
202312210CBJ,CBJ,wilsoto01,Tom Wilson,0
202312210CBJ,CBJ,lindgch01,Charlie Lindgren,0
202312210CBJ,WSH,beanja01,Jake Bean,0
202312210CBJ,WSH,bemstem01,Emil BemstrÃ¶m,0
202312210CBJ,WSH,chinaye01,Yegor Chinakhov,1
202312210CBJ,WSH,danfoju01,Justin Danforth,0
202312210CBJ,WSH,fantiad01,Adam Fantilli,0
202312210CBJ,WSH,gaudrjo01,Johnny Gaudreau,0
202312210CBJ,WSH,gauncbr01,Brendan Gaunce,0
202312210CBJ,WSH,gudbrer01,Erik Gudbranson,0
202312210CBJ,WSH,jiricda01,David JiÅÃ­Äek,0
202312210CBJ,WSH,johnske01,Kent Johnson,0
202312210CBJ,WSH,kuralse01,Sean Kuraly,0
202312210CBJ,WSH,marchki01,Kirill Marchenko,0
202312210CBJ,WSH,peekean01,Andrew Peeke,0
202312210CBJ,WSH,provoiv01,Ivan Provorov,0
202312210CBJ,WSH,sillico01,Cole Sillinger,1
202312210CBJ,WSH,texieal01,Alexandre Texier,0
202312210CBJ,WSH,vorondi01,Dmitri Voronkov,0
202312210CBJ,WSH,werenza01,Zach Werenski,0
202312210CBJ,WSH,merzlel01,Elvis MerzÄ¼ikins,0
