game_id,opponent,player_id,player_name,scored
202311120ANA,ANA,addisca01,Calen Addison,0
202311120ANA,ANA,burroky01,Kyle Burroughs,0
202311120ANA,ANA,carpery01,Ryan Carpenter,0
202311120ANA,ANA,eklunwi01,William Eklund,0
202311120ANA,ANA,ferrama01,Mario Ferraro,0
202311120ANA,ANA,granlmi01,Mikael Granlund,0
202311120ANA,ANA,hertlto01,TomÃ¡Å¡ Hertl,0
202311120ANA,ANA,hoffmmi02,Mike Hoffman,0
202311120ANA,ANA,knyzhni01,Nikolai Knyzhov,0
202311120ANA,ANA,kuninlu01,Luke Kunin,1
202311120ANA,ANA,labanke01,Kevin Labanc,0
202311120ANA,ANA,okhotni01,Nikita Okhotyuk,0
202311120ANA,ANA,ruttaja02,Jan Rutta,0
202311120ANA,ANA,smithgi01,Givani Smith,0
202311120ANA,ANA,sturmni01,Nico Sturm,0
202311120ANA,ANA,vlasima01,Marc-Ãdouard Vlasic,0
202311120ANA,ANA,zadinfi01,Filip Zadina,0
202311120ANA,ANA,zettefa01,Fabian Zetterlund,0
202311120ANA,ANA,blackma01,Mackenzie Blackwood,0
202311120ANA,SJS,carlsle01,Leo Carlsson,0
202311120ANA,SJS,carrisa01,Sam Carrick,0
202311120ANA,SJS,fowleca01,Cam Fowler,0
202311120ANA,SJS,groulbe01,Benoit-Olivier Groulx,0
202311120ANA,SJS,gudasra01,Radko Gudas,1
202311120ANA,SJS,henriad01,Adam Henrique,0
202311120ANA,SJS,jonesma03,Max Jones,0
202311120ANA,SJS,killoal01,Alex Killorn,0
202311120ANA,SJS,lacomja01,Jackson LaCombe,0
202311120ANA,SJS,leasobr01,Brett Leason,0
202311120ANA,SJS,lyubuil01,Ilya Lyubushkin,0
202311120ANA,SJS,mctavma01,Mason McTavish,1
202311120ANA,SJS,mintypa01,Pavel Mintyukov,0
202311120ANA,SJS,silfvja01,Jakob Silfverberg,0
202311120ANA,SJS,stromry01,Ryan Strome,0
202311120ANA,SJS,terrytr01,Troy Terry,0
202311120ANA,SJS,vaakaur01,Urho Vaakanainen,0
202311120ANA,SJS,vatrafr01,Frank Vatrano,1
202311120ANA,SJS,gibsojo02,John Gibson,0
