game_id,opponent,player_id,player_name,scored
202310210STL,STL,acciano01,Noel Acciari,0
202310210STL,STL,carteje01,Jeff Carter,0
202310210STL,STL,crosbsi01,Sidney Crosby,0
202310210STL,STL,ellerla01,Lars Eller,0
202310210STL,STL,gravery01,Ryan Graves,0
202310210STL,STL,guentja01,Jake Guentzel,0
202310210STL,STL,karlser01,Erik Karlsson,0
202310210STL,STL,letankr01,Kris Letang,0
202310210STL,STL,malkiev01,Evgeni Malkin,1
202310210STL,STL,nietoma01,Matthew Nieto,0
202310210STL,STL,oconndr01,Drew O'Connor,0
202310210STL,STL,pettema01,Marcus Pettersson,0
202310210STL,STL,rakelri01,Rickard Rakell,0
202310210STL,STL,ruhwech01,Chad Ruhwedel,0
202310210STL,STL,rustbr01,Bryan Rust,0
202310210STL,STL,sheary01,Ryan Shea,0
202310210STL,STL,smithre01,Reilly Smith,0
202310210STL,STL,zohorra01,Radim Zohorna,1
202310210STL,STL,jarrytr01,Tristan Jarry,0
202310210STL,PIT,alexani01,Nikita Alexandrov,0
202310210STL,PIT,blaissa01,Sammy Blais,0
202310210STL,PIT,faulkju01,Justin Faulk,0
202310210STL,PIT,hayeske01,Kevin Hayes,0
202310210STL,PIT,kapanka01,Kasperi Kapanen,0
202310210STL,PIT,krugto01,Torey Krug,0
202310210STL,PIT,kyroujo01,Jordan Kyrou,0
202310210STL,PIT,leddyni01,Nick Leddy,0
202310210STL,PIT,neighja01,Jake Neighbours,1
202310210STL,PIT,parayco01,Colton Parayko,1
202310210STL,PIT,saadbr01,Brandon Saad,1
202310210STL,PIT,scandma01,Marco Scandella,0
202310210STL,PIT,schenbr01,Brayden Schenn,0
202310210STL,PIT,sundqos01,Oskar Sundqvist,0
202310210STL,PIT,thomaro01,Robert Thomas,0
202310210STL,PIT,toropal01,Alexey Toropchenko,0
202310210STL,PIT,tuckety01,Tyler Tucker,0
202310210STL,PIT,vranaja01,Jakub VrÃ¡na,0
202310210STL,PIT,binnijo01,Jordan Binnington,0
