game_id,opponent,player_id,player_name,scored
202310140EDM,EDM,beauvan01,Anthony Beauvillier,0
202310140EDM,EDM,boesebr01,Brock Boeser,0
202310140EDM,EDM,coleia01,Ian Cole,0
202310140EDM,EDM,digiuph01,Phillip Di Giuseppe,0
202310140EDM,EDM,garlaco01,Conor Garland,0
202310140EDM,EDM,hirosak01,Akito Hirose,0
202310140EDM,EDM,hoglani01,Nils HÃ¶glander,1
202310140EDM,EDM,hronefi01,Filip Hronek,0
202310140EDM,EDM,hughequ01,Quinn Hughes,0
202310140EDM,EDM,joshuda01,Dakota Joshua,0
202310140EDM,EDM,juulsno01,Noah Juulsen,0
202310140EDM,EDM,kuzmean01,Andrei Kuzmenko,1
202310140EDM,EDM,laffesa01,Sam Lafferty,1
202310140EDM,EDM,millejt01,J.T. Miller,0
202310140EDM,EDM,myersty01,Tyler Myers,0
202310140EDM,EDM,petteel01,Elias Pettersson,0
202310140EDM,EDM,studnja01,Jack Studnicka,1
202310140EDM,EDM,suterpi01,Pius Suter,0
202310140EDM,EDM,desmica01,Casey DeSmith,0
202310140EDM,VAN,bouchev01,Evan Bouchard,0
202310140EDM,VAN,brobeph01,Philip Broberg,0
202310140EDM,VAN,brownco02,Connor Brown,0
202310140EDM,VAN,cecico01,Cody Ceci,0
202310140EDM,VAN,draisle01,Leon Draisaitl,1
202310140EDM,VAN,ekholma01,Mattias Ekholm,0
202310140EDM,VAN,ernead01,Adam Erne,0
202310140EDM,VAN,foegewa01,Warren Foegele,0
202310140EDM,VAN,hollody01,Dylan Holloway,0
202310140EDM,VAN,hymanza01,Zach Hyman,0
202310140EDM,VAN,janmama02,Mattias Janmark,0
202310140EDM,VAN,kaneev01,Evander Kane,0
202310140EDM,VAN,kulakbr01,Brett Kulak,0
202310140EDM,VAN,mcdavco01,Connor McDavid,1
202310140EDM,VAN,mcleory01,Ryan McLeod,0
202310140EDM,VAN,nugenry01,Ryan Nugent-Hopkins,1
202310140EDM,VAN,nurseda01,Darnell Nurse,0
202310140EDM,VAN,ryande01,Derek Ryan,0
202310140EDM,VAN,skinnst01,Stuart Skinner,0
