game_id,opponent,player_id,player_name,scored
202310140LAK,LAK,ahose01,Sebastian Aho,1
202310140LAK,LAK,buntimi01,Michael Bunting,0
202310140LAK,LAK,burnsbr01,Brent Burns,1
202310140LAK,LAK,deangan01,Tony DeAngelo,0
202310140LAK,LAK,druryja01,Jack Drury,0
202310140LAK,LAK,fastje01,Jesper Fast,0
202310140LAK,LAK,jarvise01,Seth Jarvis,0
202310140LAK,LAK,kotkaje01,Jesperi Kotkaniemi,1
202310140LAK,LAK,lemiebr01,Brendan Lemieux,1
202310140LAK,LAK,martijo01,Jordan Martinook,0
202310140LAK,LAK,necasma01,Martin NeÄas,0
202310140LAK,LAK,noesest01,Stefan Noesen,0
202310140LAK,LAK,orlovdm01,Dmitry Orlov,0
202310140LAK,LAK,pescebr01,Brett Pesce,0
202310140LAK,LAK,skjeibr01,Brady Skjei,0
202310140LAK,LAK,slavija01,Jaccob Slavin,0
202310140LAK,LAK,staaljo01,Jordan Staal,0
202310140LAK,LAK,teravte01,Teuvo TerÃ¤vÃ¤inen,1
202310140LAK,LAK,anderfr01,Frederik Andersen,0
202310140LAK,CAR,andermi02,Michael Anderson,0
202310140LAK,CAR,anderja01,Jaret Anderson-Dolan,0
202310140LAK,CAR,byfiequ01,Quinton Byfield,0
202310140LAK,CAR,danauph01,Phillip Danault,0
202310140LAK,CAR,doughdr01,Drew Doughty,1
202310140LAK,CAR,duboipi01,Pierre-Luc Dubois,0
202310140LAK,CAR,engluan01,Andreas Englund,0
202310140LAK,CAR,fialake01,Kevin Fiala,0
202310140LAK,CAR,gavrivl01,Vladislav Gavrikov,1
202310140LAK,CAR,grundca01,Carl GrundstrÃ¶m,0
202310140LAK,CAR,kempead01,Adrian Kempe,0
202310140LAK,CAR,kopitan01,AnÅ¾e Kopitar,1
202310140LAK,CAR,laferal01,Alex Laferriere,0
202310140LAK,CAR,lewistr01,Trevor Lewis,0
202310140LAK,CAR,lizotbl01,Blake Lizotte,0
202310140LAK,CAR,mooretr01,Trevor Moore,1
202310140LAK,CAR,royma04,Matt Roy,0
202310140LAK,CAR,spencjo01,Jordan Spence,0
202310140LAK,CAR,copleph01,Pheonix Copley,0
