game_id,opponent,player_id,player_name,scored
202311270NYR,NYR,bensoza01,Zach Benson,0
202311270NYR,NYR,cliftco01,Connor Clifton,0
202311270NYR,NYR,cozendy01,Dylan Cozens,0
202311270NYR,NYR,dahlira01,Rasmus Dahlin,0
202311270NYR,NYR,johnser01,Erik Johnson,0
202311270NYR,NYR,johnsry03,Ryan Johnson,0
202311270NYR,NYR,jokihhe01,Henri Jokiharju,0
202311270NYR,NYR,jostty01,Tyson Jost,0
202311270NYR,NYR,krebspe01,Peyton Krebs,0
202311270NYR,NYR,mitteca01,Casey Mittelstadt,1
202311270NYR,NYR,okposky01,Kyle Okposo,1
202311270NYR,NYR,olofsvi01,Victor Olofsson,0
202311270NYR,NYR,peterjo01,John-Jason Peterka,1
202311270NYR,NYR,powerow01,Owen Power,0
202311270NYR,NYR,rosenis01,Isak Rosen,0
202311270NYR,NYR,samuema02,Mattias Samuelsson,0
202311270NYR,NYR,skinnje01,Jeff Skinner,0
202311270NYR,NYR,tuchal01,Alex Tuch,1
202311270NYR,NYR,luukkuk01,Ukko-Pekka Luukkonen,0
202311270NYR,BUF,boninni01,Nick Bonino,0
202311270NYR,BUF,cuyllwi01,William Cuylle,0
202311270NYR,BUF,goodrba01,Barclay Goodrow,0
202311270NYR,BUF,gustaer02,Erik Gustafsson,0
202311270NYR,BUF,jonesza01,Zachary Jones,0
202311270NYR,BUF,kakkoka01,Kaapo Kakko,0
202311270NYR,BUF,kreidch01,Chris Kreider,0
202311270NYR,BUF,lafreal01,Alexis LafreniÃ¨re,0
202311270NYR,BUF,lindgry01,Ryan Lindgren,0
202311270NYR,BUF,milleka01,K'Andre Miller,0
202311270NYR,BUF,panarar01,Artemi Panarin,0
202311270NYR,BUF,pitlity01,Tyler Pitlick,0
202311270NYR,BUF,schnebr01,Braden Schneider,0
202311270NYR,BUF,trochvi01,Vincent Trocheck,0
202311270NYR,BUF,troubja01,Jacob Trouba,0
202311270NYR,BUF,veseyji02,Jimmy Vesey,0
202311270NYR,BUF,wheelbl01,Blake Wheeler,0
202311270NYR,BUF,zibanmi01,Mika Zibanejad,1
202311270NYR,BUF,shestig01,Igor Shesterkin,0
