game_id,opponent,player_id,player_name,scored
202311120NYR,NYR,beanja01,Jake Bean,0
202311120NYR,NYR,boqviad01,Adam Boqvist,0
202311120NYR,NYR,chinaye01,Yegor Chinakhov,0
202311120NYR,NYR,danfoju01,Justin Danforth,1
202311120NYR,NYR,fantiad01,Adam Fantilli,1
202311120NYR,NYR,gaudrjo01,Johnny Gaudreau,0
202311120NYR,NYR,gudbrer01,Erik Gudbranson,0
202311120NYR,NYR,jennebo01,Boone Jenner,0
202311120NYR,NYR,kuralse01,Sean Kuraly,1
202311120NYR,NYR,lainepa01,Patrik Laine,0
202311120NYR,NYR,marchki01,Kirill Marchenko,0
202311120NYR,NYR,provoiv01,Ivan Provorov,0
202311120NYR,NYR,rosloja01,Jack Roslovic,0
202311120NYR,NYR,severda01,Damon Severson,0
202311120NYR,NYR,sillico01,Cole Sillinger,0
202311120NYR,NYR,texieal01,Alexandre Texier,0
202311120NYR,NYR,vorondi01,Dmitri Voronkov,0
202311120NYR,NYR,werenza01,Zach Werenski,0
202311120NYR,NYR,merzlel01,Elvis MerzÄ¼ikins,0
202311120NYR,CBJ,boninni01,Nick Bonino,0
202311120NYR,CBJ,cuyllwi01,William Cuylle,0
202311120NYR,CBJ,goodrba01,Barclay Goodrow,0
202311120NYR,CBJ,gustaer02,Erik Gustafsson,0
202311120NYR,CBJ,jonesza01,Zachary Jones,0
202311120NYR,CBJ,kakkoka01,Kaapo Kakko,0
202311120NYR,CBJ,kreidch01,Chris Kreider,1
202311120NYR,CBJ,lafreal01,Alexis LafreniÃ¨re,1
202311120NYR,CBJ,lindgry01,Ryan Lindgren,0
202311120NYR,CBJ,milleka01,K'Andre Miller,0
202311120NYR,CBJ,panarar01,Artemi Panarin,0
202311120NYR,CBJ,pitlity01,Tyler Pitlick,0
202311120NYR,CBJ,schnebr01,Braden Schneider,0
202311120NYR,CBJ,trochvi01,Vincent Trocheck,0
202311120NYR,CBJ,troubja01,Jacob Trouba,0
202311120NYR,CBJ,veseyji02,Jimmy Vesey,0
202311120NYR,CBJ,wheelbl01,Blake Wheeler,0
202311120NYR,CBJ,zibanmi01,Mika Zibanejad,0
202311120NYR,CBJ,quickjo01,Jonathan Quick,0
