game_id,opponent,player_id,player_name,scored
202311090SJS,SJS,bouchev01,Evan Bouchard,0
202311090SJS,SJS,cecico01,Cody Ceci,0
202311090SJS,SJS,deshavi01,Vincent Desharnais,0
202311090SJS,SJS,draisle01,Leon Draisaitl,0
202311090SJS,SJS,ekholma01,Mattias Ekholm,0
202311090SJS,SJS,foegewa01,Warren Foegele,0
202311090SJS,SJS,gagnesa01,Sam Gagner,0
202311090SJS,SJS,hamblja01,James Hamblin,0
202311090SJS,SJS,hollody01,Dylan Holloway,0
202311090SJS,SJS,hymanza01,Zach Hyman,0
202311090SJS,SJS,kaneev01,Evander Kane,0
202311090SJS,SJS,kulakbr01,Brett Kulak,0
202311090SJS,SJS,lavoira01,Raphael Lavoie,0
202311090SJS,SJS,mcdavco01,Connor McDavid,0
202311090SJS,SJS,mcleory01,Ryan McLeod,0
202311090SJS,SJS,nugenry01,Ryan Nugent-Hopkins,1
202311090SJS,SJS,nurseda01,Darnell Nurse,1
202311090SJS,SJS,ryande01,Derek Ryan,0
202311090SJS,SJS,skinnst01,Stuart Skinner,0
202311090SJS,EDM,addisca01,Calen Addison,0
202311090SJS,EDM,burroky01,Kyle Burroughs,0
202311090SJS,EDM,carpery01,Ryan Carpenter,0
202311090SJS,EDM,duclaan01,Anthony Duclair,0
202311090SJS,EDM,eklunwi01,William Eklund,0
202311090SJS,EDM,ferrama01,Mario Ferraro,0
202311090SJS,EDM,granlmi01,Mikael Granlund,0
202311090SJS,EDM,hertlto01,TomÃ¡Å¡ Hertl,1
202311090SJS,EDM,hoffmmi02,Mike Hoffman,0
202311090SJS,EDM,kuninlu01,Luke Kunin,0
202311090SJS,EDM,labanke01,Kevin Labanc,0
202311090SJS,EDM,okhotni01,Nikita Okhotyuk,0
202311090SJS,EDM,ruttaja02,Jan Rutta,0
202311090SJS,EDM,smithgi01,Givani Smith,0
202311090SJS,EDM,sturmni01,Nico Sturm,0
202311090SJS,EDM,vlasima01,Marc-Ãdouard Vlasic,0
202311090SJS,EDM,zadinfi01,Filip Zadina,1
202311090SJS,EDM,zettefa01,Fabian Zetterlund,1
202311090SJS,EDM,blackma01,Mackenzie Blackwood,0
