game_id,opponent,player_id,player_name,scored
202311080TOR,TOR,bathedr01,Drake Batherson,0
202311080TOR,TOR,bernaja01,Jacob Bernard-Docker,0
202311080TOR,TOR,chartro01,Rourke Chartier,0
202311080TOR,TOR,chychja01,Jakob Chychrun,1
202311080TOR,TOR,giroucl01,Claude Giroux,1
202311080TOR,TOR,hamontr01,Travis Hamonic,0
202311080TOR,TOR,jarvero01,Roby Jarventie,0
202311080TOR,TOR,josepma01,Mathieu Joseph,0
202311080TOR,TOR,kellypa01,Parker Kelly,0
202311080TOR,TOR,klevety01,Tyler Kleven,0
202311080TOR,TOR,kubaldo01,Dominik KubalÃ­k,1
202311080TOR,TOR,macewza01,Zack MacEwen,0
202311080TOR,TOR,matinni01,Nikolas Matinpalo,0
202311080TOR,TOR,norrijo01,Joshua Norris,0
202311080TOR,TOR,sandeja01,Jake Sanderson,0
202311080TOR,TOR,stuetti02,Tim StÃ¼tzle,1
202311080TOR,TOR,tarasvl01,Vladimir Tarasenko,0
202311080TOR,TOR,tkachbr01,Brady Tkachuk,0
202311080TOR,TOR,korpijo01,Joonas Korpisalo,0
202311080TOR,OTT,benoisi01,Simon Benoit,0
202311080TOR,OTT,bertuty01,Tyler Bertuzzi,1
202311080TOR,OTT,broditj01,T.J. Brodie,0
202311080TOR,OTT,domima01,Max Domi,0
202311080TOR,OTT,giordma01,Mark Giordano,0
202311080TOR,OTT,gregono01,Noah Gregor,0
202311080TOR,OTT,jarnkca01,Calle JÃ¤rnkrok,0
202311080TOR,OTT,kampfda01,David KÃ¤mpf,0
202311080TOR,OTT,klingjo01,John Klingberg,0
202311080TOR,OTT,kniesma01,Matthew Knies,0
202311080TOR,OTT,lageswi01,William Lagesson,0
202311080TOR,OTT,marnemi01,Mitch Marner,0
202311080TOR,OTT,matthau01,Auston Matthews,0
202311080TOR,OTT,nylanwi01,William Nylander,1
202311080TOR,OTT,reavery01,Ryan Reaves,0
202311080TOR,OTT,riellmo01,Morgan Rielly,0
202311080TOR,OTT,roberni01,Nicholas Robertson,1
202311080TOR,OTT,tavarjo01,John Tavares,0
202311080TOR,OTT,wolljo01,Joseph Woll,0
