game_id,opponent,player_id,player_name,scored
202311260DET,DET,bogosza01,Zach Bogosian,0
202311260DET,DET,boldyma01,Matt Boldy,0
202311260DET,DET,brodijo01,Jonas Brodin,0
202311260DET,DET,dewarco01,Connor Dewar,0
202311260DET,DET,duhaibr01,Brandon Duhaime,0
202311260DET,DET,eriksjo02,Joel Eriksson Ek,1
202311260DET,DET,faberbr01,Brock Faber,0
202311260DET,DET,foligma01,Marcus Foligno,0
202311260DET,DET,gaudrfr01,FrÃ©dÃ©rick Gaudreau,0
202311260DET,DET,goligal01,Alex Goligoski,0
202311260DET,DET,hartmry01,Ryan Hartman,0
202311260DET,DET,johanma03,Marcus Johansson,0
202311260DET,DET,kapriki01,Kirill Kaprizov,0
202311260DET,DET,maroopa01,Pat Maroon,0
202311260DET,DET,middlja01,Jacob Middleton,0
202311260DET,DET,rossima01,Marco Rossi,0
202311260DET,DET,spurgja01,Jared Spurgeon,0
202311260DET,DET,zuccama01,Mats Zuccarello,0
202311260DET,DET,gustafi01,Filip Gustavsson,0
202311260DET,MIN,chiarbe01,Ben Chiarot,0
202311260DET,MIN,comphj.01,J.T. Compher,0
202311260DET,MIN,coppan01,Andrew Copp,0
202311260DET,MIN,debrial01,Alex DeBrincat,0
202311260DET,MIN,fabbrro01,Robby Fabbri,0
202311260DET,MIN,fischch01,Christian Fischer,0
202311260DET,MIN,gostish01,Shayne Gostisbehere,1
202311260DET,MIN,hollju01,Justin Holl,0
202311260DET,MIN,kostikl01,Klim Kostin,0
202311260DET,MIN,larkidy01,Dylan Larkin,1
202311260DET,MIN,maattol01,Olli MÃ¤Ã¤ttÃ¤,0
202311260DET,MIN,perroda01,David Perron,1
202311260DET,MIN,petryje01,Jeff Petry,0
202311260DET,MIN,rasmumi01,Michael Rasmussen,0
202311260DET,MIN,raymolu01,Lucas Raymond,0
202311260DET,MIN,seidemo01,Moritz Seider,0
202311260DET,MIN,spronda01,Daniel Sprong,0
202311260DET,MIN,velenjo01,Joe Veleno,0
202311260DET,MIN,lyonal01,Alex Lyon,0
