game_id,opponent,player_id,player_name,scored
202312050CBJ,CBJ,andermi02,Michael Anderson,0
202312050CBJ,CBJ,anderja01,Jaret Anderson-Dolan,0
202312050CBJ,CBJ,byfiequ01,Quinton Byfield,0
202312050CBJ,CBJ,danauph01,Phillip Danault,1
202312050CBJ,CBJ,doughdr01,Drew Doughty,1
202312050CBJ,CBJ,duboipi01,Pierre-Luc Dubois,0
202312050CBJ,CBJ,engluan01,Andreas Englund,0
202312050CBJ,CBJ,fialake01,Kevin Fiala,0
202312050CBJ,CBJ,gavrivl01,Vladislav Gavrikov,0
202312050CBJ,CBJ,grundca01,Carl GrundstrÃ¶m,0
202312050CBJ,CBJ,kaliyar01,Arthur Kaliyev,1
202312050CBJ,CBJ,kempead01,Adrian Kempe,0
202312050CBJ,CBJ,kopitan01,AnÅ¾e Kopitar,0
202312050CBJ,CBJ,laferal01,Alex Laferriere,0
202312050CBJ,CBJ,lewistr01,Trevor Lewis,0
202312050CBJ,CBJ,mooretr01,Trevor Moore,0
202312050CBJ,CBJ,royma04,Matt Roy,0
202312050CBJ,CBJ,spencjo01,Jordan Spence,0
202312050CBJ,CBJ,copleph01,Pheonix Copley,0
202312050CBJ,LAK,beanja01,Jake Bean,0
202312050CBJ,LAK,boqviad01,Adam Boqvist,0
202312050CBJ,LAK,chinaye01,Yegor Chinakhov,0
202312050CBJ,LAK,danfoju01,Justin Danforth,0
202312050CBJ,LAK,fantiad01,Adam Fantilli,0
202312050CBJ,LAK,gaudrjo01,Johnny Gaudreau,1
202312050CBJ,LAK,jennebo01,Boone Jenner,0
202312050CBJ,LAK,jiricda01,David JiÅÃ­Äek,0
202312050CBJ,LAK,johnske01,Kent Johnson,0
202312050CBJ,LAK,kuralse01,Sean Kuraly,0
202312050CBJ,LAK,marchki01,Kirill Marchenko,1
202312050CBJ,LAK,olivima01,Mathieu Olivier,1
202312050CBJ,LAK,peekean01,Andrew Peeke,0
202312050CBJ,LAK,provoiv01,Ivan Provorov,0
202312050CBJ,LAK,robiner01,Eric Robinson,0
202312050CBJ,LAK,texieal01,Alexandre Texier,0
202312050CBJ,LAK,vorondi01,Dmitri Voronkov,0
202312050CBJ,LAK,werenza01,Zach Werenski,0
202312050CBJ,LAK,merzlel01,Elvis MerzÄ¼ikins,0
