game_id,opponent,player_id,player_name,scored
202310210NSH,NSH,barabal01,Alexander Barabanov,0
202310210NSH,NSH,bennima01,Matt Benning,0
202310210NSH,NSH,burroky01,Kyle Burroughs,0
202310210NSH,NSH,duclaan01,Anthony Duclair,0
202310210NSH,NSH,eklunwi01,William Eklund,0
202310210NSH,NSH,emberty01,Ty Emberson,0
202310210NSH,NSH,ferrama01,Mario Ferraro,0
202310210NSH,NSH,hertlto01,TomÃ¡Å¡ Hertl,1
202310210NSH,NSH,hoffmmi02,Mike Hoffman,0
202310210NSH,NSH,knyzhni01,Nikolai Knyzhov,0
202310210NSH,NSH,kuninlu01,Luke Kunin,0
202310210NSH,NSH,labanke01,Kevin Labanc,0
202310210NSH,NSH,peterja01,Jacob Peterson,0
202310210NSH,NSH,ruttaja02,Jan Rutta,0
202310210NSH,NSH,sturmni01,Nico Sturm,0
202310210NSH,NSH,vlasima01,Marc-Ãdouard Vlasic,0
202310210NSH,NSH,zadinfi01,Filip Zadina,0
202310210NSH,NSH,zettefa01,Fabian Zetterlund,0
202310210NSH,NSH,blackma01,Mackenzie Blackwood,0
202310210NSH,SJS,barrity01,Tyson Barrie,0
202310210NSH,SJS,carrial01,Alexandre Carrier,0
202310210NSH,SJS,evanglu01,Luke Evangelista,1
202310210NSH,SJS,fabbrda01,Dante Fabbro,0
202310210NSH,SJS,fagemsa01,Samuel Fagemo,1
202310210NSH,SJS,forsbfi01,Filip Forsberg,0
202310210NSH,SJS,josiro01,Roman Josi,0
202310210NSH,SJS,lauzoje01,Jeremy Lauzon,0
202310210NSH,SJS,mccarmi01,Michael McCarron,0
202310210NSH,SJS,mcdonry01,Ryan McDonagh,0
202310210NSH,SJS,novakth01,Thomas Novak,1
202310210NSH,SJS,nyquigu01,Gustav Nyquist,0
202310210NSH,SJS,oreilry01,Ryan O'Reilly,0
202310210NSH,SJS,parssju01,Juuso PÃ¤rssinen,0
202310210NSH,SJS,sherwki01,Kiefer Sherwood,1
202310210NSH,SJS,sissoco01,Colton Sissons,0
202310210NSH,SJS,smithco02,Cole Smith,0
202310210NSH,SJS,treniya01,Yakov Trenin,0
202310210NSH,SJS,sarosju01,Juuse Saros,0
