game_id,opponent,player_id,player_name,scored
202311020VEG,VEG,applema01,Mason Appleton,0
202311020VEG,VEG,barromo01,Morgan Barron,0
202311020VEG,VEG,connoky01,Kyle Connor,1
202311020VEG,VEG,demeldy01,Dylan DeMelo,0
202311020VEG,VEG,dillobr01,Brenden Dillon,0
202311020VEG,VEG,ehlerni01,Nikolaj Ehlers,0
202311020VEG,VEG,gustada01,David Gustafsson,0
202311020VEG,VEG,iafalal01,Alex Iafallo,1
202311020VEG,VEG,kuparra01,Rasmus Kupari,0
202311020VEG,VEG,lowryad01,Adam Lowry,0
202311020VEG,VEG,morrijo04,Josh Morrissey,0
202311020VEG,VEG,namesvl01,Vladislav Namestnikov,0
202311020VEG,VEG,niedeni01,Nino Niederreiter,0
202311020VEG,VEG,perfeco01,Cole Perfetti,0
202311020VEG,VEG,pionkne01,Neal Pionk,0
202311020VEG,VEG,sambedy01,Dylan Samberg,0
202311020VEG,VEG,scheima01,Mark Scheifele,0
202311020VEG,VEG,schmina01,Nate Schmidt,0
202311020VEG,VEG,helleco01,Connor Hellebuyck,0
202311020VEG,WPG,amadimi01,Michael Amadio,0
202311020VEG,WPG,barbaiv01,Ivan Barbashev,1
202311020VEG,WPG,cottepa01,Paul Cotter,0
202311020VEG,WPG,dorofpa01,Pavel Dorofeyev,0
202311020VEG,WPG,eicheja01,Jack Eichel,0
202311020VEG,WPG,howdebr01,Brett Howden,0
202311020VEG,WPG,huttobe01,Ben Hutton,0
202311020VEG,WPG,karlswi01,William Karlsson,1
202311020VEG,WPG,koleske01,Keegan Kolesar,0
202311020VEG,WPG,audymjo01,Jonathan Marchessault,1
202311020VEG,WPG,martial01,Alec Martinez,0
202311020VEG,WPG,mcnabbr01,Brayden McNabb,0
202311020VEG,WPG,pachabr01,Brayden Pachal,0
202311020VEG,WPG,pietral01,Alex Pietrangelo,0
202311020VEG,WPG,rondbjo01,Jonas RÃ¸ndbjerg,0
202311020VEG,WPG,stephch02,Chandler Stephenson,0
202311020VEG,WPG,stonema01,Mark Stone,0
202311020VEG,WPG,theodsh01,Shea Theodore,0
202311020VEG,WPG,thomplo01,Logan Thompson,0
