game_id,opponent,player_id,player_name,scored
202311110NSH,NSH,bjugsni01,Nick Bjugstad,1
202311110NSH,NSH,boydtr01,Travis Boyd,0
202311110NSH,NSH,brownjo01,Josh Brown,0
202311110NSH,NSH,carcomi01,Michael Carcone,1
202311110NSH,NSH,coolelo01,Logan Cooley,0
202311110NSH,NSH,crousla01,Lawson Crouse,0
202311110NSH,NSH,dumbama01,Mathew Dumba,0
202311110NSH,NSH,durzise01,Sean Durzi,1
202311110NSH,NSH,haytoba01,Barrett Hayton,0
202311110NSH,NSH,kellecl01,Clayton Keller,1
202311110NSH,NSH,kerfoal01,Alexander Kerfoot,1
202311110NSH,NSH,maccema01,Matias Maccelli,0
202311110NSH,NSH,moserja01,J.J. Moser,0
202311110NSH,NSH,obrieli01,Liam O'Brien,0
202311110NSH,NSH,schmani01,Nick Schmaltz,0
202311110NSH,NSH,stechtr01,Troy Stecher,1
202311110NSH,NSH,valimju01,Juuso VÃ¤limÃ¤ki,0
202311110NSH,NSH,zuckeja01,Jason Zucker,0
202311110NSH,NSH,ingraco01,Connor Ingram,0
202311110NSH,ARI,barrity01,Tyson Barrie,0
202311110NSH,ARI,carrial01,Alexandre Carrier,0
202311110NSH,ARI,delgama01,Marc Del Gaizo,0
202311110NSH,ARI,evanglu01,Luke Evangelista,0
202311110NSH,ARI,fabbrda01,Dante Fabbro,1
202311110NSH,ARI,forsbfi01,Filip Forsberg,1
202311110NSH,ARI,foudyli01,Liam Foudy,0
202311110NSH,ARI,glassco01,Cody Glass,0
202311110NSH,ARI,josiro01,Roman Josi,0
202311110NSH,ARI,lauzoje01,Jeremy Lauzon,0
202311110NSH,ARI,novakth01,Thomas Novak,0
202311110NSH,ARI,nyquigu01,Gustav Nyquist,0
202311110NSH,ARI,oreilry01,Ryan O'Reilly,1
202311110NSH,ARI,parssju01,Juuso PÃ¤rssinen,0
202311110NSH,ARI,sherwki01,Kiefer Sherwood,1
202311110NSH,ARI,sissoco01,Colton Sissons,0
202311110NSH,ARI,smithco02,Cole Smith,0
202311110NSH,ARI,tomasph01,Philip Tomasino,0
202311110NSH,ARI,sarosju01,Juuse Saros,0
