game_id,opponent,player_id,player_name,scored
202312050CHI,CHI,barrity01,Tyson Barrie,0
202312050CHI,CHI,evanglu01,Luke Evangelista,1
202312050CHI,CHI,fabbrda01,Dante Fabbro,0
202312050CHI,CHI,forsbfi01,Filip Forsberg,0
202312050CHI,CHI,jankoma01,Mark Jankowski,1
202312050CHI,CHI,josiro01,Roman Josi,0
202312050CHI,CHI,lauzoje01,Jeremy Lauzon,0
202312050CHI,CHI,mccarmi01,Michael McCarron,0
202312050CHI,CHI,mcdonry01,Ryan McDonagh,0
202312050CHI,CHI,nyquigu01,Gustav Nyquist,0
202312050CHI,CHI,oreilry01,Ryan O'Reilly,1
202312050CHI,CHI,parssju01,Juuso PÃ¤rssinen,0
202312050CHI,CHI,schenlu01,Luke Schenn,0
202312050CHI,CHI,sherwki01,Kiefer Sherwood,0
202312050CHI,CHI,sissoco01,Colton Sissons,0
202312050CHI,CHI,stastsp01,Spencer Stastney,0
202312050CHI,CHI,tomasph01,Philip Tomasino,0
202312050CHI,CHI,treniya01,Yakov Trenin,0
202312050CHI,CHI,sarosju01,Juuse Saros,0
202312050CHI,NSH,anderjo08,Joey Anderson,0
202312050CHI,NSH,beauvan01,Anthony Beauvillier,0
202312050CHI,NSH,bedarco01,Connor Bedard,0
202312050CHI,NSH,dickija01,Jason Dickinson,1
202312050CHI,NSH,donatry01,Ryan Donato,0
202312050CHI,NSH,entwima01,Mackenzie Entwistle,0
202312050CHI,NSH,foligni01,Nick Foligno,1
202312050CHI,NSH,guttmco01,Cole Guttman,0
202312050CHI,NSH,johnsty01,Tyler Johnson,0
202312050CHI,NSH,jonesse01,Seth Jones,0
202312050CHI,NSH,korchke01,Kevin Korchinski,0
202312050CHI,NSH,kurasph01,Philipp Kurashev,0
202312050CHI,NSH,murphco02,Connor Murphy,0
202312050CHI,NSH,raddyta01,Taylor Raddysh,0
202312050CHI,NSH,reichlu01,Lukas Reichel,0
202312050CHI,NSH,tinorja01,Jarred Tinordi,0
202312050CHI,NSH,vlasial01,Alex Vlasic,0
202312050CHI,NSH,zaitsni01,Nikita Zaitsev,0
202312050CHI,NSH,soderar01,Arvid SÃ¶derblom,0
