game_id,opponent,player_id,player_name,scored
202312040ARI,ARI,aubekni01,Nicolas AubÃ©-Kubel,0
202312040ARI,ARI,carlsjo01,John Carlson,0
202312040ARI,ARI,dowdni01,Nic Dowd,0
202312040ARI,ARI,edmunjo01,Joel Edmundson,0
202312040ARI,ARI,feherma01,Martin FehÃ©rvÃ¡ry,0
202312040ARI,ARI,jenseni02,Nick Jensen,0
202312040ARI,ARI,lapiehe01,Hendrix Lapierre,0
202312040ARI,ARI,malenbe01,Beck Malenstyn,0
202312040ARI,ARI,manthan01,Anthony Mantha,0
202312040ARI,ARI,mcmicco01,Connor McMichael,0
202312040ARI,ARI,milanso01,Sonny Milano,0
202312040ARI,ARI,ovechal01,Alex Ovechkin,0
202312040ARI,ARI,phillma01,Matthew Phillips,0
202312040ARI,ARI,protaal01,Aliaksei Protas,0
202312040ARI,ARI,sandira01,Rasmus Sandin,0
202312040ARI,ARI,stromdy01,Dylan Strome,0
202312040ARI,ARI,vanritr01,Trevor van Riemsdyk,0
202312040ARI,ARI,wilsoto01,Tom Wilson,0
202312040ARI,ARI,kuempda01,Darcy Kuemper,0
202312040ARI,ARI,lindgch01,Charlie Lindgren,0
202312040ARI,WSH,bjugsni01,Nick Bjugstad,1
202312040ARI,WSH,brownjo01,Josh Brown,0
202312040ARI,WSH,carcomi01,Michael Carcone,1
202312040ARI,WSH,coolelo01,Logan Cooley,1
202312040ARI,WSH,crousla01,Lawson Crouse,0
202312040ARI,WSH,dumbama01,Mathew Dumba,0
202312040ARI,WSH,durzise01,Sean Durzi,0
202312040ARI,WSH,kelemmi01,MiloÅ¡ Kelemen,0
202312040ARI,WSH,kellecl01,Clayton Keller,0
202312040ARI,WSH,kerfoal01,Alexander Kerfoot,0
202312040ARI,WSH,kessemi01,Michael Kesselring,0
202312040ARI,WSH,maccema01,Matias Maccelli,0
202312040ARI,WSH,moserja01,J.J. Moser,0
202312040ARI,WSH,obrieli01,Liam O'Brien,0
202312040ARI,WSH,schmani01,Nick Schmaltz,1
202312040ARI,WSH,stechtr01,Troy Stecher,0
202312040ARI,WSH,valimju01,Juuso VÃ¤limÃ¤ki,0
202312040ARI,WSH,zuckeja01,Jason Zucker,1
202312040ARI,WSH,ingraco01,Connor Ingram,0
