game_id,opponent,player_id,player_name,scored
202311020NYR,NYR,ahose01,Sebastian Aho,0
202311020NYR,NYR,buntimi01,Michael Bunting,0
202311020NYR,NYR,burnsbr01,Brent Burns,0
202311020NYR,NYR,chatfja01,Jalen Chatfield,0
202311020NYR,NYR,deangan01,Tony DeAngelo,0
202311020NYR,NYR,druryja01,Jack Drury,0
202311020NYR,NYR,fastje01,Jesper Fast,0
202311020NYR,NYR,jarvise01,Seth Jarvis,1
202311020NYR,NYR,kotkaje01,Jesperi Kotkaniemi,0
202311020NYR,NYR,martijo01,Jordan Martinook,0
202311020NYR,NYR,necasma01,Martin NeÄas,0
202311020NYR,NYR,noesest01,Stefan Noesen,0
202311020NYR,NYR,orlovdm01,Dmitry Orlov,0
202311020NYR,NYR,skjeibr01,Brady Skjei,0
202311020NYR,NYR,slavija01,Jaccob Slavin,0
202311020NYR,NYR,staaljo01,Jordan Staal,0
202311020NYR,NYR,svechan01,Andrei Svechnikov,0
202311020NYR,NYR,teravte01,Teuvo TerÃ¤vÃ¤inen,0
202311020NYR,NYR,anderfr01,Frederik Andersen,0
202311020NYR,CAR,boninni01,Nick Bonino,0
202311020NYR,CAR,chytifi01,Filip Chytil,0
202311020NYR,CAR,cuyllwi01,William Cuylle,1
202311020NYR,CAR,foxad01,Adam Fox,0
202311020NYR,CAR,goodrba01,Barclay Goodrow,0
202311020NYR,CAR,gustaer02,Erik Gustafsson,0
202311020NYR,CAR,kakkoka01,Kaapo Kakko,0
202311020NYR,CAR,kreidch01,Chris Kreider,1
202311020NYR,CAR,lafreal01,Alexis LafreniÃ¨re,0
202311020NYR,CAR,lindgry01,Ryan Lindgren,0
202311020NYR,CAR,milleka01,K'Andre Miller,0
202311020NYR,CAR,panarar01,Artemi Panarin,0
202311020NYR,CAR,schnebr01,Braden Schneider,0
202311020NYR,CAR,trochvi01,Vincent Trocheck,0
202311020NYR,CAR,troubja01,Jacob Trouba,0
202311020NYR,CAR,veseyji02,Jimmy Vesey,0
202311020NYR,CAR,wheelbl01,Blake Wheeler,0
202311020NYR,CAR,zibanmi01,Mika Zibanejad,0
202311020NYR,CAR,shestig01,Igor Shesterkin,0
