game_id,opponent,player_id,player_name,scored
202310270CAR,CAR,burroky01,Kyle Burroughs,0
202310270CAR,CAR,carpery01,Ryan Carpenter,0
202310270CAR,CAR,duclaan01,Anthony Duclair,0
202310270CAR,CAR,eklunwi01,William Eklund,0
202310270CAR,CAR,emberty01,Ty Emberson,0
202310270CAR,CAR,ferrama01,Mario Ferraro,0
202310270CAR,CAR,hertlto01,TomÃ¡Å¡ Hertl,0
202310270CAR,CAR,hoffmmi02,Mike Hoffman,0
202310270CAR,CAR,knyzhni01,Nikolai Knyzhov,0
202310270CAR,CAR,kuninlu01,Luke Kunin,0
202310270CAR,CAR,labanke01,Kevin Labanc,0
202310270CAR,CAR,peterja01,Jacob Peterson,0
202310270CAR,CAR,ruttaja02,Jan Rutta,0
202310270CAR,CAR,smithgi01,Givani Smith,0
202310270CAR,CAR,sturmni01,Nico Sturm,0
202310270CAR,CAR,vlasima01,Marc-Ãdouard Vlasic,0
202310270CAR,CAR,zadinfi01,Filip Zadina,0
202310270CAR,CAR,zettefa01,Fabian Zetterlund,0
202310270CAR,CAR,kahkoka01,Kaapo KÃ¤hkÃ¶nen,0
202310270CAR,SJS,ahose01,Sebastian Aho,0
202310270CAR,SJS,buntimi01,Michael Bunting,0
202310270CAR,SJS,burnsbr01,Brent Burns,0
202310270CAR,SJS,chatfja01,Jalen Chatfield,0
202310270CAR,SJS,deangan01,Tony DeAngelo,0
202310270CAR,SJS,druryja01,Jack Drury,0
202310270CAR,SJS,fastje01,Jesper Fast,0
202310270CAR,SJS,jarvise01,Seth Jarvis,0
202310270CAR,SJS,kotkaje01,Jesperi Kotkaniemi,0
202310270CAR,SJS,martijo01,Jordan Martinook,0
202310270CAR,SJS,necasma01,Martin NeÄas,0
202310270CAR,SJS,noesest01,Stefan Noesen,0
202310270CAR,SJS,orlovdm01,Dmitry Orlov,0
202310270CAR,SJS,skjeibr01,Brady Skjei,0
202310270CAR,SJS,slavija01,Jaccob Slavin,0
202310270CAR,SJS,staaljo01,Jordan Staal,0
202310270CAR,SJS,svechan01,Andrei Svechnikov,0
202310270CAR,SJS,teravte01,Teuvo TerÃ¤vÃ¤inen,1
202310270CAR,SJS,raantan01,Antti Raanta,0
