game_id,opponent,player_id,player_name,scored
202311070MTL,MTL,barreal01,Alex BarrÃ©-Boulet,1
202311070MTL,MTL,bogosza01,Zach Bogosian,0
202311070MTL,MTL,cernaer01,Erik ÄernÃ¡k,0
202311070MTL,MTL,cirelan01,Anthony Cirelli,0
202311070MTL,MTL,dehaaca01,Calvin de Haan,0
202311070MTL,MTL,eyssimi01,Michael Eyssimont,1
202311070MTL,MTL,glendlu01,Luke Glendening,0
202311070MTL,MTL,hagelbr01,Brandon Hagel,0
202311070MTL,MTL,hedmavi01,Victor Hedman,0
202311070MTL,MTL,jeannta01,Tanner Jeannot,0
202311070MTL,MTL,kucheni01,Nikita Kucherov,1
202311070MTL,MTL,mottety01,Tyler Motte,0
202311070MTL,MTL,paulni01,Nick Paul,1
202311070MTL,MTL,pointbr01,Brayden Point,0
202311070MTL,MTL,raddyda01,Darren Raddysh,0
202311070MTL,MTL,sergami01,Mikhail Sergachev,0
202311070MTL,MTL,shearco01,Conor Sheary,0
202311070MTL,MTL,stamkst01,Steven Stamkos,0
202311070MTL,MTL,tomkima01,Matt Tomkins,0
202311070MTL,TBL,anderjo05,Josh Anderson,0
202311070MTL,TBL,armiajo01,Joel Armia,0
202311070MTL,TBL,barroju01,Justin Barron,0
202311070MTL,TBL,caufico01,Cole Caufield,0
202311070MTL,TBL,dvorach01,Christian Dvorak,1
202311070MTL,TBL,evansja02,Jake Evans,0
202311070MTL,TBL,gallabr01,Brendan Gallagher,0
202311070MTL,TBL,guhleka01,Kaiden Guhle,0
202311070MTL,TBL,harrijo01,Jordan Harris,0
202311070MTL,TBL,kovacjo01,Johnathan Kovacevic,0
202311070MTL,TBL,mathemi01,Mike Matheson,0
202311070MTL,TBL,monahse01,Sean Monahan,0
202311070MTL,TBL,newhoal01,Alex Newhook,0
202311070MTL,TBL,pearsta01,Tanner Pearson,0
202311070MTL,TBL,pezzemi01,Michael Pezzetta,1
202311070MTL,TBL,slafkju01,Juraj Slafkovsky,0
202311070MTL,TBL,suzukni01,Nick Suzuki,1
202311070MTL,TBL,xhekaar01,Arber Xhekaj,0
202311070MTL,TBL,allenja01,Jake Allen,0
202311070MTL,TBL,montesa01,Sam Montembeault,0
