game_id,opponent,player_id,player_name,scored
202310260PHI,PHI,addisca01,Calen Addison,0
202310260PHI,PHI,brodijo01,Jonas Brodin,0
202310260PHI,PHI,dewarco01,Connor Dewar,0
202310260PHI,PHI,duhaibr01,Brandon Duhaime,0
202310260PHI,PHI,eriksjo02,Joel Eriksson Ek,0
202310260PHI,PHI,faberbr01,Brock Faber,0
202310260PHI,PHI,foligma01,Marcus Foligno,1
202310260PHI,PHI,hartmry01,Ryan Hartman,0
202310260PHI,PHI,johanma03,Marcus Johansson,0
202310260PHI,PHI,kapriki01,Kirill Kaprizov,0
202310260PHI,PHI,khairju01,Jujhar Khaira,0
202310260PHI,PHI,lettivi01,Vinni Lettieri,0
202310260PHI,PHI,maroopa01,Pat Maroon,0
202310260PHI,PHI,mermida01,Dakota Mermis,1
202310260PHI,PHI,merrijo01,Jonathon Merrill,0
202310260PHI,PHI,middlja01,Jacob Middleton,0
202310260PHI,PHI,rossima01,Marco Rossi,0
202310260PHI,PHI,zuccama01,Mats Zuccarello,0
202310260PHI,PHI,gustafi01,Filip Gustavsson,0
202310260PHI,MIN,atkinca01,Cam Atkinson,0
202310260PHI,MIN,belpelo01,Louis Belpedio,0
202310260PHI,MIN,brinkbo01,Bobby Brink,1
202310260PHI,MIN,catesno01,Noah Cates,0
202310260PHI,MIN,coutuse01,Sean Couturier,1
202310260PHI,MIN,deslani01,Nicolas Deslauriers,0
202310260PHI,MIN,farabjo01,Joel Farabee,0
202310260PHI,MIN,foersty01,Tyson Foerster,0
202310260PHI,MIN,hathaga01,Garnet Hathaway,0
202310260PHI,MIN,konectr01,Travis Konecny,1
202310260PHI,MIN,laughsc01,Scott Laughton,0
202310260PHI,MIN,poehlry01,Ryan Poehling,0
202310260PHI,MIN,sanhetr01,Travis Sanheim,1
202310260PHI,MIN,seeleni01,Nick Seeler,0
202310260PHI,MIN,tippeow01,Owen Tippett,1
202310260PHI,MIN,walkese01,Sean Walker,0
202310260PHI,MIN,yorkca01,Cameron York,0
202310260PHI,MIN,zamulye01,Yegor Zamula,0
202310260PHI,MIN,hartca01,Carter Hart,0
