game_id,opponent,player_id,player_name,scored
202311160MTL,MTL,amadimi01,Michael Amadio,0
202311160MTL,MTL,barbaiv01,Ivan Barbashev,0
202311160MTL,MTL,carriwi01,William Carrier,0
202311160MTL,MTL,cottepa01,Paul Cotter,0
202311160MTL,MTL,dorofpa01,Pavel Dorofeyev,0
202311160MTL,MTL,eicheja01,Jack Eichel,1
202311160MTL,MTL,howdebr01,Brett Howden,1
202311160MTL,MTL,huttobe01,Ben Hutton,0
202311160MTL,MTL,karlswi01,William Karlsson,0
202311160MTL,MTL,koleske01,Keegan Kolesar,0
202311160MTL,MTL,audymjo01,Jonathan Marchessault,1
202311160MTL,MTL,martial01,Alec Martinez,0
202311160MTL,MTL,mcnabbr01,Brayden McNabb,1
202311160MTL,MTL,pietral01,Alex Pietrangelo,0
202311160MTL,MTL,royni01,Nicolas Roy,0
202311160MTL,MTL,stonema01,Mark Stone,1
202311160MTL,MTL,theodsh01,Shea Theodore,1
202311160MTL,MTL,whiteza01,Zach Whitecloud,0
202311160MTL,MTL,hillad01,Adin Hill,0
202311160MTL,VEG,anderjo05,Josh Anderson,0
202311160MTL,VEG,barroju01,Justin Barron,1
202311160MTL,VEG,caufico01,Cole Caufield,0
202311160MTL,VEG,dvorach01,Christian Dvorak,0
202311160MTL,VEG,evansja02,Jake Evans,0
202311160MTL,VEG,gallabr01,Brendan Gallagher,0
202311160MTL,VEG,guhleka01,Kaiden Guhle,0
202311160MTL,VEG,kovacjo01,Johnathan Kovacevic,1
202311160MTL,VEG,lindsgu01,Gustav LindstrÃ¶m,0
202311160MTL,VEG,mathemi01,Mike Matheson,0
202311160MTL,VEG,monahse01,Sean Monahan,0
202311160MTL,VEG,newhoal01,Alex Newhook,1
202311160MTL,VEG,pearsta01,Tanner Pearson,0
202311160MTL,VEG,pezzemi01,Michael Pezzetta,0
202311160MTL,VEG,slafkju01,Juraj Slafkovsky,0
202311160MTL,VEG,suzukni01,Nick Suzuki,0
202311160MTL,VEG,xhekaar01,Arber Xhekaj,0
202311160MTL,VEG,yloneje01,Jesse YlÃ¶nen,1
202311160MTL,VEG,primeca01,Cayden Primeau,0
