game_id,opponent,player_id,player_name,scored
202312070MTL,MTL,andermi02,Michael Anderson,0
202312070MTL,MTL,byfiequ01,Quinton Byfield,1
202312070MTL,MTL,danauph01,Phillip Danault,0
202312070MTL,MTL,doughdr01,Drew Doughty,1
202312070MTL,MTL,duboipi01,Pierre-Luc Dubois,0
202312070MTL,MTL,engluan01,Andreas Englund,0
202312070MTL,MTL,fialake01,Kevin Fiala,0
202312070MTL,MTL,gavrivl01,Vladislav Gavrikov,0
202312070MTL,MTL,grundca01,Carl GrundstrÃ¶m,0
202312070MTL,MTL,kaliyar01,Arthur Kaliyev,0
202312070MTL,MTL,kempead01,Adrian Kempe,0
202312070MTL,MTL,kopitan01,AnÅ¾e Kopitar,0
202312070MTL,MTL,laferal01,Alex Laferriere,0
202312070MTL,MTL,lewistr01,Trevor Lewis,0
202312070MTL,MTL,lizotbl01,Blake Lizotte,0
202312070MTL,MTL,mooretr01,Trevor Moore,1
202312070MTL,MTL,royma04,Matt Roy,0
202312070MTL,MTL,spencjo01,Jordan Spence,0
202312070MTL,MTL,talboca01,Cam Talbot,0
202312070MTL,LAK,anderjo05,Josh Anderson,0
202312070MTL,LAK,barroju01,Justin Barron,0
202312070MTL,LAK,caufico01,Cole Caufield,0
202312070MTL,LAK,dvorach01,Christian Dvorak,0
202312070MTL,LAK,evansja02,Jake Evans,0
202312070MTL,LAK,gallabr01,Brendan Gallagher,0
202312070MTL,LAK,guhleka01,Kaiden Guhle,0
202312070MTL,LAK,kovacjo01,Johnathan Kovacevic,0
202312070MTL,LAK,lindsgu01,Gustav LindstrÃ¶m,0
202312070MTL,LAK,mathemi01,Mike Matheson,0
202312070MTL,LAK,monahse01,Sean Monahan,0
202312070MTL,LAK,pearsta01,Tanner Pearson,0
202312070MTL,LAK,pezzemi01,Michael Pezzetta,0
202312070MTL,LAK,slafkju01,Juraj Slafkovsky,0
202312070MTL,LAK,stephmi01,Mitchell Stephens,0
202312070MTL,LAK,strubja01,Jayden Struble,0
202312070MTL,LAK,suzukni01,Nick Suzuki,0
202312070MTL,LAK,yloneje01,Jesse YlÃ¶nen,0
202312070MTL,LAK,montesa01,Sam Montembeault,0
