game_id,opponent,player_id,player_name,scored
202310120MIN,MIN,balinuv01,Uvis Balinskis,0
202310120MIN,MIN,barkoal01,Aleksander Barkov,0
202310120MIN,MIN,cousini01,Nick Cousins,0
202310120MIN,MIN,ekmanol01,Oliver Ekman-Larsson,0
202310120MIN,MIN,forslgu02,Gustav Forsling,0
202310120MIN,MIN,kulikdm01,Dmitry Kulikov,0
202310120MIN,MIN,lombery01,Ryan Lomberg,0
202310120MIN,MIN,lorenst01,Steven Lorentz,0
202310120MIN,MIN,lundean01,Anton Lundell,0
202310120MIN,MIN,luostee01,Eetu Luostarinen,0
202310120MIN,MIN,mahurjo01,Josh Mahura,0
202310120MIN,MIN,mikkoni01,Niko Mikkola,0
202310120MIN,MIN,reinhsa01,Sam Reinhart,0
202310120MIN,MIN,rodriev01,Evan Rodrigues,0
202310120MIN,MIN,samosma01,Mackie Samoskevich,0
202310120MIN,MIN,stenlke01,Kevin Stenlund,0
202310120MIN,MIN,tkachma01,Matthew Tkachuk,0
202310120MIN,MIN,verhaca01,Carter Verhaeghe,0
202310120MIN,MIN,bobrose01,Sergei Bobrovsky,0
202310120MIN,FLA,addisca01,Calen Addison,0
202310120MIN,FLA,boldyma01,Matt Boldy,0
202310120MIN,FLA,brodijo01,Jonas Brodin,0
202310120MIN,FLA,dewarco01,Connor Dewar,0
202310120MIN,FLA,duhaibr01,Brandon Duhaime,0
202310120MIN,FLA,eriksjo02,Joel Eriksson Ek,1
202310120MIN,FLA,faberbr01,Brock Faber,1
202310120MIN,FLA,foligma01,Marcus Foligno,0
202310120MIN,FLA,gaudrfr01,FrÃ©dÃ©rick Gaudreau,0
202310120MIN,FLA,goligal01,Alex Goligoski,0
202310120MIN,FLA,hartmry01,Ryan Hartman,0
202310120MIN,FLA,johanma03,Marcus Johansson,0
202310120MIN,FLA,kapriki01,Kirill Kaprizov,0
202310120MIN,FLA,maroopa01,Pat Maroon,0
202310120MIN,FLA,merrijo01,Jonathon Merrill,0
202310120MIN,FLA,middlja01,Jacob Middleton,0
202310120MIN,FLA,rossima01,Marco Rossi,0
202310120MIN,FLA,zuccama01,Mats Zuccarello,0
202310120MIN,FLA,gustafi01,Filip Gustavsson,0
