game_id,opponent,player_id,player_name,scored
202311090CBJ,CBJ,bennja01,Jamie Benn,0
202311090CBJ,CBJ,dadonev01,Evgenii Dadonov,0
202311090CBJ,CBJ,duchema01,Matt Duchene,1
202311090CBJ,CBJ,faksara01,Radek Faksa,0
202311090CBJ,CBJ,hakanja01,Jani HakanpÃ¤Ã¤,0
202311090CBJ,CBJ,harleth01,Thomas Harley,0
202311090CBJ,CBJ,heiskmi01,Miro Heiskanen,0
202311090CBJ,CBJ,hintzro01,Roope Hintz,0
202311090CBJ,CBJ,johnswy01,Wyatt Johnston,0
202311090CBJ,CBJ,lindees01,Esa Lindell,0
202311090CBJ,CBJ,lundkni01,Nils Lundkvist,0
202311090CBJ,CBJ,marchma01,Mason Marchment,1
202311090CBJ,CBJ,paveljo01,Joe Pavelski,0
202311090CBJ,CBJ,roberja01,Jason Robertson,1
202311090CBJ,CBJ,seguity01,Tyler Seguin,1
202311090CBJ,CBJ,smithcr01,Craig Smith,1
202311090CBJ,CBJ,steelsa01,Sam Steel,0
202311090CBJ,CBJ,suterry01,Ryan Suter,0
202311090CBJ,CBJ,oettija01,Jake Oettinger,0
202311090CBJ,DAL,beanja01,Jake Bean,0
202311090CBJ,DAL,chinaye01,Yegor Chinakhov,0
202311090CBJ,DAL,danfoju01,Justin Danforth,0
202311090CBJ,DAL,fantiad01,Adam Fantilli,0
202311090CBJ,DAL,gaudrjo01,Johnny Gaudreau,0
202311090CBJ,DAL,gudbrer01,Erik Gudbranson,0
202311090CBJ,DAL,jennebo01,Boone Jenner,1
202311090CBJ,DAL,kuralse01,Sean Kuraly,0
202311090CBJ,DAL,marchki01,Kirill Marchenko,1
202311090CBJ,DAL,olivima01,Mathieu Olivier,0
202311090CBJ,DAL,peekean01,Andrew Peeke,0
202311090CBJ,DAL,provoiv01,Ivan Provorov,0
202311090CBJ,DAL,rosloja01,Jack Roslovic,0
202311090CBJ,DAL,severda01,Damon Severson,0
202311090CBJ,DAL,sillico01,Cole Sillinger,0
202311090CBJ,DAL,texieal01,Alexandre Texier,0
202311090CBJ,DAL,vorondi01,Dmitri Voronkov,0
202311090CBJ,DAL,werenza01,Zach Werenski,0
202311090CBJ,DAL,martisp01,Spencer Martin,0
