game_id,opponent,player_id,player_name,scored
202312170NJD,NJD,carrisa01,Sam Carrick,0
202312170NJD,NJD,fowleca01,Cam Fowler,0
202312170NJD,NJD,groulbe01,Benoit-Olivier Groulx,0
202312170NJD,NJD,gudasra01,Radko Gudas,0
202312170NJD,NJD,henriad01,Adam Henrique,1
202312170NJD,NJD,johnsro02,Ross Johnston,0
202312170NJD,NJD,jonesma03,Max Jones,0
202312170NJD,NJD,killoal01,Alex Killorn,1
202312170NJD,NJD,lacomja01,Jackson LaCombe,0
202312170NJD,NJD,leasobr01,Brett Leason,0
202312170NJD,NJD,lyubuil01,Ilya Lyubushkin,0
202312170NJD,NJD,mcginbr01,Brock McGinn,0
202312170NJD,NJD,mintypa01,Pavel Mintyukov,0
202312170NJD,NJD,silfvja01,Jakob Silfverberg,0
202312170NJD,NJD,stromry01,Ryan Strome,0
202312170NJD,NJD,terrytr01,Troy Terry,1
202312170NJD,NJD,vaakaur01,Urho Vaakanainen,0
202312170NJD,NJD,vatrafr01,Frank Vatrano,0
202312170NJD,NJD,dostalu01,LukÃ¡Å¡ DostÃ¡l,0
202312170NJD,NJD,gibsojo02,John Gibson,0
202312170NJD,ANA,bahlke01,Kevin Bahl,0
202312170NJD,ANA,bastina01,Nathan Bastian,0
202312170NJD,ANA,brattje01,Jesper Bratt,0
202312170NJD,ANA,haulaer01,Erik Haula,0
202312170NJD,ANA,hischni01,Nico Hischier,0
202312170NJD,ANA,holtzal01,Alexander Holtz,0
202312170NJD,ANA,hugheja03,Jack Hughes,0
202312170NJD,ANA,hughelu01,Luke Hughes,0
202312170NJD,ANA,lazarcu01,Curtis Lazar,0
202312170NJD,ANA,marinjo01,John Marino,0
202312170NJD,ANA,mcleomi01,Michael McLeod,1
202312170NJD,ANA,meierti01,Timo Meier,0
202312170NJD,ANA,merceda01,Dawson Mercer,0
202312170NJD,ANA,milleco02,Colin Miller,0
202312170NJD,ANA,nemecsi01,Simon Nemec,0
202312170NJD,ANA,palaton01,OndÅej PalÃ¡t,0
202312170NJD,ANA,siegejo01,Jonas Siegenthaler,0
202312170NJD,ANA,toffoty01,Tyler Toffoli,0
202312170NJD,ANA,schmiak01,Akira Schmid,0
