game_id,opponent,player_id,player_name,scored
202310240MIN,MIN,bouchev01,Evan Bouchard,1
202310240MIN,MIN,brobeph01,Philip Broberg,0
202310240MIN,MIN,brownco02,Connor Brown,0
202310240MIN,MIN,cecico01,Cody Ceci,0
202310240MIN,MIN,deshavi01,Vincent Desharnais,0
202310240MIN,MIN,draisle01,Leon Draisaitl,0
202310240MIN,MIN,ekholma01,Mattias Ekholm,0
202310240MIN,MIN,ernead01,Adam Erne,0
202310240MIN,MIN,foegewa01,Warren Foegele,1
202310240MIN,MIN,hollody01,Dylan Holloway,0
202310240MIN,MIN,hymanza01,Zach Hyman,0
202310240MIN,MIN,janmama02,Mattias Janmark,0
202310240MIN,MIN,kaneev01,Evander Kane,1
202310240MIN,MIN,kulakbr01,Brett Kulak,0
202310240MIN,MIN,mcleory01,Ryan McLeod,0
202310240MIN,MIN,nugenry01,Ryan Nugent-Hopkins,0
202310240MIN,MIN,nurseda01,Darnell Nurse,0
202310240MIN,MIN,ryande01,Derek Ryan,0
202310240MIN,MIN,campbja01,Jack Campbell,0
202310240MIN,EDM,addisca01,Calen Addison,0
202310240MIN,EDM,brodijo01,Jonas Brodin,0
202310240MIN,EDM,dewarco01,Connor Dewar,0
202310240MIN,EDM,duhaibr01,Brandon Duhaime,0
202310240MIN,EDM,eriksjo02,Joel Eriksson Ek,1
202310240MIN,EDM,faberbr01,Brock Faber,0
202310240MIN,EDM,foligma01,Marcus Foligno,1
202310240MIN,EDM,gaudrfr01,FrÃ©dÃ©rick Gaudreau,0
202310240MIN,EDM,hartmry01,Ryan Hartman,1
202310240MIN,EDM,johanma03,Marcus Johansson,0
202310240MIN,EDM,kapriki01,Kirill Kaprizov,0
202310240MIN,EDM,lettivi01,Vinni Lettieri,0
202310240MIN,EDM,maroopa01,Pat Maroon,0
202310240MIN,EDM,mermida01,Dakota Mermis,0
202310240MIN,EDM,merrijo01,Jonathon Merrill,0
202310240MIN,EDM,middlja01,Jacob Middleton,0
202310240MIN,EDM,rossima01,Marco Rossi,1
202310240MIN,EDM,zuccama01,Mats Zuccarello,1
202310240MIN,EDM,gustafi01,Filip Gustavsson,0
