game_id,opponent,player_id,player_name,scored
202310170MTL,MTL,addisca01,Calen Addison,0
202310170MTL,MTL,brodijo01,Jonas Brodin,0
202310170MTL,MTL,dewarco01,Connor Dewar,1
202310170MTL,MTL,duhaibr01,Brandon Duhaime,1
202310170MTL,MTL,eriksjo02,Joel Eriksson Ek,1
202310170MTL,MTL,faberbr01,Brock Faber,0
202310170MTL,MTL,foligma01,Marcus Foligno,0
202310170MTL,MTL,gaudrfr01,FrÃ©dÃ©rick Gaudreau,0
202310170MTL,MTL,hartmry01,Ryan Hartman,0
202310170MTL,MTL,johanma03,Marcus Johansson,0
202310170MTL,MTL,kapriki01,Kirill Kaprizov,1
202310170MTL,MTL,maroopa01,Pat Maroon,0
202310170MTL,MTL,mermida01,Dakota Mermis,0
202310170MTL,MTL,merrijo01,Jonathon Merrill,0
202310170MTL,MTL,middlja01,Jacob Middleton,0
202310170MTL,MTL,rossima01,Marco Rossi,0
202310170MTL,MTL,zuccama01,Mats Zuccarello,0
202310170MTL,MTL,fleurma01,Marc-AndrÃ© Fleury,0
202310170MTL,MIN,anderjo05,Josh Anderson,0
202310170MTL,MIN,caufico01,Cole Caufield,0
202310170MTL,MIN,evansja02,Jake Evans,0
202310170MTL,MIN,gallabr01,Brendan Gallagher,0
202310170MTL,MIN,guhleka01,Kaiden Guhle,0
202310170MTL,MIN,harrijo01,Jordan Harris,0
202310170MTL,MIN,harvera01,RafaÃ«l Harvey-Pinard,0
202310170MTL,MIN,kovacjo01,Johnathan Kovacevic,0
202310170MTL,MIN,mathemi01,Mike Matheson,0
202310170MTL,MIN,monahse01,Sean Monahan,0
202310170MTL,MIN,newhoal01,Alex Newhook,1
202310170MTL,MIN,pearsta01,Tanner Pearson,1
202310170MTL,MIN,pezzemi01,Michael Pezzetta,0
202310170MTL,MIN,savarda01,David Savard,0
202310170MTL,MIN,slafkju01,Juraj Slafkovsky,0
202310170MTL,MIN,suzukni01,Nick Suzuki,0
202310170MTL,MIN,xhekaar01,Arber Xhekaj,0
202310170MTL,MIN,yloneje01,Jesse YlÃ¶nen,0
202310170MTL,MIN,montesa01,Sam Montembeault,0
