game_id,opponent,player_id,player_name,scored
202312050CGY,CGY,boldyma01,Matt Boldy,1
202312050CGY,CGY,brodijo01,Jonas Brodin,0
202312050CGY,CGY,dewarco01,Connor Dewar,0
202312050CGY,CGY,duhaibr01,Brandon Duhaime,0
202312050CGY,CGY,eriksjo02,Joel Eriksson Ek,1
202312050CGY,CGY,faberbr01,Brock Faber,0
202312050CGY,CGY,foligma01,Marcus Foligno,1
202312050CGY,CGY,gaudrfr01,FrÃ©dÃ©rick Gaudreau,0
202312050CGY,CGY,goligal01,Alex Goligoski,0
202312050CGY,CGY,hartmry01,Ryan Hartman,0
202312050CGY,CGY,johanma03,Marcus Johansson,0
202312050CGY,CGY,kapriki01,Kirill Kaprizov,1
202312050CGY,CGY,maroopa01,Pat Maroon,0
202312050CGY,CGY,merrijo01,Jonathon Merrill,0
202312050CGY,CGY,middlja01,Jacob Middleton,0
202312050CGY,CGY,rossima01,Marco Rossi,0
202312050CGY,CGY,spurgja01,Jared Spurgeon,0
202312050CGY,CGY,zuccama01,Mats Zuccarello,0
202312050CGY,CGY,gustafi01,Filip Gustavsson,0
202312050CGY,MIN,anderra01,Rasmus Andersson,0
202312050CGY,MIN,backlmi01,Mikael Backlund,1
202312050CGY,MIN,colembl01,Blake Coleman,0
202312050CGY,MIN,dubedi01,Dillon DubÃ©,0
202312050CGY,MIN,duehrwa01,Walker Duehr,0
202312050CGY,MIN,greeraj01,A.J. Greer,0
202312050CGY,MIN,hanifno01,Noah Hanifin,0
202312050CGY,MIN,huberjo01,Jonathan Huberdeau,0
202312050CGY,MIN,kadrina01,Nazem Kadri,0
202312050CGY,MIN,lindhel01,Elias Lindholm,0
202312050CGY,MIN,mangian01,Andrew Mangiapane,0
202312050CGY,MIN,oestejo01,Jordan Oesterle,0
202312050CGY,MIN,ruzicad01,Adam RuÅ¾iÄka,0
202312050CGY,MIN,sharaye01,Yegor Sharangovich,0
202312050CGY,MIN,solovil01,Ilya Solovyov,0
202312050CGY,MIN,tanevch01,Chris Tanev,0
202312050CGY,MIN,weegama01,MacKenzie Weegar,0
202312050CGY,MIN,zaryco01,Connor Zary,1
202312050CGY,MIN,vladada01,Daniel VladaÅ,0
202312050CGY,MIN,wolfdu01,Dustin Wolf,0
