game_id,opponent,player_id,player_name,scored
202312150VEG,VEG,bensoza01,Zach Benson,1
202312150VEG,VEG,cliftco01,Connor Clifton,0
202312150VEG,VEG,cozendy01,Dylan Cozens,1
202312150VEG,VEG,dahlira01,Rasmus Dahlin,0
202312150VEG,VEG,johnsry03,Ryan Johnson,0
202312150VEG,VEG,jokihhe01,Henri Jokiharju,0
202312150VEG,VEG,jostty01,Tyson Jost,0
202312150VEG,VEG,krebspe01,Peyton Krebs,0
202312150VEG,VEG,mitteca01,Casey Mittelstadt,1
202312150VEG,VEG,murrabr02,Brett Murray,0
202312150VEG,VEG,okposky01,Kyle Okposo,0
202312150VEG,VEG,olofsvi01,Victor Olofsson,0
202312150VEG,VEG,peterjo01,John-Jason Peterka,0
202312150VEG,VEG,powerow01,Owen Power,0
202312150VEG,VEG,robiner01,Eric Robinson,0
202312150VEG,VEG,samuema02,Mattias Samuelsson,0
202312150VEG,VEG,thompta01,Tage Thompson,0
202312150VEG,VEG,tuchal01,Alex Tuch,1
202312150VEG,VEG,levide01,Devon Levi,0
202312150VEG,BUF,amadimi01,Michael Amadio,0
202312150VEG,BUF,barbaiv01,Ivan Barbashev,1
202312150VEG,BUF,carriwi01,William Carrier,0
202312150VEG,BUF,cottepa01,Paul Cotter,0
202312150VEG,BUF,eicheja01,Jack Eichel,1
202312150VEG,BUF,hagueni01,Nicolas Hague,0
202312150VEG,BUF,howdebr01,Brett Howden,0
202312150VEG,BUF,huttobe01,Ben Hutton,0
202312150VEG,BUF,karlswi01,William Karlsson,0
202312150VEG,BUF,koleske01,Keegan Kolesar,0
202312150VEG,BUF,audymjo01,Jonathan Marchessault,0
202312150VEG,BUF,mcnabbr01,Brayden McNabb,0
202312150VEG,BUF,pachabr01,Brayden Pachal,0
202312150VEG,BUF,pietral01,Alex Pietrangelo,0
202312150VEG,BUF,royni01,Nicolas Roy,0
202312150VEG,BUF,stephch02,Chandler Stephenson,0
202312150VEG,BUF,stonema01,Mark Stone,0
202312150VEG,BUF,whiteza01,Zach Whitecloud,0
202312150VEG,BUF,thomplo01,Logan Thompson,0
