game_id,opponent,player_id,player_name,scored
202312090VAN,VAN,ahose01,Sebastian Aho,0
202312090VAN,VAN,buntimi01,Michael Bunting,0
202312090VAN,VAN,burnsbr01,Brent Burns,0
202312090VAN,VAN,chatfja01,Jalen Chatfield,0
202312090VAN,VAN,druryja01,Jack Drury,0
202312090VAN,VAN,fastje01,Jesper Fast,0
202312090VAN,VAN,jarvise01,Seth Jarvis,0
202312090VAN,VAN,kotkaje01,Jesperi Kotkaniemi,0
202312090VAN,VAN,lemiebr01,Brendan Lemieux,0
202312090VAN,VAN,martijo01,Jordan Martinook,1
202312090VAN,VAN,necasma01,Martin NeÄas,0
202312090VAN,VAN,noesest01,Stefan Noesen,1
202312090VAN,VAN,orlovdm01,Dmitry Orlov,0
202312090VAN,VAN,pescebr01,Brett Pesce,0
202312090VAN,VAN,skjeibr01,Brady Skjei,1
202312090VAN,VAN,slavija01,Jaccob Slavin,0
202312090VAN,VAN,staaljo01,Jordan Staal,0
202312090VAN,VAN,teravte01,Teuvo TerÃ¤vÃ¤inen,0
202312090VAN,VAN,raantan01,Antti Raanta,0
202312090VAN,CAR,amanni01,Nils Ãman,0
202312090VAN,CAR,bluegte01,Teddy Blueger,0
202312090VAN,CAR,boesebr01,Brock Boeser,0
202312090VAN,CAR,coleia01,Ian Cole,0
202312090VAN,CAR,digiuph01,Phillip Di Giuseppe,0
202312090VAN,CAR,garlaco01,Conor Garland,0
202312090VAN,CAR,hoglani01,Nils HÃ¶glander,0
202312090VAN,CAR,hronefi01,Filip Hronek,0
202312090VAN,CAR,hughequ01,Quinn Hughes,0
202312090VAN,CAR,joshuda01,Dakota Joshua,0
202312090VAN,CAR,juulsno01,Noah Juulsen,0
202312090VAN,CAR,kuzmean01,Andrei Kuzmenko,0
202312090VAN,CAR,laffesa01,Sam Lafferty,1
202312090VAN,CAR,mikheil01,Ilya Mikheyev,1
202312090VAN,CAR,millejt01,J.T. Miller,1
202312090VAN,CAR,myersty01,Tyler Myers,0
202312090VAN,CAR,petteel01,Elias Pettersson,1
202312090VAN,CAR,zadorni01,Nikita Zadorov,0
202312090VAN,CAR,demkoth01,Thatcher Demko,0
