game_id,opponent,player_id,player_name,scored
202312020NSH,NSH,boninni01,Nick Bonino,0
202312020NSH,NSH,brodzjo01,Jonny Brodzinski,0
202312020NSH,NSH,cuyllwi01,William Cuylle,0
202312020NSH,NSH,foxad01,Adam Fox,0
202312020NSH,NSH,goodrba01,Barclay Goodrow,0
202312020NSH,NSH,gustaer02,Erik Gustafsson,0
202312020NSH,NSH,kreidch01,Chris Kreider,1
202312020NSH,NSH,lafreal01,Alexis LafreniÃ¨re,0
202312020NSH,NSH,lindgry01,Ryan Lindgren,1
202312020NSH,NSH,milleka01,K'Andre Miller,0
202312020NSH,NSH,panarar01,Artemi Panarin,0
202312020NSH,NSH,pitlity01,Tyler Pitlick,0
202312020NSH,NSH,schnebr01,Braden Schneider,0
202312020NSH,NSH,trochvi01,Vincent Trocheck,1
202312020NSH,NSH,troubja01,Jacob Trouba,1
202312020NSH,NSH,veseyji02,Jimmy Vesey,0
202312020NSH,NSH,wheelbl01,Blake Wheeler,0
202312020NSH,NSH,zibanmi01,Mika Zibanejad,0
202312020NSH,NSH,shestig01,Igor Shesterkin,0
202312020NSH,NYR,evanglu01,Luke Evangelista,0
202312020NSH,NYR,fabbrda01,Dante Fabbro,0
202312020NSH,NYR,forsbfi01,Filip Forsberg,0
202312020NSH,NYR,foudyli01,Liam Foudy,0
202312020NSH,NYR,josiro01,Roman Josi,1
202312020NSH,NYR,lauzoje01,Jeremy Lauzon,0
202312020NSH,NYR,mccarmi01,Michael McCarron,0
202312020NSH,NYR,mcdonry01,Ryan McDonagh,0
202312020NSH,NYR,nyquigu01,Gustav Nyquist,0
202312020NSH,NYR,oreilry01,Ryan O'Reilly,1
202312020NSH,NYR,parssju01,Juuso PÃ¤rssinen,0
202312020NSH,NYR,schenlu01,Luke Schenn,0
202312020NSH,NYR,sherwki01,Kiefer Sherwood,0
202312020NSH,NYR,sissoco01,Colton Sissons,1
202312020NSH,NYR,smithco02,Cole Smith,0
202312020NSH,NYR,stastsp01,Spencer Stastney,0
202312020NSH,NYR,tomasph01,Philip Tomasino,0
202312020NSH,NYR,treniya01,Yakov Trenin,0
202312020NSH,NYR,lankike01,Kevin Lankinen,0
