game_id,opponent,player_id,player_name,scored
202311070CGY,CGY,barrity01,Tyson Barrie,0
202311070CGY,CGY,carrial01,Alexandre Carrier,0
202311070CGY,CGY,delgama01,Marc Del Gaizo,0
202311070CGY,CGY,evanglu01,Luke Evangelista,0
202311070CGY,CGY,fabbrda01,Dante Fabbro,0
202311070CGY,CGY,forsbfi01,Filip Forsberg,0
202311070CGY,CGY,foudyli01,Liam Foudy,0
202311070CGY,CGY,josiro01,Roman Josi,0
202311070CGY,CGY,lauzoje01,Jeremy Lauzon,0
202311070CGY,CGY,mccarmi01,Michael McCarron,1
202311070CGY,CGY,novakth01,Thomas Novak,0
202311070CGY,CGY,nyquigu01,Gustav Nyquist,0
202311070CGY,CGY,oreilry01,Ryan O'Reilly,0
202311070CGY,CGY,parssju01,Juuso PÃ¤rssinen,0
202311070CGY,CGY,sherwki01,Kiefer Sherwood,1
202311070CGY,CGY,sissoco01,Colton Sissons,0
202311070CGY,CGY,smithco02,Cole Smith,0
202311070CGY,CGY,treniya01,Yakov Trenin,0
202311070CGY,CGY,sarosju01,Juuse Saros,0
202311070CGY,NSH,anderra01,Rasmus Andersson,0
202311070CGY,NSH,backlmi01,Mikael Backlund,0
202311070CGY,NSH,colembl01,Blake Coleman,1
202311070CGY,NSH,desimni01,Nick DeSimone,0
202311070CGY,NSH,dubedi01,Dillon DubÃ©,1
202311070CGY,NSH,duehrwa01,Walker Duehr,0
202311070CGY,NSH,greeraj01,A.J. Greer,0
202311070CGY,NSH,hanifno01,Noah Hanifin,1
202311070CGY,NSH,huberjo01,Jonathan Huberdeau,0
202311070CGY,NSH,kadrina01,Nazem Kadri,1
202311070CGY,NSH,lindhel01,Elias Lindholm,0
202311070CGY,NSH,pospima01,Martin Pospisil,0
202311070CGY,NSH,ruzicad01,Adam RuÅ¾iÄka,0
202311070CGY,NSH,sharaye01,Yegor Sharangovich,0
202311070CGY,NSH,tanevch01,Chris Tanev,0
202311070CGY,NSH,weegama01,MacKenzie Weegar,0
202311070CGY,NSH,zadorni01,Nikita Zadorov,0
202311070CGY,NSH,zaryco01,Connor Zary,0
202311070CGY,NSH,marksja02,Jacob MarkstrÃ¶m,0
