game_id,opponent,player_id,player_name,scored
202311090STL,STL,bjugsni01,Nick Bjugstad,0
202311090STL,STL,brownjo01,Josh Brown,0
202311090STL,STL,carcomi01,Michael Carcone,0
202311090STL,STL,coolelo01,Logan Cooley,0
202311090STL,STL,crousla01,Lawson Crouse,1
202311090STL,STL,dumbama01,Mathew Dumba,0
202311090STL,STL,durzise01,Sean Durzi,0
202311090STL,STL,haytoba01,Barrett Hayton,0
202311090STL,STL,kellecl01,Clayton Keller,0
202311090STL,STL,kerfoal01,Alexander Kerfoot,0
202311090STL,STL,maccema01,Matias Maccelli,0
202311090STL,STL,mcbaija03,Jack McBain,0
202311090STL,STL,moserja01,J.J. Moser,0
202311090STL,STL,obrieli01,Liam O'Brien,0
202311090STL,STL,schmani01,Nick Schmaltz,0
202311090STL,STL,stechtr01,Troy Stecher,0
202311090STL,STL,valimju01,Juuso VÃ¤limÃ¤ki,0
202311090STL,STL,zuckeja01,Jason Zucker,0
202311090STL,STL,vejmeka01,Karel Vejmelka,0
202311090STL,ARI,blaissa01,Sammy Blais,0
202311090STL,ARI,buchnpa01,Pavel Buchnevich,0
202311090STL,ARI,faulkju01,Justin Faulk,0
202311090STL,ARI,hayeske01,Kevin Hayes,0
202311090STL,ARI,kapanka01,Kasperi Kapanen,0
202311090STL,ARI,krugto01,Torey Krug,0
202311090STL,ARI,kyroujo01,Jordan Kyrou,0
202311090STL,ARI,leddyni01,Nick Leddy,0
202311090STL,ARI,neighja01,Jake Neighbours,0
202311090STL,ARI,parayco01,Colton Parayko,0
202311090STL,ARI,perunsc01,Scott Perunovich,0
202311090STL,ARI,saadbr01,Brandon Saad,0
202311090STL,ARI,scandma01,Marco Scandella,0
202311090STL,ARI,schenbr01,Brayden Schenn,0
202311090STL,ARI,sundqos01,Oskar Sundqvist,1
202311090STL,ARI,thomaro01,Robert Thomas,1
202311090STL,ARI,toropal01,Alexey Toropchenko,0
202311090STL,ARI,vranaja01,Jakub VrÃ¡na,0
202311090STL,ARI,hoferjo01,Joel Hofer,0
