game_id,opponent,player_id,player_name,scored
202311200FLA,FLA,bouchev01,Evan Bouchard,0
202311200FLA,FLA,brobeph01,Philip Broberg,0
202311200FLA,FLA,brownco02,Connor Brown,0
202311200FLA,FLA,cecico01,Cody Ceci,0
202311200FLA,FLA,deshavi01,Vincent Desharnais,0
202311200FLA,FLA,draisle01,Leon Draisaitl,0
202311200FLA,FLA,ekholma01,Mattias Ekholm,0
202311200FLA,FLA,ernead01,Adam Erne,0
202311200FLA,FLA,foegewa01,Warren Foegele,0
202311200FLA,FLA,hamblja01,James Hamblin,0
202311200FLA,FLA,hymanza01,Zach Hyman,0
202311200FLA,FLA,kaneev01,Evander Kane,1
202311200FLA,FLA,kulakbr01,Brett Kulak,0
202311200FLA,FLA,mcdavco01,Connor McDavid,1
202311200FLA,FLA,mcleory01,Ryan McLeod,0
202311200FLA,FLA,nugenry01,Ryan Nugent-Hopkins,0
202311200FLA,FLA,nurseda01,Darnell Nurse,0
202311200FLA,FLA,ryande01,Derek Ryan,0
202311200FLA,FLA,pickaca01,Calvin Pickard,0
202311200FLA,EDM,bennesa01,Sam Bennett,1
202311200FLA,EDM,cousini01,Nick Cousins,0
202311200FLA,EDM,ekblaaa01,Aaron Ekblad,0
202311200FLA,EDM,ekmanol01,Oliver Ekman-Larsson,0
202311200FLA,EDM,forslgu02,Gustav Forsling,0
202311200FLA,EDM,gadjojo01,Jonah Gadjovich,0
202311200FLA,EDM,kulikdm01,Dmitry Kulikov,0
202311200FLA,EDM,lombery01,Ryan Lomberg,0
202311200FLA,EDM,lorenst01,Steven Lorentz,0
202311200FLA,EDM,lundean01,Anton Lundell,0
202311200FLA,EDM,luostee01,Eetu Luostarinen,0
202311200FLA,EDM,mikkoni01,Niko Mikkola,1
202311200FLA,EDM,montobr01,Brandon Montour,0
202311200FLA,EDM,reinhsa01,Sam Reinhart,0
202311200FLA,EDM,rodriev01,Evan Rodrigues,0
202311200FLA,EDM,stenlke01,Kevin Stenlund,1
202311200FLA,EDM,tkachma01,Matthew Tkachuk,0
202311200FLA,EDM,verhaca01,Carter Verhaeghe,1
202311200FLA,EDM,bobrose01,Sergei Bobrovsky,0
