game_id,opponent,player_id,player_name,scored
202311140WPG,WPG,bahlke01,Kevin Bahl,0
202311140WPG,WPG,bastina01,Nathan Bastian,0
202311140WPG,WPG,brattje01,Jesper Bratt,0
202311140WPG,WPG,hamildo01,Dougie Hamilton,0
202311140WPG,WPG,haulaer01,Erik Haula,0
202311140WPG,WPG,holtzal01,Alexander Holtz,0
202311140WPG,WPG,hughelu01,Luke Hughes,0
202311140WPG,WPG,lazarcu01,Curtis Lazar,0
202311140WPG,WPG,marinjo01,John Marino,1
202311140WPG,WPG,mcleomi01,Michael McLeod,0
202311140WPG,WPG,meierti01,Timo Meier,1
202311140WPG,WPG,merceda01,Dawson Mercer,1
202311140WPG,WPG,nosekto01,TomÃ¡Å¡ Nosek,0
202311140WPG,WPG,palaton01,OndÅej PalÃ¡t,0
202311140WPG,WPG,siegejo01,Jonas Siegenthaler,0
202311140WPG,WPG,smithbr05,Brendan Smith,0
202311140WPG,WPG,tiernch01,Chris Tierney,0
202311140WPG,WPG,toffoty01,Tyler Toffoli,0
202311140WPG,WPG,schmiak01,Akira Schmid,0
202311140WPG,NJD,applema01,Mason Appleton,0
202311140WPG,NJD,barromo01,Morgan Barron,1
202311140WPG,NJD,connoky01,Kyle Connor,1
202311140WPG,NJD,demeldy01,Dylan DeMelo,0
202311140WPG,NJD,dillobr01,Brenden Dillon,0
202311140WPG,NJD,ehlerni01,Nikolaj Ehlers,1
202311140WPG,NJD,iafalal01,Alex Iafallo,0
202311140WPG,NJD,kuparra01,Rasmus Kupari,0
202311140WPG,NJD,lowryad01,Adam Lowry,0
202311140WPG,NJD,morrijo04,Josh Morrissey,0
202311140WPG,NJD,namesvl01,Vladislav Namestnikov,0
202311140WPG,NJD,niedeni01,Nino Niederreiter,0
202311140WPG,NJD,perfeco01,Cole Perfetti,1
202311140WPG,NJD,pionkne01,Neal Pionk,0
202311140WPG,NJD,sambedy01,Dylan Samberg,0
202311140WPG,NJD,scheima01,Mark Scheifele,0
202311140WPG,NJD,schmina01,Nate Schmidt,0
202311140WPG,NJD,stanllo01,Logan Stanley,0
202311140WPG,NJD,helleco01,Connor Hellebuyck,0
