game_id,opponent,player_id,player_name,scored
202310290WSH,WSH,bennima01,Matt Benning,0
202310290WSH,WSH,burroky01,Kyle Burroughs,0
202310290WSH,WSH,carpery01,Ryan Carpenter,0
202310290WSH,WSH,duclaan01,Anthony Duclair,0
202310290WSH,WSH,eklunwi01,William Eklund,0
202310290WSH,WSH,emberty01,Ty Emberson,0
202310290WSH,WSH,ferrama01,Mario Ferraro,0
202310290WSH,WSH,granlmi01,Mikael Granlund,0
202310290WSH,WSH,hertlto01,TomÃ¡Å¡ Hertl,0
202310290WSH,WSH,hoffmmi02,Mike Hoffman,0
202310290WSH,WSH,kuninlu01,Luke Kunin,1
202310290WSH,WSH,labanke01,Kevin Labanc,0
202310290WSH,WSH,ruttaja02,Jan Rutta,0
202310290WSH,WSH,smithgi01,Givani Smith,0
202310290WSH,WSH,sturmni01,Nico Sturm,0
202310290WSH,WSH,vlasima01,Marc-Ãdouard Vlasic,0
202310290WSH,WSH,zadinfi01,Filip Zadina,0
202310290WSH,WSH,zettefa01,Fabian Zetterlund,0
202310290WSH,WSH,blackma01,Mackenzie Blackwood,0
202310290WSH,SJS,backsni02,Nicklas BÃ¤ckstrÃ¶m,0
202310290WSH,SJS,carlsjo01,John Carlson,0
202310290WSH,SJS,feherma01,Martin FehÃ©rvÃ¡ry,0
202310290WSH,SJS,hamanha01,Hardy Haman Aktell,0
202310290WSH,SJS,jenseni02,Nick Jensen,0
202310290WSH,SJS,kuzneev01,Evgeny Kuznetsov,1
202310290WSH,SJS,lapiehe01,Hendrix Lapierre,0
202310290WSH,SJS,malenbe01,Beck Malenstyn,0
202310290WSH,SJS,manthan01,Anthony Mantha,0
202310290WSH,SJS,mcmicco01,Connor McMichael,0
202310290WSH,SJS,oshietj01,T.J. Oshie,0
202310290WSH,SJS,ovechal01,Alex Ovechkin,0
202310290WSH,SJS,phillma01,Matthew Phillips,0
202310290WSH,SJS,protaal01,Aliaksei Protas,0
202310290WSH,SJS,sandira01,Rasmus Sandin,0
202310290WSH,SJS,stromdy01,Dylan Strome,1
202310290WSH,SJS,vanritr01,Trevor van Riemsdyk,0
202310290WSH,SJS,wilsoto01,Tom Wilson,1
202310290WSH,SJS,kuempda01,Darcy Kuemper,0
