game_id,opponent,player_id,player_name,scored
202311180NSH,NSH,bedarco01,Connor Bedard,0
202311180NSH,NSH,dickija01,Jason Dickinson,0
202311180NSH,NSH,donatry01,Ryan Donato,0
202311180NSH,NSH,entwima01,Mackenzie Entwistle,0
202311180NSH,NSH,foligni01,Nick Foligno,0
202311180NSH,NSH,hallta02,Taylor Hall,0
202311180NSH,NSH,johnsre01,Reese Johnson,0
202311180NSH,NSH,johnsty01,Tyler Johnson,1
202311180NSH,NSH,jonesse01,Seth Jones,0
202311180NSH,NSH,kaisewy01,Wyatt Kaiser,0
202311180NSH,NSH,korchke01,Kevin Korchinski,0
202311180NSH,NSH,kurasph01,Philipp Kurashev,1
202311180NSH,NSH,murphco02,Connor Murphy,0
202311180NSH,NSH,perryco01,Corey Perry,0
202311180NSH,NSH,phillis01,Isaak Phillips,0
202311180NSH,NSH,raddyta01,Taylor Raddysh,0
202311180NSH,NSH,reichlu01,Lukas Reichel,0
202311180NSH,NSH,vlasial01,Alex Vlasic,0
202311180NSH,NSH,soderar01,Arvid SÃ¶derblom,0
202311180NSH,CHI,barrity01,Tyson Barrie,0
202311180NSH,CHI,carrial01,Alexandre Carrier,0
202311180NSH,CHI,evanglu01,Luke Evangelista,0
202311180NSH,CHI,fabbrda01,Dante Fabbro,0
202311180NSH,CHI,forsbfi01,Filip Forsberg,0
202311180NSH,CHI,glassco01,Cody Glass,0
202311180NSH,CHI,josiro01,Roman Josi,0
202311180NSH,CHI,lauzoje01,Jeremy Lauzon,0
202311180NSH,CHI,mccarmi01,Michael McCarron,0
202311180NSH,CHI,nyquigu01,Gustav Nyquist,1
202311180NSH,CHI,oreilry01,Ryan O'Reilly,0
202311180NSH,CHI,parssju01,Juuso PÃ¤rssinen,0
202311180NSH,CHI,sherwki01,Kiefer Sherwood,0
202311180NSH,CHI,sissoco01,Colton Sissons,0
202311180NSH,CHI,smithco02,Cole Smith,1
202311180NSH,CHI,stastsp01,Spencer Stastney,0
202311180NSH,CHI,tomasph01,Philip Tomasino,0
202311180NSH,CHI,treniya01,Yakov Trenin,1
202311180NSH,CHI,lankike01,Kevin Lankinen,0
