game_id,opponent,player_id,player_name,scored
202311070ARI,ARI,bellepi01,Pierre-Ãdouard Bellemare,0
202311070ARI,ARI,beniema01,Matthew Beniers,0
202311070ARI,ARI,bjorkol01,Oliver Bjorkstrand,0
202311070ARI,ARI,borgewi01,William Borgen,0
202311070ARI,ARI,dumoubr01,Brian Dumoulin,0
202311070ARI,ARI,dunnvi02,Vince Dunn,0
202311070ARI,ARI,eberljo01,Jordan Eberle,0
202311070ARI,ARI,gourdya01,Yanni Gourde,0
202311070ARI,ARI,kartyty01,Tye Kartye,0
202311070ARI,ARI,larssad01,Adam Larsson,0
202311070ARI,ARI,mccanja01,Jared McCann,0
202311070ARI,ARI,oleksja01,Jamie Oleksiak,0
202311070ARI,ARI,schulju01,Justin Schultz,1
202311070ARI,ARI,schwaja01,Jaden Schwartz,1
202311070ARI,ARI,shorede01,Devin Shore,0
202311070ARI,ARI,tolvaee01,Eeli Tolvanen,1
202311070ARI,ARI,wennbal01,Alexander Wennberg,0
202311070ARI,ARI,yamamka01,Kailer Yamamoto,0
202311070ARI,ARI,daccojo01,Joey Daccord,0
202311070ARI,SEA,bjugsni01,Nick Bjugstad,0
202311070ARI,SEA,boydtr01,Travis Boyd,0
202311070ARI,SEA,carcomi01,Michael Carcone,0
202311070ARI,SEA,coolelo01,Logan Cooley,0
202311070ARI,SEA,crousla01,Lawson Crouse,0
202311070ARI,SEA,dermotr01,Travis Dermott,0
202311070ARI,SEA,dumbama01,Mathew Dumba,0
202311070ARI,SEA,durzise01,Sean Durzi,0
202311070ARI,SEA,haytoba01,Barrett Hayton,1
202311070ARI,SEA,kellecl01,Clayton Keller,1
202311070ARI,SEA,kerfoal01,Alexander Kerfoot,0
202311070ARI,SEA,maccema01,Matias Maccelli,1
202311070ARI,SEA,mcbaija03,Jack McBain,0
202311070ARI,SEA,moserja01,J.J. Moser,0
202311070ARI,SEA,obrieli01,Liam O'Brien,0
202311070ARI,SEA,schmani01,Nick Schmaltz,0
202311070ARI,SEA,stechtr01,Troy Stecher,0
202311070ARI,SEA,valimju01,Juuso VÃ¤limÃ¤ki,0
202311070ARI,SEA,ingraco01,Connor Ingram,0
