game_id,opponent,player_id,player_name,scored
202311270COL,COL,cernaer01,Erik ÄernÃ¡k,0
202311270COL,COL,cirelan01,Anthony Cirelli,1
202311270COL,COL,dehaaca01,Calvin de Haan,0
202311270COL,COL,eyssimi01,Michael Eyssimont,0
202311270COL,COL,glendlu01,Luke Glendening,0
202311270COL,COL,hagelbr01,Brandon Hagel,0
202311270COL,COL,hedmavi01,Victor Hedman,0
202311270COL,COL,jeannta01,Tanner Jeannot,0
202311270COL,COL,koepkco01,Cole Koepke,0
202311270COL,COL,kucheni01,Nikita Kucherov,0
202311270COL,COL,mottety01,Tyler Motte,0
202311270COL,COL,paulni01,Nick Paul,0
202311270COL,COL,perbini01,Nicklaus Perbix,0
202311270COL,COL,pointbr01,Brayden Point,0
202311270COL,COL,raddyda01,Darren Raddysh,0
202311270COL,COL,sergami01,Mikhail Sergachev,0
202311270COL,COL,stamkst01,Steven Stamkos,0
202311270COL,COL,watsoau01,Austin Watson,0
202311270COL,COL,vasilan02,Andrei Vasilevskiy,0
202311270COL,TBL,byrambo01,Bowen Byram,0
202311270COL,TBL,coglian01,Andrew Cogliano,0
202311270COL,TBL,coltoro01,Ross Colton,0
202311270COL,TBL,drouijo01,Jonathan Drouin,0
202311270COL,TBL,johanry01,Ryan Johansen,1
202311270COL,TBL,johnsja02,Jack Johnson,0
202311270COL,TBL,jonesca01,Caleb Jones,0
202311270COL,TBL,kivirjo01,Joel Kiviranta,0
202311270COL,TBL,mackina01,Nathan MacKinnon,0
202311270COL,TBL,makarca01,Cale Makar,1
202311270COL,TBL,mansojo01,Josh Manson,0
202311270COL,TBL,nichuva01,Valeri Nichushkin,1
202311270COL,TBL,oconnlo01,Logan O'Connor,0
202311270COL,TBL,olofsfr01,Fredrik Olofsson,0
202311270COL,TBL,rantami01,Mikko Rantanen,0
202311270COL,TBL,tatarto01,TomÃ¡Å¡ Tatar,0
202311270COL,TBL,toewsde01,Devon Toews,0
202311270COL,TBL,woodmi01,Miles Wood,0
202311270COL,TBL,georgal01,Alexandar Georgiev,0
