game_id,opponent,player_id,player_name,scored
202310300DAL,DAL,beanja01,Jake Bean,0
202310300DAL,DAL,bemstem01,Emil BemstrÃ¶m,0
202310300DAL,DAL,danfoju01,Justin Danforth,0
202310300DAL,DAL,fantiad01,Adam Fantilli,0
202310300DAL,DAL,gaudrjo01,Johnny Gaudreau,0
202310300DAL,DAL,gudbrer01,Erik Gudbranson,0
202310300DAL,DAL,jennebo01,Boone Jenner,0
202310300DAL,DAL,jiricda01,David JiÅÃ­Äek,0
202310300DAL,DAL,johnske01,Kent Johnson,0
202310300DAL,DAL,kuralse01,Sean Kuraly,1
202310300DAL,DAL,olivima01,Mathieu Olivier,0
202310300DAL,DAL,provoiv01,Ivan Provorov,0
202310300DAL,DAL,rosloja01,Jack Roslovic,0
202310300DAL,DAL,severda01,Damon Severson,1
202310300DAL,DAL,sillico01,Cole Sillinger,0
202310300DAL,DAL,texieal01,Alexandre Texier,0
202310300DAL,DAL,vorondi01,Dmitri Voronkov,1
202310300DAL,DAL,werenza01,Zach Werenski,0
202310300DAL,DAL,merzlel01,Elvis MerzÄ¼ikins,0
202310300DAL,CBJ,bennja01,Jamie Benn,0
202310300DAL,CBJ,dadonev01,Evgenii Dadonov,1
202310300DAL,CBJ,dellaty01,Ty Dellandrea,0
202310300DAL,CBJ,duchema01,Matt Duchene,1
202310300DAL,CBJ,faksara01,Radek Faksa,0
202310300DAL,CBJ,hakanja01,Jani HakanpÃ¤Ã¤,0
202310300DAL,CBJ,harleth01,Thomas Harley,1
202310300DAL,CBJ,heiskmi01,Miro Heiskanen,0
202310300DAL,CBJ,hintzro01,Roope Hintz,1
202310300DAL,CBJ,johnswy01,Wyatt Johnston,1
202310300DAL,CBJ,lindees01,Esa Lindell,0
202310300DAL,CBJ,lundkni01,Nils Lundkvist,0
202310300DAL,CBJ,marchma01,Mason Marchment,0
202310300DAL,CBJ,paveljo01,Joe Pavelski,0
202310300DAL,CBJ,roberja01,Jason Robertson,0
202310300DAL,CBJ,seguity01,Tyler Seguin,0
202310300DAL,CBJ,smithcr01,Craig Smith,0
202310300DAL,CBJ,suterry01,Ryan Suter,0
202310300DAL,CBJ,oettija01,Jake Oettinger,0
