game_id,opponent,player_id,player_name,scored
202310100VEG,VEG,bellepi01,Pierre-Ãdouard Bellemare,0
202310100VEG,VEG,beniema01,Matthew Beniers,0
202310100VEG,VEG,bjorkol01,Oliver Bjorkstrand,0
202310100VEG,VEG,borgewi01,William Borgen,0
202310100VEG,VEG,burakan01,AndrÃ© Burakovsky,0
202310100VEG,VEG,dumoubr01,Brian Dumoulin,0
202310100VEG,VEG,dunnvi02,Vince Dunn,0
202310100VEG,VEG,eberljo01,Jordan Eberle,0
202310100VEG,VEG,gourdya01,Yanni Gourde,0
202310100VEG,VEG,larssad01,Adam Larsson,0
202310100VEG,VEG,mccanja01,Jared McCann,1
202310100VEG,VEG,oleksja01,Jamie Oleksiak,0
202310100VEG,VEG,schulju01,Justin Schultz,0
202310100VEG,VEG,schwaja01,Jaden Schwartz,0
202310100VEG,VEG,tanevbr01,Brandon Tanev,0
202310100VEG,VEG,tolvaee01,Eeli Tolvanen,0
202310100VEG,VEG,wennbal01,Alexander Wennberg,0
202310100VEG,VEG,yamamka01,Kailer Yamamoto,0
202310100VEG,VEG,grubaph01,Philipp Grubauer,0
202310100VEG,SEA,amadimi01,Michael Amadio,0
202310100VEG,SEA,barbaiv01,Ivan Barbashev,1
202310100VEG,SEA,carriwi01,William Carrier,0
202310100VEG,SEA,cottepa01,Paul Cotter,0
202310100VEG,SEA,eicheja01,Jack Eichel,1
202310100VEG,SEA,hagueni01,Nicolas Hague,0
202310100VEG,SEA,howdebr01,Brett Howden,0
202310100VEG,SEA,huttobe01,Ben Hutton,0
202310100VEG,SEA,karlswi01,William Karlsson,0
202310100VEG,SEA,koleske01,Keegan Kolesar,0
202310100VEG,SEA,audymjo01,Jonathan Marchessault,1
202310100VEG,SEA,mcnabbr01,Brayden McNabb,0
202310100VEG,SEA,pachabr01,Brayden Pachal,0
202310100VEG,SEA,pietral01,Alex Pietrangelo,0
202310100VEG,SEA,royni01,Nicolas Roy,0
202310100VEG,SEA,stephch02,Chandler Stephenson,1
202310100VEG,SEA,stonema01,Mark Stone,0
202310100VEG,SEA,theodsh01,Shea Theodore,0
202310100VEG,SEA,hillad01,Adin Hill,0
