game_id,opponent,player_id,player_name,scored
202311030STL,STL,bahlke01,Kevin Bahl,0
202311030STL,STL,bastina01,Nathan Bastian,0
202311030STL,STL,brattje01,Jesper Bratt,0
202311030STL,STL,hamildo01,Dougie Hamilton,0
202311030STL,STL,haulaer01,Erik Haula,0
202311030STL,STL,holtzal01,Alexander Holtz,0
202311030STL,STL,hugheja03,Jack Hughes,0
202311030STL,STL,hughelu01,Luke Hughes,0
202311030STL,STL,lazarcu01,Curtis Lazar,1
202311030STL,STL,marinjo01,John Marino,0
202311030STL,STL,mcleomi01,Michael McLeod,0
202311030STL,STL,meierti01,Timo Meier,0
202311030STL,STL,merceda01,Dawson Mercer,0
202311030STL,STL,palaton01,OndÅej PalÃ¡t,0
202311030STL,STL,siegejo01,Jonas Siegenthaler,0
202311030STL,STL,smithbr05,Brendan Smith,0
202311030STL,STL,tiernch01,Chris Tierney,0
202311030STL,STL,toffoty01,Tyler Toffoli,0
202311030STL,STL,schmiak01,Akira Schmid,0
202311030STL,NJD,blaissa01,Sammy Blais,0
202311030STL,NJD,borturo01,Robert Bortuzzo,0
202311030STL,NJD,buchnpa01,Pavel Buchnevich,0
202311030STL,NJD,faulkju01,Justin Faulk,0
202311030STL,NJD,hayeske01,Kevin Hayes,1
202311030STL,NJD,kapanka01,Kasperi Kapanen,0
202311030STL,NJD,krugto01,Torey Krug,0
202311030STL,NJD,kyroujo01,Jordan Kyrou,0
202311030STL,NJD,leddyni01,Nick Leddy,0
202311030STL,NJD,neighja01,Jake Neighbours,1
202311030STL,NJD,parayco01,Colton Parayko,0
202311030STL,NJD,saadbr01,Brandon Saad,0
202311030STL,NJD,scandma01,Marco Scandella,0
202311030STL,NJD,schenbr01,Brayden Schenn,0
202311030STL,NJD,sundqos01,Oskar Sundqvist,0
202311030STL,NJD,thomaro01,Robert Thomas,1
202311030STL,NJD,toropal01,Alexey Toropchenko,0
202311030STL,NJD,vranaja01,Jakub VrÃ¡na,0
202311030STL,NJD,binnijo01,Jordan Binnington,0
