game_id,opponent,player_id,player_name,scored
202311020WSH,WSH,ahose02,Sebastian Aho,0
202311020WSH,WSH,barzama01,Mathew Barzal,0
202311020WSH,WSH,cizikca01,Casey Cizikas,0
202311020WSH,WSH,cluttca01,Cal Clutterbuck,0
202311020WSH,WSH,dobsono01,Noah Dobson,0
202311020WSH,WSH,engvapi01,Pierre Engvall,0
202311020WSH,WSH,faschhu01,Hudson Fasching,0
202311020WSH,WSH,holmssi01,Simon HolmstrÃ¶m,1
202311020WSH,WSH,horvabo01,Bo Horvat,0
202311020WSH,WSH,leean01,Anders Lee,0
202311020WSH,WSH,martima02,Matt Martin,0
202311020WSH,WSH,mayfisc01,Scott Mayfield,0
202311020WSH,WSH,nelsobr01,Brock Nelson,1
202311020WSH,WSH,pageaje01,Jean-Gabriel Pageau,0
202311020WSH,WSH,palmiky01,Kyle Palmieri,0
202311020WSH,WSH,pelecad01,Adam Pelech,0
202311020WSH,WSH,pulocry01,Ryan Pulock,1
202311020WSH,WSH,romanal01,Alexander Romanov,0
202311020WSH,WSH,varlasi01,Semyon Varlamov,0
202311020WSH,NYI,carlsjo01,John Carlson,0
202311020WSH,NYI,feherma01,Martin FehÃ©rvÃ¡ry,0
202311020WSH,NYI,hamanha01,Hardy Haman Aktell,0
202311020WSH,NYI,jenseni02,Nick Jensen,0
202311020WSH,NYI,kuzneev01,Evgeny Kuznetsov,0
202311020WSH,NYI,lapiehe01,Hendrix Lapierre,0
202311020WSH,NYI,malenbe01,Beck Malenstyn,0
202311020WSH,NYI,manthan01,Anthony Mantha,0
202311020WSH,NYI,mcmicco01,Connor McMichael,0
202311020WSH,NYI,milanso01,Sonny Milano,0
202311020WSH,NYI,oshietj01,T.J. Oshie,0
202311020WSH,NYI,ovechal01,Alex Ovechkin,0
202311020WSH,NYI,phillma01,Matthew Phillips,0
202311020WSH,NYI,protaal01,Aliaksei Protas,0
202311020WSH,NYI,sandira01,Rasmus Sandin,0
202311020WSH,NYI,stromdy01,Dylan Strome,0
202311020WSH,NYI,vanritr01,Trevor van Riemsdyk,0
202311020WSH,NYI,wilsoto01,Tom Wilson,0
202311020WSH,NYI,kuempda01,Darcy Kuemper,0
