game_id,opponent,player_id,player_name,scored
202311260CHI,CHI,blaissa01,Sammy Blais,0
202311260CHI,CHI,buchnpa01,Pavel Buchnevich,1
202311260CHI,CHI,faulkju01,Justin Faulk,0
202311260CHI,CHI,hayeske01,Kevin Hayes,1
202311260CHI,CHI,kapanka01,Kasperi Kapanen,0
202311260CHI,CHI,krugto01,Torey Krug,0
202311260CHI,CHI,kyroujo01,Jordan Kyrou,0
202311260CHI,CHI,leddyni01,Nick Leddy,0
202311260CHI,CHI,neighja01,Jake Neighbours,1
202311260CHI,CHI,parayco01,Colton Parayko,0
202311260CHI,CHI,saadbr01,Brandon Saad,0
202311260CHI,CHI,scandma01,Marco Scandella,0
202311260CHI,CHI,schenbr01,Brayden Schenn,0
202311260CHI,CHI,sundqos01,Oskar Sundqvist,0
202311260CHI,CHI,thomaro01,Robert Thomas,0
202311260CHI,CHI,toropal01,Alexey Toropchenko,0
202311260CHI,CHI,tuckety01,Tyler Tucker,0
202311260CHI,CHI,vranaja01,Jakub VrÃ¡na,0
202311260CHI,CHI,binnijo01,Jordan Binnington,0
202311260CHI,STL,anderjo08,Joey Anderson,0
202311260CHI,STL,bedarco01,Connor Bedard,0
202311260CHI,STL,dickija01,Jason Dickinson,0
202311260CHI,STL,donatry01,Ryan Donato,1
202311260CHI,STL,foligni01,Nick Foligno,0
202311260CHI,STL,guttmco01,Cole Guttman,0
202311260CHI,STL,johnsre01,Reese Johnson,0
202311260CHI,STL,johnsty01,Tyler Johnson,0
202311260CHI,STL,jonesse01,Seth Jones,0
202311260CHI,STL,kaisewy01,Wyatt Kaiser,0
202311260CHI,STL,katchbo01,Boris Katchouk,1
202311260CHI,STL,korchke01,Kevin Korchinski,0
202311260CHI,STL,kurasph01,Philipp Kurashev,0
202311260CHI,STL,murphco02,Connor Murphy,0
202311260CHI,STL,phillis01,Isaak Phillips,0
202311260CHI,STL,raddyta01,Taylor Raddysh,0
202311260CHI,STL,reichlu01,Lukas Reichel,0
202311260CHI,STL,vlasial01,Alex Vlasic,0
202311260CHI,STL,soderar01,Arvid SÃ¶derblom,0
