game_id,opponent,player_id,player_name,scored
202311110PIT,PIT,cliftco01,Connor Clifton,0
202311110PIT,PIT,cozendy01,Dylan Cozens,0
202311110PIT,PIT,dahlira01,Rasmus Dahlin,0
202311110PIT,PIT,girgeze01,Zemgus Girgensons,0
202311110PIT,PIT,greenjo02,Jordan Greenway,0
202311110PIT,PIT,johnser01,Erik Johnson,0
202311110PIT,PIT,johnsry03,Ryan Johnson,0
202311110PIT,PIT,jokihhe01,Henri Jokiharju,0
202311110PIT,PIT,jostty01,Tyson Jost,0
202311110PIT,PIT,mitteca01,Casey Mittelstadt,0
202311110PIT,PIT,okposky01,Kyle Okposo,0
202311110PIT,PIT,olofsvi01,Victor Olofsson,0
202311110PIT,PIT,peterjo01,John-Jason Peterka,0
202311110PIT,PIT,powerow01,Owen Power,0
202311110PIT,PIT,rouselu01,LukÃ¡Å¡ Rousek,0
202311110PIT,PIT,samuema02,Mattias Samuelsson,0
202311110PIT,PIT,skinnje01,Jeff Skinner,0
202311110PIT,PIT,thompta01,Tage Thompson,0
202311110PIT,PIT,luukkuk01,Ukko-Pekka Luukkonen,0
202311110PIT,BUF,acciano01,Noel Acciari,0
202311110PIT,BUF,crosbsi01,Sidney Crosby,0
202311110PIT,BUF,ellerla01,Lars Eller,0
202311110PIT,BUF,gravery01,Ryan Graves,0
202311110PIT,BUF,guentja01,Jake Guentzel,0
202311110PIT,BUF,hinosvi01,Vinnie Hinostroza,0
202311110PIT,BUF,karlser01,Erik Karlsson,1
202311110PIT,BUF,letankr01,Kris Letang,0
202311110PIT,BUF,malkiev01,Evgeni Malkin,1
202311110PIT,BUF,nietoma01,Matthew Nieto,0
202311110PIT,BUF,oconndr01,Drew O'Connor,1
202311110PIT,BUF,pettema01,Marcus Pettersson,0
202311110PIT,BUF,rakelri01,Rickard Rakell,0
202311110PIT,BUF,ruhwech01,Chad Ruhwedel,0
202311110PIT,BUF,rustbr01,Bryan Rust,0
202311110PIT,BUF,sheary01,Ryan Shea,0
202311110PIT,BUF,smithre01,Reilly Smith,0
202311110PIT,BUF,zohorra01,Radim Zohorna,0
202311110PIT,BUF,jarrytr01,Tristan Jarry,0
