game_id,opponent,player_id,player_name,scored
202310280VAN,VAN,boninni01,Nick Bonino,0
202310280VAN,VAN,chytifi01,Filip Chytil,0
202310280VAN,VAN,cuyllwi01,William Cuylle,0
202310280VAN,VAN,foxad01,Adam Fox,1
202310280VAN,VAN,goodrba01,Barclay Goodrow,0
202310280VAN,VAN,gustaer02,Erik Gustafsson,0
202310280VAN,VAN,kakkoka01,Kaapo Kakko,0
202310280VAN,VAN,kreidch01,Chris Kreider,0
202310280VAN,VAN,lafreal01,Alexis LafreniÃ¨re,0
202310280VAN,VAN,lindgry01,Ryan Lindgren,0
202310280VAN,VAN,milleka01,K'Andre Miller,1
202310280VAN,VAN,panarar01,Artemi Panarin,1
202310280VAN,VAN,schnebr01,Braden Schneider,0
202310280VAN,VAN,trochvi01,Vincent Trocheck,0
202310280VAN,VAN,troubja01,Jacob Trouba,0
202310280VAN,VAN,veseyji02,Jimmy Vesey,0
202310280VAN,VAN,wheelbl01,Blake Wheeler,0
202310280VAN,VAN,zibanmi01,Mika Zibanejad,1
202310280VAN,VAN,shestig01,Igor Shesterkin,0
202310280VAN,NYR,beauvan01,Anthony Beauvillier,0
202310280VAN,NYR,boesebr01,Brock Boeser,0
202310280VAN,NYR,coleia01,Ian Cole,0
202310280VAN,NYR,digiuph01,Phillip Di Giuseppe,0
202310280VAN,NYR,friedma01,Mark Friedman,0
202310280VAN,NYR,garlaco01,Conor Garland,0
202310280VAN,NYR,hoglani01,Nils HÃ¶glander,0
202310280VAN,NYR,hronefi01,Filip Hronek,0
202310280VAN,NYR,hughequ01,Quinn Hughes,0
202310280VAN,NYR,joshuda01,Dakota Joshua,0
202310280VAN,NYR,kuzmean01,Andrei Kuzmenko,0
202310280VAN,NYR,laffesa01,Sam Lafferty,0
202310280VAN,NYR,mikheil01,Ilya Mikheyev,0
202310280VAN,NYR,millejt01,J.T. Miller,1
202310280VAN,NYR,myersty01,Tyler Myers,1
202310280VAN,NYR,petteel01,Elias Pettersson,0
202310280VAN,NYR,soucyca01,Carson Soucy,1
202310280VAN,NYR,suterpi01,Pius Suter,0
202310280VAN,NYR,desmica01,Casey DeSmith,0
