game_id,opponent,player_id,player_name,scored
202312200LAK,LAK,beniema01,Matthew Beniers,0
202312200LAK,LAK,bjorkol01,Oliver Bjorkstrand,0
202312200LAK,LAK,borgewi01,William Borgen,0
202312200LAK,LAK,dumoubr01,Brian Dumoulin,0
202312200LAK,LAK,dunnvi02,Vince Dunn,0
202312200LAK,LAK,eberljo01,Jordan Eberle,1
202312200LAK,LAK,gourdya01,Yanni Gourde,0
202312200LAK,LAK,kartyty01,Tye Kartye,0
202312200LAK,LAK,larssad01,Adam Larsson,0
202312200LAK,LAK,lindko01,Kole Lind,0
202312200LAK,LAK,oleksja01,Jamie Oleksiak,0
202312200LAK,LAK,schulju01,Justin Schultz,0
202312200LAK,LAK,shorede01,Devin Shore,0
202312200LAK,LAK,tanevbr01,Brandon Tanev,1
202312200LAK,LAK,tatarto01,TomÃ¡Å¡ Tatar,0
202312200LAK,LAK,tolvaee01,Eeli Tolvanen,0
202312200LAK,LAK,wennbal01,Alexander Wennberg,0
202312200LAK,LAK,yamamka01,Kailer Yamamoto,0
202312200LAK,LAK,daccojo01,Joey Daccord,0
202312200LAK,SEA,andermi02,Michael Anderson,0
202312200LAK,SEA,byfiequ01,Quinton Byfield,0
202312200LAK,SEA,danauph01,Phillip Danault,0
202312200LAK,SEA,doughdr01,Drew Doughty,0
202312200LAK,SEA,duboipi01,Pierre-Luc Dubois,0
202312200LAK,SEA,engluan01,Andreas Englund,0
202312200LAK,SEA,fialake01,Kevin Fiala,0
202312200LAK,SEA,grundca01,Carl GrundstrÃ¶m,0
202312200LAK,SEA,kaliyar01,Arthur Kaliyev,0
202312200LAK,SEA,kempead01,Adrian Kempe,0
202312200LAK,SEA,kopitan01,AnÅ¾e Kopitar,0
202312200LAK,SEA,laferal01,Alex Laferriere,0
202312200LAK,SEA,lewistr01,Trevor Lewis,0
202312200LAK,SEA,lizotbl01,Blake Lizotte,1
202312200LAK,SEA,mooretr01,Trevor Moore,0
202312200LAK,SEA,moverja01,Jacob Moverare,0
202312200LAK,SEA,royma04,Matt Roy,0
202312200LAK,SEA,spencjo01,Jordan Spence,0
202312200LAK,SEA,talboca01,Cam Talbot,0
