game_id,opponent,player_id,player_name,scored
202311170ANA,ANA,barkoal01,Aleksander Barkov,0
202311170ANA,ANA,bennesa01,Sam Bennett,0
202311170ANA,ANA,cousini01,Nick Cousins,0
202311170ANA,ANA,ekblaaa01,Aaron Ekblad,0
202311170ANA,ANA,ekmanol01,Oliver Ekman-Larsson,1
202311170ANA,ANA,forslgu02,Gustav Forsling,0
202311170ANA,ANA,gadjojo01,Jonah Gadjovich,0
202311170ANA,ANA,kulikdm01,Dmitry Kulikov,0
202311170ANA,ANA,lombery01,Ryan Lomberg,0
202311170ANA,ANA,lundean01,Anton Lundell,0
202311170ANA,ANA,luostee01,Eetu Luostarinen,1
202311170ANA,ANA,mikkoni01,Niko Mikkola,0
202311170ANA,ANA,montobr01,Brandon Montour,0
202311170ANA,ANA,reinhsa01,Sam Reinhart,0
202311170ANA,ANA,rodriev01,Evan Rodrigues,0
202311170ANA,ANA,stenlke01,Kevin Stenlund,0
202311170ANA,ANA,tkachma01,Matthew Tkachuk,0
202311170ANA,ANA,verhaca01,Carter Verhaeghe,0
202311170ANA,ANA,stolaan01,Anthony Stolarz,0
202311170ANA,FLA,carrisa01,Sam Carrick,0
202311170ANA,FLA,fowleca01,Cam Fowler,0
202311170ANA,FLA,groulbe01,Benoit-Olivier Groulx,0
202311170ANA,FLA,gudasra01,Radko Gudas,0
202311170ANA,FLA,henriad01,Adam Henrique,0
202311170ANA,FLA,johnsro02,Ross Johnston,0
202311170ANA,FLA,jonesma03,Max Jones,0
202311170ANA,FLA,killoal01,Alex Killorn,0
202311170ANA,FLA,lacomja01,Jackson LaCombe,0
202311170ANA,FLA,lyubuil01,Ilya Lyubushkin,0
202311170ANA,FLA,mcginbr01,Brock McGinn,0
202311170ANA,FLA,mctavma01,Mason McTavish,0
202311170ANA,FLA,mintypa01,Pavel Mintyukov,0
202311170ANA,FLA,silfvja01,Jakob Silfverberg,0
202311170ANA,FLA,stromry01,Ryan Strome,0
202311170ANA,FLA,terrytr01,Troy Terry,0
202311170ANA,FLA,vaakaur01,Urho Vaakanainen,0
202311170ANA,FLA,vatrafr01,Frank Vatrano,1
202311170ANA,FLA,gibsojo02,John Gibson,0
