game_id,opponent,player_id,player_name,scored
202312110NYI,NYI,benoisi01,Simon Benoit,0
202312110NYI,NYI,bertuty01,Tyler Bertuzzi,0
202312110NYI,NYI,broditj01,T.J. Brodie,0
202312110NYI,NYI,domima01,Max Domi,0
202312110NYI,NYI,gregono01,Noah Gregor,0
202312110NYI,NYI,jarnkca01,Calle JÃ¤rnkrok,0
202312110NYI,NYI,kampfda01,David KÃ¤mpf,0
202312110NYI,NYI,kniesma01,Matthew Knies,0
202312110NYI,NYI,lageswi01,William Lagesson,0
202312110NYI,NYI,marnemi01,Mitch Marner,0
202312110NYI,NYI,matthau01,Auston Matthews,1
202312110NYI,NYI,mccabja01,Jake McCabe,0
202312110NYI,NYI,nylanwi01,William Nylander,0
202312110NYI,NYI,reavery01,Ryan Reaves,0
202312110NYI,NYI,riellmo01,Morgan Rielly,1
202312110NYI,NYI,roberni01,Nicholas Robertson,0
202312110NYI,NYI,tavarjo01,John Tavares,1
202312110NYI,NYI,timmico01,Conor Timmins,0
202312110NYI,NYI,samsoil01,Ilya Samsonov,0
202312110NYI,TOR,barzama01,Mathew Barzal,0
202312110NYI,TOR,boldusa01,Samuel Bolduc,0
202312110NYI,TOR,borturo01,Robert Bortuzzo,0
202312110NYI,TOR,cizikca01,Casey Cizikas,1
202312110NYI,TOR,cluttca01,Cal Clutterbuck,0
202312110NYI,TOR,dobsono01,Noah Dobson,0
202312110NYI,TOR,engvapi01,Pierre Engvall,0
202312110NYI,TOR,faschhu01,Hudson Fasching,0
202312110NYI,TOR,gauthju01,Julien Gauthier,0
202312110NYI,TOR,holmssi01,Simon HolmstrÃ¶m,0
202312110NYI,TOR,horvabo01,Bo Horvat,1
202312110NYI,TOR,leean01,Anders Lee,0
202312110NYI,TOR,mayfisc01,Scott Mayfield,0
202312110NYI,TOR,nelsobr01,Brock Nelson,1
202312110NYI,TOR,pageaje01,Jean-Gabriel Pageau,0
202312110NYI,TOR,palmiky01,Kyle Palmieri,1
202312110NYI,TOR,reillmi01,Mike Reilly,0
202312110NYI,TOR,romanal01,Alexander Romanov,0
202312110NYI,TOR,sorokil01,Ilya Sorokin,0
