game_id,opponent,player_id,player_name,scored
202311300WPG,WPG,bouchev01,Evan Bouchard,0
202311300WPG,WPG,brownco02,Connor Brown,0
202311300WPG,WPG,cecico01,Cody Ceci,0
202311300WPG,WPG,deshavi01,Vincent Desharnais,0
202311300WPG,WPG,draisle01,Leon Draisaitl,1
202311300WPG,WPG,ekholma01,Mattias Ekholm,0
202311300WPG,WPG,foegewa01,Warren Foegele,0
202311300WPG,WPG,gagnesa01,Sam Gagner,0
202311300WPG,WPG,hamblja01,James Hamblin,0
202311300WPG,WPG,hymanza01,Zach Hyman,0
202311300WPG,WPG,janmama02,Mattias Janmark,0
202311300WPG,WPG,kaneev01,Evander Kane,0
202311300WPG,WPG,kulakbr01,Brett Kulak,0
202311300WPG,WPG,mcdavco01,Connor McDavid,0
202311300WPG,WPG,mcleory01,Ryan McLeod,1
202311300WPG,WPG,nugenry01,Ryan Nugent-Hopkins,0
202311300WPG,WPG,nurseda01,Darnell Nurse,1
202311300WPG,WPG,ryande01,Derek Ryan,0
202311300WPG,WPG,skinnst01,Stuart Skinner,0
202311300WPG,EDM,applema01,Mason Appleton,0
202311300WPG,EDM,barromo01,Morgan Barron,0
202311300WPG,EDM,connoky01,Kyle Connor,0
202311300WPG,EDM,demeldy01,Dylan DeMelo,0
202311300WPG,EDM,dillobr01,Brenden Dillon,0
202311300WPG,EDM,ehlerni01,Nikolaj Ehlers,0
202311300WPG,EDM,iafalal01,Alex Iafallo,0
202311300WPG,EDM,jonssax01,Axel Jonsson-FjÃ¤llby,0
202311300WPG,EDM,lowryad01,Adam Lowry,0
202311300WPG,EDM,morrijo04,Josh Morrissey,0
202311300WPG,EDM,namesvl01,Vladislav Namestnikov,0
202311300WPG,EDM,niedeni01,Nino Niederreiter,0
202311300WPG,EDM,perfeco01,Cole Perfetti,1
202311300WPG,EDM,pionkne01,Neal Pionk,0
202311300WPG,EDM,sambedy01,Dylan Samberg,0
202311300WPG,EDM,scheima01,Mark Scheifele,0
202311300WPG,EDM,schmina01,Nate Schmidt,0
202311300WPG,EDM,vilarga01,Gabriel Vilardi,0
202311300WPG,EDM,helleco01,Connor Hellebuyck,0
