game_id,opponent,player_id,player_name,scored
202311020DET,DET,balinuv01,Uvis Balinskis,0
202311020DET,DET,barkoal01,Aleksander Barkov,0
202311020DET,DET,cousini01,Nick Cousins,0
202311020DET,DET,ekmanol01,Oliver Ekman-Larsson,0
202311020DET,DET,forslgu02,Gustav Forsling,0
202311020DET,DET,kulikdm01,Dmitry Kulikov,0
202311020DET,DET,lockwwi01,William Lockwood,0
202311020DET,DET,lombery01,Ryan Lomberg,0
202311020DET,DET,lorenst01,Steven Lorentz,1
202311020DET,DET,lundean01,Anton Lundell,1
202311020DET,DET,luostee01,Eetu Luostarinen,0
202311020DET,DET,mahurjo01,Josh Mahura,0
202311020DET,DET,mikkoni01,Niko Mikkola,0
202311020DET,DET,reinhsa01,Sam Reinhart,0
202311020DET,DET,rodriev01,Evan Rodrigues,0
202311020DET,DET,stenlke01,Kevin Stenlund,0
202311020DET,DET,tkachma01,Matthew Tkachuk,0
202311020DET,DET,verhaca01,Carter Verhaeghe,0
202311020DET,DET,bobrose01,Sergei Bobrovsky,0
202311020DET,FLA,chiarbe01,Ben Chiarot,0
202311020DET,FLA,comphj.01,J.T. Compher,0
202311020DET,FLA,coppan01,Andrew Copp,0
202311020DET,FLA,czarnau01,Austin Czarnik,0
202311020DET,FLA,debrial01,Alex DeBrincat,0
202311020DET,FLA,fischch01,Christian Fischer,0
202311020DET,FLA,gostish01,Shayne Gostisbehere,0
202311020DET,FLA,hollju01,Justin Holl,0
202311020DET,FLA,kostikl01,Klim Kostin,0
202311020DET,FLA,larkidy01,Dylan Larkin,0
202311020DET,FLA,maattol01,Olli MÃ¤Ã¤ttÃ¤,0
202311020DET,FLA,perroda01,David Perron,0
202311020DET,FLA,rasmumi01,Michael Rasmussen,0
202311020DET,FLA,raymolu01,Lucas Raymond,0
202311020DET,FLA,seidemo01,Moritz Seider,0
202311020DET,FLA,spronda01,Daniel Sprong,0
202311020DET,FLA,velenjo01,Joe Veleno,0
202311020DET,FLA,walmaja01,Jake Walman,0
202311020DET,FLA,reimeja01,James Reimer,0
