game_id,opponent,player_id,player_name,scored
202311060TOR,TOR,barreal01,Alex BarrÃ©-Boulet,0
202311060TOR,TOR,cernaer01,Erik ÄernÃ¡k,0
202311060TOR,TOR,cirelan01,Anthony Cirelli,0
202311060TOR,TOR,dehaaca01,Calvin de Haan,0
202311060TOR,TOR,glendlu01,Luke Glendening,0
202311060TOR,TOR,hagelbr01,Brandon Hagel,1
202311060TOR,TOR,hedmavi01,Victor Hedman,1
202311060TOR,TOR,jeannta01,Tanner Jeannot,0
202311060TOR,TOR,kucheni01,Nikita Kucherov,1
202311060TOR,TOR,mottety01,Tyler Motte,0
202311060TOR,TOR,paulni01,Nick Paul,0
202311060TOR,TOR,perbini01,Nicklaus Perbix,0
202311060TOR,TOR,pointbr01,Brayden Point,1
202311060TOR,TOR,raddyda01,Darren Raddysh,0
202311060TOR,TOR,sergami01,Mikhail Sergachev,0
202311060TOR,TOR,shearco01,Conor Sheary,0
202311060TOR,TOR,stamkst01,Steven Stamkos,0
202311060TOR,TOR,watsoau01,Austin Watson,0
202311060TOR,TOR,johanjo03,Jonas Johansson,0
202311060TOR,TBL,benoisi01,Simon Benoit,0
202311060TOR,TBL,bertuty01,Tyler Bertuzzi,0
202311060TOR,TBL,broditj01,T.J. Brodie,0
202311060TOR,TBL,domima01,Max Domi,0
202311060TOR,TBL,giordma01,Mark Giordano,0
202311060TOR,TBL,gregono01,Noah Gregor,0
202311060TOR,TBL,jarnkca01,Calle JÃ¤rnkrok,1
202311060TOR,TBL,kampfda01,David KÃ¤mpf,0
202311060TOR,TBL,klingjo01,John Klingberg,0
202311060TOR,TBL,kniesma01,Matthew Knies,1
202311060TOR,TBL,lageswi01,William Lagesson,0
202311060TOR,TBL,marnemi01,Mitch Marner,1
202311060TOR,TBL,matthau01,Auston Matthews,1
202311060TOR,TBL,nylanwi01,William Nylander,0
202311060TOR,TBL,reavery01,Ryan Reaves,0
202311060TOR,TBL,riellmo01,Morgan Rielly,0
202311060TOR,TBL,roberni01,Nicholas Robertson,0
202311060TOR,TBL,tavarjo01,John Tavares,0
202311060TOR,TBL,samsoil01,Ilya Samsonov,0
202311060TOR,TBL,wolljo01,Joseph Woll,0
