game_id,opponent,player_id,player_name,scored
202312170CHI,CHI,amanni01,Nils Ãman,0
202312170CHI,CHI,bluegte01,Teddy Blueger,0
202312170CHI,CHI,boesebr01,Brock Boeser,1
202312170CHI,CHI,coleia01,Ian Cole,0
202312170CHI,CHI,garlaco01,Conor Garland,0
202312170CHI,CHI,hoglani01,Nils HÃ¶glander,0
202312170CHI,CHI,hronefi01,Filip Hronek,0
202312170CHI,CHI,hughequ01,Quinn Hughes,0
202312170CHI,CHI,joshuda01,Dakota Joshua,1
202312170CHI,CHI,juulsno01,Noah Juulsen,0
202312170CHI,CHI,kuzmean01,Andrei Kuzmenko,0
202312170CHI,CHI,laffesa01,Sam Lafferty,0
202312170CHI,CHI,mikheil01,Ilya Mikheyev,1
202312170CHI,CHI,millejt01,J.T. Miller,0
202312170CHI,CHI,myersty01,Tyler Myers,0
202312170CHI,CHI,petteel01,Elias Pettersson,1
202312170CHI,CHI,suterpi01,Pius Suter,0
202312170CHI,CHI,zadorni01,Nikita Zadorov,0
202312170CHI,CHI,demkoth01,Thatcher Demko,0
202312170CHI,VAN,anderjo08,Joey Anderson,0
202312170CHI,VAN,beauvan01,Anthony Beauvillier,0
202312170CHI,VAN,bedarco01,Connor Bedard,0
202312170CHI,VAN,crevilo01,Louis Crevier,0
202312170CHI,VAN,dickija01,Jason Dickinson,0
202312170CHI,VAN,donatry01,Ryan Donato,0
202312170CHI,VAN,foligni01,Nick Foligno,1
202312170CHI,VAN,guttmco01,Cole Guttman,1
202312170CHI,VAN,johnsre01,Reese Johnson,0
202312170CHI,VAN,johnsty01,Tyler Johnson,0
202312170CHI,VAN,kaisewy01,Wyatt Kaiser,0
202312170CHI,VAN,kurasph01,Philipp Kurashev,0
202312170CHI,VAN,murphco02,Connor Murphy,0
202312170CHI,VAN,phillis01,Isaak Phillips,0
202312170CHI,VAN,raddyta01,Taylor Raddysh,0
202312170CHI,VAN,reichlu01,Lukas Reichel,0
202312170CHI,VAN,roosfi01,Filip Roos,0
202312170CHI,VAN,zaitsni01,Nikita Zaitsev,0
202312170CHI,VAN,mrazepe01,Petr MrÃ¡zek,0
