game_id,opponent,player_id,player_name,scored
202311110LAK,LAK,atkinca01,Cam Atkinson,1
202311110LAK,LAK,belpelo01,Louis Belpedio,0
202311110LAK,LAK,catesno01,Noah Cates,0
202311110LAK,LAK,coutuse01,Sean Couturier,0
202311110LAK,LAK,deslani01,Nicolas Deslauriers,0
202311110LAK,LAK,farabjo01,Joel Farabee,0
202311110LAK,LAK,foersty01,Tyson Foerster,0
202311110LAK,LAK,frostmo01,Morgan Frost,1
202311110LAK,LAK,hathaga01,Garnet Hathaway,0
202311110LAK,LAK,konectr01,Travis Konecny,0
202311110LAK,LAK,laughsc01,Scott Laughton,0
202311110LAK,LAK,metevi01,Victor Mete,0
202311110LAK,LAK,poehlry01,Ryan Poehling,0
202311110LAK,LAK,sanhetr01,Travis Sanheim,0
202311110LAK,LAK,seeleni01,Nick Seeler,0
202311110LAK,LAK,tippeow01,Owen Tippett,1
202311110LAK,LAK,walkese01,Sean Walker,0
202311110LAK,LAK,yorkca01,Cameron York,0
202311110LAK,LAK,peterca01,Calvin Petersen,0
202311110LAK,PHI,andermi02,Michael Anderson,0
202311110LAK,PHI,byfiequ01,Quinton Byfield,0
202311110LAK,PHI,danauph01,Phillip Danault,0
202311110LAK,PHI,doughdr01,Drew Doughty,0
202311110LAK,PHI,duboipi01,Pierre-Luc Dubois,0
202311110LAK,PHI,engluan01,Andreas Englund,0
202311110LAK,PHI,fialake01,Kevin Fiala,0
202311110LAK,PHI,gavrivl01,Vladislav Gavrikov,0
202311110LAK,PHI,grundca01,Carl GrundstrÃ¶m,1
202311110LAK,PHI,kaliyar01,Arthur Kaliyev,0
202311110LAK,PHI,kempead01,Adrian Kempe,1
202311110LAK,PHI,kopitan01,AnÅ¾e Kopitar,0
202311110LAK,PHI,laferal01,Alex Laferriere,0
202311110LAK,PHI,lewistr01,Trevor Lewis,0
202311110LAK,PHI,lizotbl01,Blake Lizotte,0
202311110LAK,PHI,mooretr01,Trevor Moore,0
202311110LAK,PHI,royma04,Matt Roy,0
202311110LAK,PHI,spencjo01,Jordan Spence,0
202311110LAK,PHI,talboca01,Cam Talbot,0
