game_id,opponent,player_id,player_name,scored
202310210CHI,CHI,amadimi01,Michael Amadio,0
202310210CHI,CHI,barbaiv01,Ivan Barbashev,0
202310210CHI,CHI,carriwi01,William Carrier,0
202310210CHI,CHI,cottepa01,Paul Cotter,1
202310210CHI,CHI,eicheja01,Jack Eichel,0
202310210CHI,CHI,hagueni01,Nicolas Hague,0
202310210CHI,CHI,howdebr01,Brett Howden,0
202310210CHI,CHI,karlswi01,William Karlsson,1
202310210CHI,CHI,koleske01,Keegan Kolesar,0
202310210CHI,CHI,korczka01,Kaedan Korczak,0
202310210CHI,CHI,audymjo01,Jonathan Marchessault,1
202310210CHI,CHI,martial01,Alec Martinez,0
202310210CHI,CHI,mcnabbr01,Brayden McNabb,0
202310210CHI,CHI,pachabr01,Brayden Pachal,0
202310210CHI,CHI,royni01,Nicolas Roy,1
202310210CHI,CHI,stephch02,Chandler Stephenson,0
202310210CHI,CHI,stonema01,Mark Stone,1
202310210CHI,CHI,theodsh01,Shea Theodore,0
202310210CHI,CHI,hillad01,Adin Hill,0
202310210CHI,VEG,athanan01,Andreas Athanasiou,0
202310210CHI,VEG,bedarco01,Connor Bedard,1
202310210CHI,VEG,dickija01,Jason Dickinson,0
202310210CHI,VEG,donatry01,Ryan Donato,0
202310210CHI,VEG,foligni01,Nick Foligno,0
202310210CHI,VEG,hallta02,Taylor Hall,0
202310210CHI,VEG,johnsre01,Reese Johnson,1
202310210CHI,VEG,johnsty01,Tyler Johnson,0
202310210CHI,VEG,jonesse01,Seth Jones,0
202310210CHI,VEG,kaisewy01,Wyatt Kaiser,0
202310210CHI,VEG,katchbo01,Boris Katchouk,0
202310210CHI,VEG,korchke01,Kevin Korchinski,0
202310210CHI,VEG,murphco02,Connor Murphy,0
202310210CHI,VEG,perryco01,Corey Perry,1
202310210CHI,VEG,raddyta01,Taylor Raddysh,0
202310210CHI,VEG,reichlu01,Lukas Reichel,0
202310210CHI,VEG,tinorja01,Jarred Tinordi,0
202310210CHI,VEG,vlasial01,Alex Vlasic,0
202310210CHI,VEG,soderar01,Arvid SÃ¶derblom,0
