game_id,opponent,player_id,player_name,scored
202312090CGY,CGY,bahlke01,Kevin Bahl,0
202312090CGY,CGY,bastina01,Nathan Bastian,0
202312090CGY,CGY,brattje01,Jesper Bratt,1
202312090CGY,CGY,haulaer01,Erik Haula,0
202312090CGY,CGY,hischni01,Nico Hischier,1
202312090CGY,CGY,holtzal01,Alexander Holtz,1
202312090CGY,CGY,hugheja03,Jack Hughes,0
202312090CGY,CGY,hughelu01,Luke Hughes,0
202312090CGY,CGY,lazarcu01,Curtis Lazar,0
202312090CGY,CGY,marinjo01,John Marino,0
202312090CGY,CGY,mcleomi01,Michael McLeod,0
202312090CGY,CGY,meierti01,Timo Meier,0
202312090CGY,CGY,merceda01,Dawson Mercer,0
202312090CGY,CGY,milleco02,Colin Miller,0
202312090CGY,CGY,nemecsi01,Simon Nemec,0
202312090CGY,CGY,palaton01,OndÅej PalÃ¡t,0
202312090CGY,CGY,siegejo01,Jonas Siegenthaler,0
202312090CGY,CGY,toffoty01,Tyler Toffoli,0
202312090CGY,CGY,vanecvi01,VÃ­tek VanÄÄek,0
202312090CGY,NJD,anderra01,Rasmus Andersson,0
202312090CGY,NJD,backlmi01,Mikael Backlund,0
202312090CGY,NJD,colembl01,Blake Coleman,0
202312090CGY,NJD,coronma01,Matthew Coronato,0
202312090CGY,NJD,dubedi01,Dillon DubÃ©,0
202312090CGY,NJD,gilbede01,Dennis Gilbert,0
202312090CGY,NJD,greeraj01,A.J. Greer,0
202312090CGY,NJD,hanifno01,Noah Hanifin,0
202312090CGY,NJD,huberjo01,Jonathan Huberdeau,0
202312090CGY,NJD,kadrina01,Nazem Kadri,1
202312090CGY,NJD,lindhel01,Elias Lindholm,0
202312090CGY,NJD,mangian01,Andrew Mangiapane,0
202312090CGY,NJD,ruzicad01,Adam RuÅ¾iÄka,0
202312090CGY,NJD,sharaye01,Yegor Sharangovich,1
202312090CGY,NJD,solovil01,Ilya Solovyov,0
202312090CGY,NJD,tanevch01,Chris Tanev,0
202312090CGY,NJD,weegama01,MacKenzie Weegar,0
202312090CGY,NJD,zaryco01,Connor Zary,0
202312090CGY,NJD,wolfdu01,Dustin Wolf,0
