game_id,opponent,player_id,player_name,scored
202311300CGY,CGY,bennja01,Jamie Benn,0
202311300CGY,CGY,dadonev01,Evgenii Dadonov,0
202311300CGY,CGY,duchema01,Matt Duchene,0
202311300CGY,CGY,faksara01,Radek Faksa,0
202311300CGY,CGY,hakanja01,Jani HakanpÃ¤Ã¤,0
202311300CGY,CGY,harleth01,Thomas Harley,1
202311300CGY,CGY,heiskmi01,Miro Heiskanen,0
202311300CGY,CGY,hintzro01,Roope Hintz,0
202311300CGY,CGY,johnswy01,Wyatt Johnston,0
202311300CGY,CGY,lindees01,Esa Lindell,0
202311300CGY,CGY,lundkni01,Nils Lundkvist,0
202311300CGY,CGY,marchma01,Mason Marchment,1
202311300CGY,CGY,paveljo01,Joe Pavelski,0
202311300CGY,CGY,roberja01,Jason Robertson,0
202311300CGY,CGY,seguity01,Tyler Seguin,0
202311300CGY,CGY,smithcr01,Craig Smith,0
202311300CGY,CGY,steelsa01,Sam Steel,0
202311300CGY,CGY,suterry01,Ryan Suter,0
202311300CGY,CGY,wedgesc01,Scott Wedgewood,0
202311300CGY,DAL,anderra01,Rasmus Andersson,0
202311300CGY,DAL,backlmi01,Mikael Backlund,0
202311300CGY,DAL,colembl01,Blake Coleman,0
202311300CGY,DAL,dubedi01,Dillon DubÃ©,0
202311300CGY,DAL,gilbede01,Dennis Gilbert,0
202311300CGY,DAL,greeraj01,A.J. Greer,0
202311300CGY,DAL,hanifno01,Noah Hanifin,1
202311300CGY,DAL,huberjo01,Jonathan Huberdeau,0
202311300CGY,DAL,kadrina01,Nazem Kadri,1
202311300CGY,DAL,lindhel01,Elias Lindholm,0
202311300CGY,DAL,mangian01,Andrew Mangiapane,0
202311300CGY,DAL,oestejo01,Jordan Oesterle,0
202311300CGY,DAL,pospima01,Martin Pospisil,0
202311300CGY,DAL,ruzicad01,Adam RuÅ¾iÄka,0
202311300CGY,DAL,sharaye01,Yegor Sharangovich,0
202311300CGY,DAL,tanevch01,Chris Tanev,1
202311300CGY,DAL,weegama01,MacKenzie Weegar,1
202311300CGY,DAL,zaryco01,Connor Zary,0
202311300CGY,DAL,marksja02,Jacob MarkstrÃ¶m,0
