game_id,opponent,player_id,player_name,scored
202310260CGY,CGY,blaissa01,Sammy Blais,0
202310260CGY,CGY,borturo01,Robert Bortuzzo,0
202310260CGY,CGY,buchnpa01,Pavel Buchnevich,0
202310260CGY,CGY,faulkju01,Justin Faulk,0
202310260CGY,CGY,hayeske01,Kevin Hayes,0
202310260CGY,CGY,kapanka01,Kasperi Kapanen,1
202310260CGY,CGY,krugto01,Torey Krug,0
202310260CGY,CGY,kyroujo01,Jordan Kyrou,0
202310260CGY,CGY,leddyni01,Nick Leddy,1
202310260CGY,CGY,neighja01,Jake Neighbours,0
202310260CGY,CGY,parayco01,Colton Parayko,0
202310260CGY,CGY,perunsc01,Scott Perunovich,0
202310260CGY,CGY,saadbr01,Brandon Saad,0
202310260CGY,CGY,scandma01,Marco Scandella,0
202310260CGY,CGY,schenbr01,Brayden Schenn,0
202310260CGY,CGY,sundqos01,Oskar Sundqvist,1
202310260CGY,CGY,thomaro01,Robert Thomas,0
202310260CGY,CGY,toropal01,Alexey Toropchenko,0
202310260CGY,CGY,hoferjo01,Joel Hofer,0
202310260CGY,STL,backlmi01,Mikael Backlund,0
202310260CGY,STL,colembl01,Blake Coleman,0
202310260CGY,STL,coronma01,Matthew Coronato,0
202310260CGY,STL,dubedi01,Dillon DubÃ©,0
202310260CGY,STL,duehrwa01,Walker Duehr,0
202310260CGY,STL,gilbede01,Dennis Gilbert,0
202310260CGY,STL,greeraj01,A.J. Greer,0
202310260CGY,STL,hanifno01,Noah Hanifin,0
202310260CGY,STL,huberjo01,Jonathan Huberdeau,0
202310260CGY,STL,huntdr01,Dryden Hunt,0
202310260CGY,STL,kadrina01,Nazem Kadri,0
202310260CGY,STL,lindhel01,Elias Lindholm,0
202310260CGY,STL,mangian01,Andrew Mangiapane,0
202310260CGY,STL,sharaye01,Yegor Sharangovich,0
202310260CGY,STL,solovil01,Ilya Solovyov,0
202310260CGY,STL,tanevch01,Chris Tanev,0
202310260CGY,STL,weegama01,MacKenzie Weegar,0
202310260CGY,STL,zadorni01,Nikita Zadorov,0
202310260CGY,STL,marksja02,Jacob MarkstrÃ¶m,0
