game_id,opponent,player_id,player_name,scored
202311300ARI,ARI,byrambo01,Bowen Byram,0
202311300ARI,ARI,coglian01,Andrew Cogliano,0
202311300ARI,ARI,coltoro01,Ross Colton,0
202311300ARI,ARI,drouijo01,Jonathan Drouin,0
202311300ARI,ARI,johanry01,Ryan Johansen,0
202311300ARI,ARI,johnsja02,Jack Johnson,0
202311300ARI,ARI,jonesca01,Caleb Jones,0
202311300ARI,ARI,kivirjo01,Joel Kiviranta,0
202311300ARI,ARI,mackina01,Nathan MacKinnon,1
202311300ARI,ARI,makarca01,Cale Makar,1
202311300ARI,ARI,mansojo01,Josh Manson,0
202311300ARI,ARI,nichuva01,Valeri Nichushkin,0
202311300ARI,ARI,oconnlo01,Logan O'Connor,0
202311300ARI,ARI,olofsfr01,Fredrik Olofsson,0
202311300ARI,ARI,rantami01,Mikko Rantanen,0
202311300ARI,ARI,tatarto01,TomÃ¡Å¡ Tatar,0
202311300ARI,ARI,toewsde01,Devon Toews,0
202311300ARI,ARI,woodmi01,Miles Wood,1
202311300ARI,ARI,georgal01,Alexandar Georgiev,0
202311300ARI,COL,bjugsni01,Nick Bjugstad,1
202311300ARI,COL,boydtr01,Travis Boyd,1
202311300ARI,COL,brownjo01,Josh Brown,0
202311300ARI,COL,carcomi01,Michael Carcone,1
202311300ARI,COL,coolelo01,Logan Cooley,0
202311300ARI,COL,crousla01,Lawson Crouse,0
202311300ARI,COL,dumbama01,Mathew Dumba,0
202311300ARI,COL,durzise01,Sean Durzi,0
202311300ARI,COL,kellecl01,Clayton Keller,0
202311300ARI,COL,kerfoal01,Alexander Kerfoot,0
202311300ARI,COL,kessemi01,Michael Kesselring,0
202311300ARI,COL,maccema01,Matias Maccelli,0
202311300ARI,COL,moserja01,J.J. Moser,0
202311300ARI,COL,obrieli01,Liam O'Brien,0
202311300ARI,COL,schmani01,Nick Schmaltz,1
202311300ARI,COL,stechtr01,Troy Stecher,0
202311300ARI,COL,valimju01,Juuso VÃ¤limÃ¤ki,0
202311300ARI,COL,zuckeja01,Jason Zucker,0
202311300ARI,COL,ingraco01,Connor Ingram,0
