game_id,opponent,player_id,player_name,scored
202310110BOS,BOS,athanan01,Andreas Athanasiou,0
202310110BOS,BOS,bedarco01,Connor Bedard,1
202310110BOS,BOS,dickija01,Jason Dickinson,0
202310110BOS,BOS,donatry01,Ryan Donato,0
202310110BOS,BOS,foligni01,Nick Foligno,0
202310110BOS,BOS,guttmco01,Cole Guttman,0
202310110BOS,BOS,hallta02,Taylor Hall,0
202310110BOS,BOS,johnsty01,Tyler Johnson,0
202310110BOS,BOS,jonesse01,Seth Jones,0
202310110BOS,BOS,kaisewy01,Wyatt Kaiser,0
202310110BOS,BOS,katchbo01,Boris Katchouk,0
202310110BOS,BOS,korchke01,Kevin Korchinski,0
202310110BOS,BOS,murphco02,Connor Murphy,0
202310110BOS,BOS,perryco01,Corey Perry,0
202310110BOS,BOS,raddyta01,Taylor Raddysh,0
202310110BOS,BOS,reichlu01,Lukas Reichel,0
202310110BOS,BOS,tinorja01,Jarred Tinordi,0
202310110BOS,BOS,vlasial01,Alex Vlasic,0
202310110BOS,BOS,soderar01,Arvid SÃ¶derblom,0
202310110BOS,CHI,beechjo01,John Beecher,0
202310110BOS,CHI,carlobr01,Brandon Carlo,0
202310110BOS,CHI,coylech01,Charlie Coyle,0
202310110BOS,CHI,debruja01,Jake DeBrusk,0
202310110BOS,CHI,forbode01,Derek Forbort,0
202310110BOS,CHI,fredetr01,Trent Frederic,1
202310110BOS,CHI,geekimo01,Morgan Geekie,0
202310110BOS,CHI,grzelma01,Matt Grzelcyk,0
202310110BOS,CHI,laukoja01,Jakub Lauko,0
202310110BOS,CHI,lindhha01,Hampus Lindholm,0
202310110BOS,CHI,lucicmi01,Milan Lucic,0
202310110BOS,CHI,marchbr03,Brad Marchand,0
202310110BOS,CHI,mcavoch01,Charlie McAvoy,0
202310110BOS,CHI,pastrda01,David PastrÅÃ¡k,1
202310110BOS,CHI,poitrma01,Matthew Poitras,0
202310110BOS,CHI,shattke01,Kevin Shattenkirk,0
202310110BOS,CHI,vanrija01,James van Riemsdyk,0
202310110BOS,CHI,zachapa01,Pavel Zacha,0
202310110BOS,CHI,ullmali01,Linus Ullmark,0
