game_id,opponent,player_id,player_name,scored
202311040VEG,VEG,byrambo01,Bowen Byram,0
202311040VEG,VEG,coglian01,Andrew Cogliano,0
202311040VEG,VEG,coltoro01,Ross Colton,0
202311040VEG,VEG,drouijo01,Jonathan Drouin,0
202311040VEG,VEG,girarsa01,Samuel Girard,0
202311040VEG,VEG,johanry01,Ryan Johansen,0
202311040VEG,VEG,johnsja02,Jack Johnson,0
202311040VEG,VEG,lehkoar01,Artturi Lehkonen,0
202311040VEG,VEG,mackina01,Nathan MacKinnon,0
202311040VEG,VEG,makarca01,Cale Makar,0
202311040VEG,VEG,mansojo01,Josh Manson,0
202311040VEG,VEG,nichuva01,Valeri Nichushkin,0
202311040VEG,VEG,oconnlo01,Logan O'Connor,0
202311040VEG,VEG,olofsfr01,Fredrik Olofsson,0
202311040VEG,VEG,rantami01,Mikko Rantanen,0
202311040VEG,VEG,tatarto01,TomÃ¡Å¡ Tatar,0
202311040VEG,VEG,toewsde01,Devon Toews,0
202311040VEG,VEG,woodmi01,Miles Wood,0
202311040VEG,VEG,georgal01,Alexandar Georgiev,0
202311040VEG,COL,amadimi01,Michael Amadio,0
202311040VEG,COL,barbaiv01,Ivan Barbashev,0
202311040VEG,COL,carriwi01,William Carrier,1
202311040VEG,COL,cottepa01,Paul Cotter,0
202311040VEG,COL,dorofpa01,Pavel Dorofeyev,0
202311040VEG,COL,eicheja01,Jack Eichel,1
202311040VEG,COL,howdebr01,Brett Howden,0
202311040VEG,COL,huttobe01,Ben Hutton,0
202311040VEG,COL,karlswi01,William Karlsson,1
202311040VEG,COL,koleske01,Keegan Kolesar,0
202311040VEG,COL,audymjo01,Jonathan Marchessault,0
202311040VEG,COL,martial01,Alec Martinez,0
202311040VEG,COL,mcnabbr01,Brayden McNabb,0
202311040VEG,COL,pachabr01,Brayden Pachal,0
202311040VEG,COL,pietral01,Alex Pietrangelo,0
202311040VEG,COL,stephch02,Chandler Stephenson,0
202311040VEG,COL,stonema01,Mark Stone,1
202311040VEG,COL,theodsh01,Shea Theodore,0
202311040VEG,COL,hillad01,Adin Hill,0
