game_id,opponent,player_id,player_name,scored
202312190NYI,NYI,bouchev01,Evan Bouchard,0
202312190NYI,NYI,brownco02,Connor Brown,0
202312190NYI,NYI,cecico01,Cody Ceci,0
202312190NYI,NYI,deshavi01,Vincent Desharnais,0
202312190NYI,NYI,draisle01,Leon Draisaitl,1
202312190NYI,NYI,ekholma01,Mattias Ekholm,0
202312190NYI,NYI,foegewa01,Warren Foegele,0
202312190NYI,NYI,gagnesa01,Sam Gagner,0
202312190NYI,NYI,hamblja01,James Hamblin,0
202312190NYI,NYI,hymanza01,Zach Hyman,0
202312190NYI,NYI,janmama02,Mattias Janmark,0
202312190NYI,NYI,kaneev01,Evander Kane,0
202312190NYI,NYI,kulakbr01,Brett Kulak,0
202312190NYI,NYI,mcdavco01,Connor McDavid,0
202312190NYI,NYI,mcleory01,Ryan McLeod,0
202312190NYI,NYI,nugenry01,Ryan Nugent-Hopkins,0
202312190NYI,NYI,nurseda01,Darnell Nurse,0
202312190NYI,NYI,ryande01,Derek Ryan,0
202312190NYI,NYI,skinnst01,Stuart Skinner,0
202312190NYI,EDM,ahose02,Sebastian Aho,0
202312190NYI,EDM,barzama01,Mathew Barzal,0
202312190NYI,EDM,boldusa01,Samuel Bolduc,0
202312190NYI,EDM,borturo01,Robert Bortuzzo,0
202312190NYI,EDM,cizikca01,Casey Cizikas,0
202312190NYI,EDM,cluttca01,Cal Clutterbuck,0
202312190NYI,EDM,dobsono01,Noah Dobson,0
202312190NYI,EDM,engvapi01,Pierre Engvall,0
202312190NYI,EDM,faschhu01,Hudson Fasching,0
202312190NYI,EDM,gauthju01,Julien Gauthier,0
202312190NYI,EDM,holmssi01,Simon HolmstrÃ¶m,1
202312190NYI,EDM,horvabo01,Bo Horvat,1
202312190NYI,EDM,leean01,Anders Lee,1
202312190NYI,EDM,nelsobr01,Brock Nelson,0
202312190NYI,EDM,pageaje01,Jean-Gabriel Pageau,0
202312190NYI,EDM,palmiky01,Kyle Palmieri,0
202312190NYI,EDM,reillmi01,Mike Reilly,0
202312190NYI,EDM,romanal01,Alexander Romanov,0
202312190NYI,EDM,sorokil01,Ilya Sorokin,0
