game_id,opponent,player_id,player_name,scored
202310260DET,DET,applema01,Mason Appleton,1
202310260DET,DET,barromo01,Morgan Barron,0
202310260DET,DET,connoky01,Kyle Connor,1
202310260DET,DET,demeldy01,Dylan DeMelo,0
202310260DET,DET,dillobr01,Brenden Dillon,0
202310260DET,DET,ehlerni01,Nikolaj Ehlers,1
202310260DET,DET,gustada01,David Gustafsson,0
202310260DET,DET,iafalal01,Alex Iafallo,0
202310260DET,DET,kuparra01,Rasmus Kupari,0
202310260DET,DET,lowryad01,Adam Lowry,0
202310260DET,DET,morrijo04,Josh Morrissey,0
202310260DET,DET,namesvl01,Vladislav Namestnikov,0
202310260DET,DET,niedeni01,Nino Niederreiter,1
202310260DET,DET,perfeco01,Cole Perfetti,0
202310260DET,DET,pionkne01,Neal Pionk,0
202310260DET,DET,sambedy01,Dylan Samberg,0
202310260DET,DET,scheima01,Mark Scheifele,0
202310260DET,DET,schmina01,Nate Schmidt,0
202310260DET,DET,helleco01,Connor Hellebuyck,0
202310260DET,WPG,chiarbe01,Ben Chiarot,0
202310260DET,WPG,comphj.01,J.T. Compher,0
202310260DET,WPG,coppan01,Andrew Copp,0
202310260DET,WPG,czarnau01,Austin Czarnik,0
202310260DET,WPG,debrial01,Alex DeBrincat,0
202310260DET,WPG,fischch01,Christian Fischer,0
202310260DET,WPG,gostish01,Shayne Gostisbehere,0
202310260DET,WPG,hollju01,Justin Holl,0
202310260DET,WPG,kostikl01,Klim Kostin,0
202310260DET,WPG,larkidy01,Dylan Larkin,0
202310260DET,WPG,maattol01,Olli MÃ¤Ã¤ttÃ¤,0
202310260DET,WPG,perroda01,David Perron,0
202310260DET,WPG,rasmumi01,Michael Rasmussen,0
202310260DET,WPG,raymolu01,Lucas Raymond,1
202310260DET,WPG,seidemo01,Moritz Seider,0
202310260DET,WPG,spronda01,Daniel Sprong,0
202310260DET,WPG,velenjo01,Joe Veleno,0
202310260DET,WPG,walmaja01,Jake Walman,0
202310260DET,WPG,reimeja01,James Reimer,0
