game_id,opponent,player_id,player_name,scored
202311190ANA,ANA,alexani01,Nikita Alexandrov,0
202311190ANA,ANA,buchnpa01,Pavel Buchnevich,1
202311190ANA,ANA,faulkju01,Justin Faulk,0
202311190ANA,ANA,hayeske01,Kevin Hayes,0
202311190ANA,ANA,kapanka01,Kasperi Kapanen,0
202311190ANA,ANA,krugto01,Torey Krug,0
202311190ANA,ANA,kyroujo01,Jordan Kyrou,0
202311190ANA,ANA,leddyni01,Nick Leddy,0
202311190ANA,ANA,neighja01,Jake Neighbours,1
202311190ANA,ANA,parayco01,Colton Parayko,0
202311190ANA,ANA,perunsc01,Scott Perunovich,0
202311190ANA,ANA,saadbr01,Brandon Saad,0
202311190ANA,ANA,scandma01,Marco Scandella,0
202311190ANA,ANA,schenbr01,Brayden Schenn,0
202311190ANA,ANA,sundqos01,Oskar Sundqvist,0
202311190ANA,ANA,thomaro01,Robert Thomas,0
202311190ANA,ANA,toropal01,Alexey Toropchenko,1
202311190ANA,ANA,vranaja01,Jakub VrÃ¡na,0
202311190ANA,ANA,hoferjo01,Joel Hofer,0
202311190ANA,STL,carlsle01,Leo Carlsson,0
202311190ANA,STL,carrisa01,Sam Carrick,0
202311190ANA,STL,fowleca01,Cam Fowler,0
202311190ANA,STL,groulbe01,Benoit-Olivier Groulx,0
202311190ANA,STL,gudasra01,Radko Gudas,0
202311190ANA,STL,henriad01,Adam Henrique,0
202311190ANA,STL,jonesma03,Max Jones,0
202311190ANA,STL,killoal01,Alex Killorn,0
202311190ANA,STL,lacomja01,Jackson LaCombe,0
202311190ANA,STL,leasobr01,Brett Leason,0
202311190ANA,STL,lyubuil01,Ilya Lyubushkin,0
202311190ANA,STL,mctavma01,Mason McTavish,1
202311190ANA,STL,mintypa01,Pavel Mintyukov,0
202311190ANA,STL,silfvja01,Jakob Silfverberg,0
202311190ANA,STL,stromry01,Ryan Strome,0
202311190ANA,STL,terrytr01,Troy Terry,0
202311190ANA,STL,vaakaur01,Urho Vaakanainen,0
202311190ANA,STL,vatrafr01,Frank Vatrano,0
202311190ANA,STL,gibsojo02,John Gibson,0
