game_id,opponent,player_id,player_name,scored
202311110DET,DET,bemstem01,Emil BemstrÃ¶m,0
202311110DET,DET,boqviad01,Adam Boqvist,0
202311110DET,DET,danfoju01,Justin Danforth,0
202311110DET,DET,fantiad01,Adam Fantilli,1
202311110DET,DET,gaudrjo01,Johnny Gaudreau,0
202311110DET,DET,gudbrer01,Erik Gudbranson,0
202311110DET,DET,jennebo01,Boone Jenner,0
202311110DET,DET,kuralse01,Sean Kuraly,1
202311110DET,DET,lainepa01,Patrik Laine,1
202311110DET,DET,marchki01,Kirill Marchenko,0
202311110DET,DET,peekean01,Andrew Peeke,0
202311110DET,DET,provoiv01,Ivan Provorov,0
202311110DET,DET,rosloja01,Jack Roslovic,0
202311110DET,DET,severda01,Damon Severson,0
202311110DET,DET,sillico01,Cole Sillinger,0
202311110DET,DET,texieal01,Alexandre Texier,1
202311110DET,DET,vorondi01,Dmitri Voronkov,0
202311110DET,DET,werenza01,Zach Werenski,0
202311110DET,DET,martisp01,Spencer Martin,0
202311110DET,CBJ,chiarbe01,Ben Chiarot,0
202311110DET,CBJ,comphj.01,J.T. Compher,0
202311110DET,CBJ,coppan01,Andrew Copp,0
202311110DET,CBJ,debrial01,Alex DeBrincat,1
202311110DET,CBJ,fabbrro01,Robby Fabbri,1
202311110DET,CBJ,fischch01,Christian Fischer,0
202311110DET,CBJ,gostish01,Shayne Gostisbehere,0
202311110DET,CBJ,hollju01,Justin Holl,0
202311110DET,CBJ,kostikl01,Klim Kostin,0
202311110DET,CBJ,larkidy01,Dylan Larkin,0
202311110DET,CBJ,perroda01,David Perron,0
202311110DET,CBJ,petryje01,Jeff Petry,0
202311110DET,CBJ,rasmumi01,Michael Rasmussen,0
202311110DET,CBJ,raymolu01,Lucas Raymond,1
202311110DET,CBJ,seidemo01,Moritz Seider,0
202311110DET,CBJ,spronda01,Daniel Sprong,1
202311110DET,CBJ,velenjo01,Joe Veleno,0
202311110DET,CBJ,walmaja01,Jake Walman,1
202311110DET,CBJ,hussovi01,Ville Husso,0
