game_id,opponent,player_id,player_name,scored
202312130NJD,NJD,beechjo01,John Beecher,0
202312130NJD,NJD,carlobr01,Brandon Carlo,0
202312130NJD,NJD,coylech01,Charlie Coyle,0
202312130NJD,NJD,debruja01,Jake DeBrusk,0
202312130NJD,NJD,fredetr01,Trent Frederic,0
202312130NJD,NJD,geekimo01,Morgan Geekie,1
202312130NJD,NJD,grzelma01,Matt Grzelcyk,0
202312130NJD,NJD,heineda01,Danton Heinen,0
202312130NJD,NJD,laukoja01,Jakub Lauko,0
202312130NJD,NJD,lindhha01,Hampus Lindholm,0
202312130NJD,NJD,lohrema01,Mason Lohrei,0
202312130NJD,NJD,marchbr03,Brad Marchand,0
202312130NJD,NJD,mitchia01,Ian Mitchell,0
202312130NJD,NJD,pastrda01,David PastrÅÃ¡k,0
202312130NJD,NJD,poitrma01,Matthew Poitras,0
202312130NJD,NJD,shattke01,Kevin Shattenkirk,0
202312130NJD,NJD,steenos01,Oskar Steen,0
202312130NJD,NJD,vanrija01,James van Riemsdyk,0
202312130NJD,NJD,swaymje01,Jeremy Swayman,0
202312130NJD,BOS,bahlke01,Kevin Bahl,0
202312130NJD,BOS,bastina01,Nathan Bastian,0
202312130NJD,BOS,brattje01,Jesper Bratt,0
202312130NJD,BOS,haulaer01,Erik Haula,0
202312130NJD,BOS,hischni01,Nico Hischier,0
202312130NJD,BOS,holtzal01,Alexander Holtz,0
202312130NJD,BOS,hugheja03,Jack Hughes,1
202312130NJD,BOS,hughelu01,Luke Hughes,0
202312130NJD,BOS,lazarcu01,Curtis Lazar,0
202312130NJD,BOS,marinjo01,John Marino,0
202312130NJD,BOS,mcleomi01,Michael McLeod,0
202312130NJD,BOS,meierti01,Timo Meier,0
202312130NJD,BOS,merceda01,Dawson Mercer,1
202312130NJD,BOS,milleco02,Colin Miller,0
202312130NJD,BOS,nemecsi01,Simon Nemec,0
202312130NJD,BOS,palaton01,OndÅej PalÃ¡t,0
202312130NJD,BOS,siegejo01,Jonas Siegenthaler,0
202312130NJD,BOS,toffoty01,Tyler Toffoli,0
202312130NJD,BOS,vanecvi01,VÃ­tek VanÄÄek,0
