game_id,opponent,player_id,player_name,scored
202312130LAK,LAK,applema01,Mason Appleton,0
202312130LAK,LAK,barromo01,Morgan Barron,0
202312130LAK,LAK,demeldy01,Dylan DeMelo,0
202312130LAK,LAK,dillobr01,Brenden Dillon,0
202312130LAK,LAK,ehlerni01,Nikolaj Ehlers,1
202312130LAK,LAK,gustada01,David Gustafsson,0
202312130LAK,LAK,iafalal01,Alex Iafallo,0
202312130LAK,LAK,jonssax01,Axel Jonsson-FjÃ¤llby,0
202312130LAK,LAK,lowryad01,Adam Lowry,0
202312130LAK,LAK,morrijo04,Josh Morrissey,0
202312130LAK,LAK,namesvl01,Vladislav Namestnikov,0
202312130LAK,LAK,niedeni01,Nino Niederreiter,0
202312130LAK,LAK,perfeco01,Cole Perfetti,0
202312130LAK,LAK,pionkne01,Neal Pionk,0
202312130LAK,LAK,sambedy01,Dylan Samberg,0
202312130LAK,LAK,scheima01,Mark Scheifele,1
202312130LAK,LAK,schmina01,Nate Schmidt,0
202312130LAK,LAK,vilarga01,Gabriel Vilardi,1
202312130LAK,LAK,helleco01,Connor Hellebuyck,0
202312130LAK,WPG,andermi02,Michael Anderson,0
202312130LAK,WPG,anderja01,Jaret Anderson-Dolan,0
202312130LAK,WPG,byfiequ01,Quinton Byfield,0
202312130LAK,WPG,danauph01,Phillip Danault,0
202312130LAK,WPG,doughdr01,Drew Doughty,0
202312130LAK,WPG,duboipi01,Pierre-Luc Dubois,0
202312130LAK,WPG,engluan01,Andreas Englund,0
202312130LAK,WPG,fialake01,Kevin Fiala,0
202312130LAK,WPG,grundca01,Carl GrundstrÃ¶m,0
202312130LAK,WPG,kempead01,Adrian Kempe,0
202312130LAK,WPG,kopitan01,AnÅ¾e Kopitar,1
202312130LAK,WPG,laferal01,Alex Laferriere,1
202312130LAK,WPG,lewistr01,Trevor Lewis,0
202312130LAK,WPG,lizotbl01,Blake Lizotte,0
202312130LAK,WPG,mooretr01,Trevor Moore,0
202312130LAK,WPG,moverja01,Jacob Moverare,0
202312130LAK,WPG,royma04,Matt Roy,0
202312130LAK,WPG,spencjo01,Jordan Spence,0
202312130LAK,WPG,talboca01,Cam Talbot,0
