game_id,opponent,player_id,player_name,scored
202311200SEA,SEA,anderra01,Rasmus Andersson,1
202311200SEA,SEA,backlmi01,Mikael Backlund,0
202311200SEA,SEA,colembl01,Blake Coleman,0
202311200SEA,SEA,desimni01,Nick DeSimone,0
202311200SEA,SEA,dubedi01,Dillon DubÃ©,0
202311200SEA,SEA,duehrwa01,Walker Duehr,0
202311200SEA,SEA,greeraj01,A.J. Greer,0
202311200SEA,SEA,hanifno01,Noah Hanifin,0
202311200SEA,SEA,huberjo01,Jonathan Huberdeau,1
202311200SEA,SEA,kadrina01,Nazem Kadri,0
202311200SEA,SEA,lindhel01,Elias Lindholm,1
202311200SEA,SEA,mangian01,Andrew Mangiapane,1
202311200SEA,SEA,pospima01,Martin Pospisil,0
202311200SEA,SEA,sharaye01,Yegor Sharangovich,0
202311200SEA,SEA,tanevch01,Chris Tanev,0
202311200SEA,SEA,weegama01,MacKenzie Weegar,0
202311200SEA,SEA,zadorni01,Nikita Zadorov,0
202311200SEA,SEA,zaryco01,Connor Zary,0
202311200SEA,SEA,vladada01,Daniel VladaÅ,0
202311200SEA,CGY,bellepi01,Pierre-Ãdouard Bellemare,0
202311200SEA,CGY,beniema01,Matthew Beniers,0
202311200SEA,CGY,bjorkol01,Oliver Bjorkstrand,0
202311200SEA,CGY,borgewi01,William Borgen,0
202311200SEA,CGY,dumoubr01,Brian Dumoulin,0
202311200SEA,CGY,dunnvi02,Vince Dunn,1
202311200SEA,CGY,eberljo01,Jordan Eberle,1
202311200SEA,CGY,gourdya01,Yanni Gourde,0
202311200SEA,CGY,kartyty01,Tye Kartye,0
202311200SEA,CGY,larssad01,Adam Larsson,0
202311200SEA,CGY,mccanja01,Jared McCann,1
202311200SEA,CGY,oleksja01,Jamie Oleksiak,0
202311200SEA,CGY,schulju01,Justin Schultz,0
202311200SEA,CGY,schwaja01,Jaden Schwartz,0
202311200SEA,CGY,tanevbr01,Brandon Tanev,0
202311200SEA,CGY,tolvaee01,Eeli Tolvanen,0
202311200SEA,CGY,wennbal01,Alexander Wennberg,0
202311200SEA,CGY,yamamka01,Kailer Yamamoto,0
202311200SEA,CGY,daccojo01,Joey Daccord,0
202311200SEA,CGY,grubaph01,Philipp Grubauer,0
