game_id,opponent,player_id,player_name,scored
202311180PHI,PHI,amadimi01,Michael Amadio,0
202311180PHI,PHI,barbaiv01,Ivan Barbashev,0
202311180PHI,PHI,carriwi01,William Carrier,0
202311180PHI,PHI,cottepa01,Paul Cotter,0
202311180PHI,PHI,eicheja01,Jack Eichel,0
202311180PHI,PHI,howdebr01,Brett Howden,0
202311180PHI,PHI,huttobe01,Ben Hutton,0
202311180PHI,PHI,karlswi01,William Karlsson,1
202311180PHI,PHI,koleske01,Keegan Kolesar,0
202311180PHI,PHI,audymjo01,Jonathan Marchessault,1
202311180PHI,PHI,martial01,Alec Martinez,0
202311180PHI,PHI,mcnabbr01,Brayden McNabb,0
202311180PHI,PHI,pietral01,Alex Pietrangelo,0
202311180PHI,PHI,royni01,Nicolas Roy,0
202311180PHI,PHI,stephch02,Chandler Stephenson,0
202311180PHI,PHI,stonema01,Mark Stone,0
202311180PHI,PHI,theodsh01,Shea Theodore,0
202311180PHI,PHI,whiteza01,Zach Whitecloud,0
202311180PHI,PHI,thomplo01,Logan Thompson,0
202311180PHI,VEG,atkinca01,Cam Atkinson,0
202311180PHI,VEG,belpelo01,Louis Belpedio,0
202311180PHI,VEG,catesno01,Noah Cates,0
202311180PHI,VEG,coutuse01,Sean Couturier,1
202311180PHI,VEG,deslani01,Nicolas Deslauriers,0
202311180PHI,VEG,farabjo01,Joel Farabee,0
202311180PHI,VEG,foersty01,Tyson Foerster,1
202311180PHI,VEG,frostmo01,Morgan Frost,0
202311180PHI,VEG,hathaga01,Garnet Hathaway,0
202311180PHI,VEG,konectr01,Travis Konecny,0
202311180PHI,VEG,laughsc01,Scott Laughton,0
202311180PHI,VEG,poehlry01,Ryan Poehling,0
202311180PHI,VEG,sanhetr01,Travis Sanheim,0
202311180PHI,VEG,seeleni01,Nick Seeler,0
202311180PHI,VEG,tippeow01,Owen Tippett,1
202311180PHI,VEG,walkese01,Sean Walker,1
202311180PHI,VEG,yorkca01,Cameron York,0
202311180PHI,VEG,zamulye01,Yegor Zamula,0
202311180PHI,VEG,hartca01,Carter Hart,0
