game_id,opponent,player_id,player_name,scored
202310240NSH,NSH,beauvan01,Anthony Beauvillier,0
202310240NSH,NSH,boesebr01,Brock Boeser,0
202310240NSH,NSH,coleia01,Ian Cole,0
202310240NSH,NSH,digiuph01,Phillip Di Giuseppe,1
202310240NSH,NSH,friedma01,Mark Friedman,0
202310240NSH,NSH,garlaco01,Conor Garland,0
202310240NSH,NSH,hoglani01,Nils HÃ¶glander,1
202310240NSH,NSH,hronefi01,Filip Hronek,0
202310240NSH,NSH,hughequ01,Quinn Hughes,0
202310240NSH,NSH,joshuda01,Dakota Joshua,0
202310240NSH,NSH,kuzmean01,Andrei Kuzmenko,0
202310240NSH,NSH,laffesa01,Sam Lafferty,0
202310240NSH,NSH,mikheil01,Ilya Mikheyev,1
202310240NSH,NSH,millejt01,J.T. Miller,0
202310240NSH,NSH,myersty01,Tyler Myers,0
202310240NSH,NSH,petteel01,Elias Pettersson,0
202310240NSH,NSH,soucyca01,Carson Soucy,0
202310240NSH,NSH,suterpi01,Pius Suter,0
202310240NSH,NSH,demkoth01,Thatcher Demko,0
202310240NSH,VAN,barrity01,Tyson Barrie,0
202310240NSH,VAN,carrial01,Alexandre Carrier,0
202310240NSH,VAN,evanglu01,Luke Evangelista,0
202310240NSH,VAN,fabbrda01,Dante Fabbro,0
202310240NSH,VAN,fagemsa01,Samuel Fagemo,0
202310240NSH,VAN,forsbfi01,Filip Forsberg,0
202310240NSH,VAN,josiro01,Roman Josi,0
202310240NSH,VAN,lauzoje01,Jeremy Lauzon,0
202310240NSH,VAN,mccarmi01,Michael McCarron,0
202310240NSH,VAN,mcdonry01,Ryan McDonagh,0
202310240NSH,VAN,novakth01,Thomas Novak,0
202310240NSH,VAN,nyquigu01,Gustav Nyquist,0
202310240NSH,VAN,oreilry01,Ryan O'Reilly,0
202310240NSH,VAN,parssju01,Juuso PÃ¤rssinen,0
202310240NSH,VAN,sherwki01,Kiefer Sherwood,1
202310240NSH,VAN,sissoco01,Colton Sissons,1
202310240NSH,VAN,smithco02,Cole Smith,0
202310240NSH,VAN,treniya01,Yakov Trenin,0
202310240NSH,VAN,sarosju01,Juuse Saros,0
