game_id,opponent,player_id,player_name,scored
202312190NSH,NSH,amanni01,Nils Ãman,1
202312190NSH,NSH,bluegte01,Teddy Blueger,1
202312190NSH,NSH,boesebr01,Brock Boeser,0
202312190NSH,NSH,coleia01,Ian Cole,0
202312190NSH,NSH,digiuph01,Phillip Di Giuseppe,0
202312190NSH,NSH,garlaco01,Conor Garland,0
202312190NSH,NSH,hoglani01,Nils HÃ¶glander,1
202312190NSH,NSH,hronefi01,Filip Hronek,0
202312190NSH,NSH,hughequ01,Quinn Hughes,0
202312190NSH,NSH,joshuda01,Dakota Joshua,0
202312190NSH,NSH,juulsno01,Noah Juulsen,0
202312190NSH,NSH,laffesa01,Sam Lafferty,0
202312190NSH,NSH,mikheil01,Ilya Mikheyev,0
202312190NSH,NSH,millejt01,J.T. Miller,0
202312190NSH,NSH,myersty01,Tyler Myers,0
202312190NSH,NSH,petteel01,Elias Pettersson,1
202312190NSH,NSH,suterpi01,Pius Suter,1
202312190NSH,NSH,zadorni01,Nikita Zadorov,0
202312190NSH,NSH,desmica01,Casey DeSmith,0
202312190NSH,VAN,barrity01,Tyson Barrie,0
202312190NSH,VAN,carrial01,Alexandre Carrier,0
202312190NSH,VAN,evanglu01,Luke Evangelista,0
202312190NSH,VAN,forsbfi01,Filip Forsberg,0
202312190NSH,VAN,glassco01,Cody Glass,1
202312190NSH,VAN,josiro01,Roman Josi,0
202312190NSH,VAN,lauzoje01,Jeremy Lauzon,1
202312190NSH,VAN,mccarmi01,Michael McCarron,0
202312190NSH,VAN,mcdonry01,Ryan McDonagh,0
202312190NSH,VAN,novakth01,Thomas Novak,0
202312190NSH,VAN,nyquigu01,Gustav Nyquist,0
202312190NSH,VAN,oreilry01,Ryan O'Reilly,0
202312190NSH,VAN,parssju01,Juuso PÃ¤rssinen,0
202312190NSH,VAN,schenlu01,Luke Schenn,0
202312190NSH,VAN,sissoco01,Colton Sissons,0
202312190NSH,VAN,smithco02,Cole Smith,0
202312190NSH,VAN,tomasph01,Philip Tomasino,0
202312190NSH,VAN,treniya01,Yakov Trenin,0
202312190NSH,VAN,lankike01,Kevin Lankinen,0
202312190NSH,VAN,sarosju01,Juuse Saros,0
