game_id,opponent,player_id,player_name,scored
202312070SEA,SEA,bahlke01,Kevin Bahl,0
202312070SEA,SEA,brattje01,Jesper Bratt,0
202312070SEA,SEA,haulaer01,Erik Haula,0
202312070SEA,SEA,hischni01,Nico Hischier,0
202312070SEA,SEA,holtzal01,Alexander Holtz,0
202312070SEA,SEA,hugheja03,Jack Hughes,0
202312070SEA,SEA,hughelu01,Luke Hughes,0
202312070SEA,SEA,lazarcu01,Curtis Lazar,0
202312070SEA,SEA,marinjo01,John Marino,0
202312070SEA,SEA,mcleomi01,Michael McLeod,0
202312070SEA,SEA,meierti01,Timo Meier,0
202312070SEA,SEA,merceda01,Dawson Mercer,0
202312070SEA,SEA,milleco02,Colin Miller,0
202312070SEA,SEA,nemecsi01,Simon Nemec,1
202312070SEA,SEA,palaton01,OndÅej PalÃ¡t,1
202312070SEA,SEA,siegejo01,Jonas Siegenthaler,0
202312070SEA,SEA,smithbr05,Brendan Smith,0
202312070SEA,SEA,toffoty01,Tyler Toffoli,0
202312070SEA,SEA,schmiak01,Akira Schmid,0
202312070SEA,NJD,beniema01,Matthew Beniers,0
202312070SEA,NJD,bjorkol01,Oliver Bjorkstrand,0
202312070SEA,NJD,borgewi01,William Borgen,0
202312070SEA,NJD,burakan01,AndrÃ© Burakovsky,0
202312070SEA,NJD,dumoubr01,Brian Dumoulin,0
202312070SEA,NJD,dunnvi02,Vince Dunn,0
202312070SEA,NJD,eberljo01,Jordan Eberle,0
202312070SEA,NJD,evansry01,Ryker Evans,0
202312070SEA,NJD,gourdya01,Yanni Gourde,0
202312070SEA,NJD,kartyty01,Tye Kartye,1
202312070SEA,NJD,larssad01,Adam Larsson,0
202312070SEA,NJD,mccanja01,Jared McCann,0
202312070SEA,NJD,oleksja01,Jamie Oleksiak,0
202312070SEA,NJD,shorede01,Devin Shore,0
202312070SEA,NJD,tanevbr01,Brandon Tanev,0
202312070SEA,NJD,tolvaee01,Eeli Tolvanen,0
202312070SEA,NJD,wennbal01,Alexander Wennberg,0
202312070SEA,NJD,yamamka01,Kailer Yamamoto,0
202312070SEA,NJD,grubaph01,Philipp Grubauer,0
