game_id,opponent,player_id,player_name,scored
202310280BOS,BOS,chiarbe01,Ben Chiarot,0
202310280BOS,BOS,comphj.01,J.T. Compher,0
202310280BOS,BOS,coppan01,Andrew Copp,0
202310280BOS,BOS,czarnau01,Austin Czarnik,0
202310280BOS,BOS,debrial01,Alex DeBrincat,0
202310280BOS,BOS,fischch01,Christian Fischer,0
202310280BOS,BOS,gostish01,Shayne Gostisbehere,0
202310280BOS,BOS,hollju01,Justin Holl,0
202310280BOS,BOS,kostikl01,Klim Kostin,0
202310280BOS,BOS,larkidy01,Dylan Larkin,0
202310280BOS,BOS,perroda01,David Perron,0
202310280BOS,BOS,petryje01,Jeff Petry,0
202310280BOS,BOS,rasmumi01,Michael Rasmussen,0
202310280BOS,BOS,raymolu01,Lucas Raymond,0
202310280BOS,BOS,seidemo01,Moritz Seider,0
202310280BOS,BOS,spronda01,Daniel Sprong,0
202310280BOS,BOS,velenjo01,Joe Veleno,1
202310280BOS,BOS,walmaja01,Jake Walman,0
202310280BOS,BOS,hussovi01,Ville Husso,0
202310280BOS,DET,beechjo01,John Beecher,0
202310280BOS,DET,brownpa02,Patrick Brown,0
202310280BOS,DET,carlobr01,Brandon Carlo,0
202310280BOS,DET,coylech01,Charlie Coyle,0
202310280BOS,DET,debruja01,Jake DeBrusk,0
202310280BOS,DET,forbode01,Derek Forbort,0
202310280BOS,DET,fredetr01,Trent Frederic,0
202310280BOS,DET,geekimo01,Morgan Geekie,0
202310280BOS,DET,grzelma01,Matt Grzelcyk,0
202310280BOS,DET,lindhha01,Hampus Lindholm,0
202310280BOS,DET,marchbr03,Brad Marchand,0
202310280BOS,DET,mcavoch01,Charlie McAvoy,1
202310280BOS,DET,pastrda01,David PastrÅÃ¡k,1
202310280BOS,DET,poitrma01,Matthew Poitras,0
202310280BOS,DET,shattke01,Kevin Shattenkirk,0
202310280BOS,DET,steenos01,Oskar Steen,0
202310280BOS,DET,vanrija01,James van Riemsdyk,0
202310280BOS,DET,zachapa01,Pavel Zacha,1
202310280BOS,DET,swaymje01,Jeremy Swayman,0
