game_id,opponent,player_id,player_name,scored
202310150OTT,OTT,barreal01,Alex BarrÃ©-Boulet,0
202310150OTT,OTT,cernaer01,Erik ÄernÃ¡k,0
202310150OTT,OTT,cirelan01,Anthony Cirelli,1
202310150OTT,OTT,dehaaca01,Calvin de Haan,0
202310150OTT,OTT,eyssimi01,Michael Eyssimont,0
202310150OTT,OTT,glendlu01,Luke Glendening,0
202310150OTT,OTT,hagelbr01,Brandon Hagel,0
202310150OTT,OTT,hedmavi01,Victor Hedman,0
202310150OTT,OTT,jeannta01,Tanner Jeannot,1
202310150OTT,OTT,kucheni01,Nikita Kucherov,0
202310150OTT,OTT,merelwa01,Waltteri Merela,0
202310150OTT,OTT,paulni01,Nick Paul,0
202310150OTT,OTT,perbini01,Nicklaus Perbix,0
202310150OTT,OTT,pointbr01,Brayden Point,0
202310150OTT,OTT,raddyda01,Darren Raddysh,0
202310150OTT,OTT,sergami01,Mikhail Sergachev,0
202310150OTT,OTT,shearco01,Conor Sheary,0
202310150OTT,OTT,watsoau01,Austin Watson,0
202310150OTT,OTT,tomkima01,Matt Tomkins,0
202310150OTT,TBL,bathedr01,Drake Batherson,0
202310150OTT,TBL,branner01,Erik BrÃ¤nnstrÃ¶m,0
202310150OTT,TBL,chaboth01,Thomas Chabot,0
202310150OTT,TBL,chartro01,Rourke Chartier,0
202310150OTT,TBL,chychja01,Jakob Chychrun,0
202310150OTT,TBL,giroucl01,Claude Giroux,0
202310150OTT,TBL,greigri01,Ridly Greig,0
202310150OTT,TBL,hamontr01,Travis Hamonic,0
202310150OTT,TBL,josepma01,Mathieu Joseph,1
202310150OTT,TBL,kastema01,Mark Kastelic,0
202310150OTT,TBL,kellypa01,Parker Kelly,0
202310150OTT,TBL,kubaldo01,Dominik KubalÃ­k,0
202310150OTT,TBL,macewza01,Zack MacEwen,0
202310150OTT,TBL,sandeja01,Jake Sanderson,0
202310150OTT,TBL,stuetti02,Tim StÃ¼tzle,1
202310150OTT,TBL,tarasvl01,Vladimir Tarasenko,1
202310150OTT,TBL,tkachbr01,Brady Tkachuk,1
202310150OTT,TBL,zubar01,Artem Zub,0
202310150OTT,TBL,korpijo01,Joonas Korpisalo,0
