game_id,opponent,player_id,player_name,scored
202311060DAL,DAL,beechjo01,John Beecher,1
202311060DAL,DAL,carlobr01,Brandon Carlo,0
202311060DAL,DAL,coylech01,Charlie Coyle,0
202311060DAL,DAL,debruja01,Jake DeBrusk,0
202311060DAL,DAL,fredetr01,Trent Frederic,0
202311060DAL,DAL,geekimo01,Morgan Geekie,0
202311060DAL,DAL,heineda01,Danton Heinen,0
202311060DAL,DAL,lindhha01,Hampus Lindholm,0
202311060DAL,DAL,lohrema01,Mason Lohrei,1
202311060DAL,DAL,marchbr03,Brad Marchand,1
202311060DAL,DAL,mitchia01,Ian Mitchell,0
202311060DAL,DAL,pastrda01,David PastrÅÃ¡k,0
202311060DAL,DAL,poitrma01,Matthew Poitras,0
202311060DAL,DAL,shattke01,Kevin Shattenkirk,0
202311060DAL,DAL,steenos01,Oskar Steen,0
202311060DAL,DAL,vanrija01,James van Riemsdyk,0
202311060DAL,DAL,wothepa01,Parker Wotherspoon,0
202311060DAL,DAL,zachapa01,Pavel Zacha,0
202311060DAL,DAL,swaymje01,Jeremy Swayman,0
202311060DAL,BOS,bennja01,Jamie Benn,0
202311060DAL,BOS,dadonev01,Evgenii Dadonov,0
202311060DAL,BOS,dellaty01,Ty Dellandrea,0
202311060DAL,BOS,hakanja01,Jani HakanpÃ¤Ã¤,0
202311060DAL,BOS,hanlejo01,Joel Hanley,0
202311060DAL,BOS,harleth01,Thomas Harley,0
202311060DAL,BOS,heiskmi01,Miro Heiskanen,0
202311060DAL,BOS,hintzro01,Roope Hintz,0
202311060DAL,BOS,johnswy01,Wyatt Johnston,1
202311060DAL,BOS,lindees01,Esa Lindell,0
202311060DAL,BOS,lundkni01,Nils Lundkvist,0
202311060DAL,BOS,marchma01,Mason Marchment,0
202311060DAL,BOS,paveljo01,Joe Pavelski,1
202311060DAL,BOS,roberja01,Jason Robertson,0
202311060DAL,BOS,seguity01,Tyler Seguin,0
202311060DAL,BOS,smithcr01,Craig Smith,0
202311060DAL,BOS,steelsa01,Sam Steel,0
202311060DAL,BOS,suterry01,Ryan Suter,0
202311060DAL,BOS,oettija01,Jake Oettinger,0
