game_id,opponent,player_id,player_name,scored
202311030BUF,BUF,atkinca01,Cam Atkinson,0
202311030BUF,BUF,belpelo01,Louis Belpedio,1
202311030BUF,BUF,brinkbo01,Bobby Brink,1
202311030BUF,BUF,catesno01,Noah Cates,0
202311030BUF,BUF,deslani01,Nicolas Deslauriers,0
202311030BUF,BUF,farabjo01,Joel Farabee,0
202311030BUF,BUF,foersty01,Tyson Foerster,0
202311030BUF,BUF,frostmo01,Morgan Frost,0
202311030BUF,BUF,hathaga01,Garnet Hathaway,1
202311030BUF,BUF,konectr01,Travis Konecny,1
202311030BUF,BUF,laughsc01,Scott Laughton,1
202311030BUF,BUF,poehlry01,Ryan Poehling,0
202311030BUF,BUF,sanhetr01,Travis Sanheim,0
202311030BUF,BUF,seeleni01,Nick Seeler,0
202311030BUF,BUF,tippeow01,Owen Tippett,0
202311030BUF,BUF,walkese01,Sean Walker,0
202311030BUF,BUF,yorkca01,Cameron York,0
202311030BUF,BUF,zamulye01,Yegor Zamula,0
202311030BUF,BUF,erssosa01,Samuel Ersson,0
202311030BUF,PHI,birobr01,Brandon Biro,0
202311030BUF,PHI,cliftco01,Connor Clifton,0
202311030BUF,PHI,cozendy01,Dylan Cozens,0
202311030BUF,PHI,dahlira01,Rasmus Dahlin,0
202311030BUF,PHI,girgeze01,Zemgus Girgensons,0
202311030BUF,PHI,greenjo02,Jordan Greenway,0
202311030BUF,PHI,johnser01,Erik Johnson,0
202311030BUF,PHI,jokihhe01,Henri Jokiharju,1
202311030BUF,PHI,krebspe01,Peyton Krebs,0
202311030BUF,PHI,mitteca01,Casey Mittelstadt,0
202311030BUF,PHI,okposky01,Kyle Okposo,0
202311030BUF,PHI,peterjo01,John-Jason Peterka,0
202311030BUF,PHI,powerow01,Owen Power,0
202311030BUF,PHI,rouselu01,LukÃ¡Å¡ Rousek,0
202311030BUF,PHI,samuema02,Mattias Samuelsson,0
202311030BUF,PHI,skinnje01,Jeff Skinner,0
202311030BUF,PHI,thompta01,Tage Thompson,0
202311030BUF,PHI,tuchal01,Alex Tuch,0
202311030BUF,PHI,luukkuk01,Ukko-Pekka Luukkonen,0
