game_id,opponent,player_id,player_name,scored
202311090COL,COL,beniema01,Matthew Beniers,1
202311090COL,COL,bjorkol01,Oliver Bjorkstrand,1
202311090COL,COL,borgewi01,William Borgen,0
202311090COL,COL,dumoubr01,Brian Dumoulin,0
202311090COL,COL,dunnvi02,Vince Dunn,0
202311090COL,COL,gourdya01,Yanni Gourde,0
202311090COL,COL,kartyty01,Tye Kartye,0
202311090COL,COL,larssad01,Adam Larsson,0
202311090COL,COL,mccanja01,Jared McCann,0
202311090COL,COL,oleksja01,Jamie Oleksiak,0
202311090COL,COL,schulju01,Justin Schultz,0
202311090COL,COL,schwaja01,Jaden Schwartz,1
202311090COL,COL,shorede01,Devin Shore,0
202311090COL,COL,tolvaee01,Eeli Tolvanen,0
202311090COL,COL,wennbal01,Alexander Wennberg,0
202311090COL,COL,wintery01,Ryan Winterton,0
202311090COL,COL,wrighsh01,Shane Wright,0
202311090COL,COL,yamamka01,Kailer Yamamoto,0
202311090COL,COL,grubaph01,Philipp Grubauer,0
202311090COL,SEA,byrambo01,Bowen Byram,1
202311090COL,SEA,coglian01,Andrew Cogliano,0
202311090COL,SEA,coltoro01,Ross Colton,0
202311090COL,SEA,girarsa01,Samuel Girard,0
202311090COL,SEA,johanry01,Ryan Johansen,0
202311090COL,SEA,johnsja02,Jack Johnson,0
202311090COL,SEA,lehkoar01,Artturi Lehkonen,0
202311090COL,SEA,mackina01,Nathan MacKinnon,1
202311090COL,SEA,makarca01,Cale Makar,0
202311090COL,SEA,mansojo01,Josh Manson,0
202311090COL,SEA,nichuva01,Valeri Nichushkin,1
202311090COL,SEA,oconnlo01,Logan O'Connor,0
202311090COL,SEA,olofsfr01,Fredrik Olofsson,0
202311090COL,SEA,rantami01,Mikko Rantanen,0
202311090COL,SEA,tatarto01,TomÃ¡Å¡ Tatar,0
202311090COL,SEA,toewsde01,Devon Toews,0
202311090COL,SEA,tufteri01,Riley Tufte,0
202311090COL,SEA,woodmi01,Miles Wood,0
202311090COL,SEA,prosviv01,Ivan Prosvetov,0
