game_id,opponent,player_id,player_name,scored
202312160WPG,WPG,byrambo01,Bowen Byram,0
202312160WPG,WPG,coglian01,Andrew Cogliano,0
202312160WPG,WPG,coltoro01,Ross Colton,0
202312160WPG,WPG,drouijo01,Jonathan Drouin,1
202312160WPG,WPG,johanry01,Ryan Johansen,0
202312160WPG,WPG,johnsja02,Jack Johnson,1
202312160WPG,WPG,jonesca01,Caleb Jones,0
202312160WPG,WPG,kivirjo01,Joel Kiviranta,0
202312160WPG,WPG,mackina01,Nathan MacKinnon,0
202312160WPG,WPG,malinsa01,Sam Malinski,0
202312160WPG,WPG,mansojo01,Josh Manson,0
202312160WPG,WPG,meyerbe01,Ben Meyers,0
202312160WPG,WPG,nichuva01,Valeri Nichushkin,0
202312160WPG,WPG,oconnlo01,Logan O'Connor,0
202312160WPG,WPG,olofsfr01,Fredrik Olofsson,0
202312160WPG,WPG,rantami01,Mikko Rantanen,0
202312160WPG,WPG,toewsde01,Devon Toews,0
202312160WPG,WPG,woodmi01,Miles Wood,0
202312160WPG,WPG,prosviv01,Ivan Prosvetov,0
202312160WPG,COL,applema01,Mason Appleton,0
202312160WPG,COL,barromo01,Morgan Barron,0
202312160WPG,COL,demeldy01,Dylan DeMelo,0
202312160WPG,COL,dillobr01,Brenden Dillon,0
202312160WPG,COL,ehlerni01,Nikolaj Ehlers,1
202312160WPG,COL,gustada01,David Gustafsson,0
202312160WPG,COL,iafalal01,Alex Iafallo,1
202312160WPG,COL,jonssax01,Axel Jonsson-FjÃ¤llby,0
202312160WPG,COL,lowryad01,Adam Lowry,0
202312160WPG,COL,morrijo04,Josh Morrissey,0
202312160WPG,COL,namesvl01,Vladislav Namestnikov,1
202312160WPG,COL,niedeni01,Nino Niederreiter,1
202312160WPG,COL,perfeco01,Cole Perfetti,0
202312160WPG,COL,pionkne01,Neal Pionk,0
202312160WPG,COL,sambedy01,Dylan Samberg,0
202312160WPG,COL,scheima01,Mark Scheifele,0
202312160WPG,COL,schmina01,Nate Schmidt,0
202312160WPG,COL,vilarga01,Gabriel Vilardi,1
202312160WPG,COL,helleco01,Connor Hellebuyck,0
