game_id,opponent,player_id,player_name,scored
202310210DAL,DAL,andraem01,Emil Andrae,0
202310210DAL,DAL,atkinca01,Cam Atkinson,0
202310210DAL,DAL,brinkbo01,Bobby Brink,0
202310210DAL,DAL,catesno01,Noah Cates,0
202310210DAL,DAL,coutuse01,Sean Couturier,0
202310210DAL,DAL,deslani01,Nicolas Deslauriers,0
202310210DAL,DAL,farabjo01,Joel Farabee,1
202310210DAL,DAL,foersty01,Tyson Foerster,0
202310210DAL,DAL,hathaga01,Garnet Hathaway,0
202310210DAL,DAL,konectr01,Travis Konecny,1
202310210DAL,DAL,laughsc01,Scott Laughton,0
202310210DAL,DAL,poehlry01,Ryan Poehling,0
202310210DAL,DAL,sanhetr01,Travis Sanheim,0
202310210DAL,DAL,seeleni01,Nick Seeler,0
202310210DAL,DAL,tippeow01,Owen Tippett,0
202310210DAL,DAL,walkese01,Sean Walker,1
202310210DAL,DAL,yorkca01,Cameron York,0
202310210DAL,DAL,zamulye01,Yegor Zamula,0
202310210DAL,DAL,erssosa01,Samuel Ersson,0
202310210DAL,PHI,bennja01,Jamie Benn,1
202310210DAL,PHI,dadonev01,Evgenii Dadonov,0
202310210DAL,PHI,duchema01,Matt Duchene,0
202310210DAL,PHI,faksara01,Radek Faksa,0
202310210DAL,PHI,hakanja01,Jani HakanpÃ¤Ã¤,0
202310210DAL,PHI,harleth01,Thomas Harley,0
202310210DAL,PHI,heiskmi01,Miro Heiskanen,0
202310210DAL,PHI,hintzro01,Roope Hintz,1
202310210DAL,PHI,johnswy01,Wyatt Johnston,1
202310210DAL,PHI,lindees01,Esa Lindell,0
202310210DAL,PHI,lundkni01,Nils Lundkvist,0
202310210DAL,PHI,marchma01,Mason Marchment,0
202310210DAL,PHI,paveljo01,Joe Pavelski,1
202310210DAL,PHI,roberja01,Jason Robertson,0
202310210DAL,PHI,seguity01,Tyler Seguin,1
202310210DAL,PHI,smithcr01,Craig Smith,0
202310210DAL,PHI,steelsa01,Sam Steel,0
202310210DAL,PHI,suterry01,Ryan Suter,0
202310210DAL,PHI,wedgesc01,Scott Wedgewood,0
