game_id,opponent,player_id,player_name,scored
202312030LAK,LAK,byrambo01,Bowen Byram,0
202312030LAK,LAK,coglian01,Andrew Cogliano,0
202312030LAK,LAK,coltoro01,Ross Colton,0
202312030LAK,LAK,drouijo01,Jonathan Drouin,0
202312030LAK,LAK,johanry01,Ryan Johansen,0
202312030LAK,LAK,johnsja02,Jack Johnson,0
202312030LAK,LAK,jonesca01,Caleb Jones,0
202312030LAK,LAK,kivirjo01,Joel Kiviranta,0
202312030LAK,LAK,mackina01,Nathan MacKinnon,0
202312030LAK,LAK,malinsa01,Sam Malinski,0
202312030LAK,LAK,mansojo01,Josh Manson,1
202312030LAK,LAK,nichuva01,Valeri Nichushkin,0
202312030LAK,LAK,oconnlo01,Logan O'Connor,0
202312030LAK,LAK,olofsfr01,Fredrik Olofsson,0
202312030LAK,LAK,rantami01,Mikko Rantanen,0
202312030LAK,LAK,tatarto01,TomÃ¡Å¡ Tatar,0
202312030LAK,LAK,toewsde01,Devon Toews,0
202312030LAK,LAK,woodmi01,Miles Wood,0
202312030LAK,LAK,georgal01,Alexandar Georgiev,0
202312030LAK,COL,andermi02,Michael Anderson,0
202312030LAK,COL,anderja01,Jaret Anderson-Dolan,0
202312030LAK,COL,byfiequ01,Quinton Byfield,1
202312030LAK,COL,danauph01,Phillip Danault,0
202312030LAK,COL,doughdr01,Drew Doughty,1
202312030LAK,COL,duboipi01,Pierre-Luc Dubois,0
202312030LAK,COL,engluan01,Andreas Englund,0
202312030LAK,COL,fialake01,Kevin Fiala,0
202312030LAK,COL,gavrivl01,Vladislav Gavrikov,0
202312030LAK,COL,grundca01,Carl GrundstrÃ¶m,0
202312030LAK,COL,kaliyar01,Arthur Kaliyev,0
202312030LAK,COL,kempead01,Adrian Kempe,0
202312030LAK,COL,kopitan01,AnÅ¾e Kopitar,0
202312030LAK,COL,laferal01,Alex Laferriere,0
202312030LAK,COL,lewistr01,Trevor Lewis,0
202312030LAK,COL,mooretr01,Trevor Moore,1
202312030LAK,COL,royma04,Matt Roy,0
202312030LAK,COL,spencjo01,Jordan Spence,0
202312030LAK,COL,talboca01,Cam Talbot,0
