game_id,opponent,player_id,player_name,scored
202310250NJD,NJD,alexeal01,Alexander Alexeyev,0
202310250NJD,NJD,backsni02,Nicklas BÃ¤ckstrÃ¶m,0
202310250NJD,NJD,carlsjo01,John Carlson,0
202310250NJD,NJD,feherma01,Martin FehÃ©rvÃ¡ry,0
202310250NJD,NJD,jenseni02,Nick Jensen,0
202310250NJD,NJD,kuzneev01,Evgeny Kuznetsov,0
202310250NJD,NJD,malenbe01,Beck Malenstyn,0
202310250NJD,NJD,manthan01,Anthony Mantha,1
202310250NJD,NJD,mcmicco01,Connor McMichael,1
202310250NJD,NJD,milanso01,Sonny Milano,1
202310250NJD,NJD,oshietj01,T.J. Oshie,0
202310250NJD,NJD,ovechal01,Alex Ovechkin,1
202310250NJD,NJD,phillma01,Matthew Phillips,0
202310250NJD,NJD,protaal01,Aliaksei Protas,0
202310250NJD,NJD,sandira01,Rasmus Sandin,0
202310250NJD,NJD,stromdy01,Dylan Strome,1
202310250NJD,NJD,vanritr01,Trevor van Riemsdyk,0
202310250NJD,NJD,wilsoto01,Tom Wilson,0
202310250NJD,NJD,shepahu01,Hunter Shepard,0
202310250NJD,WSH,bahlke01,Kevin Bahl,0
202310250NJD,WSH,bastina01,Nathan Bastian,0
202310250NJD,WSH,brattje01,Jesper Bratt,0
202310250NJD,WSH,hamildo01,Dougie Hamilton,0
202310250NJD,WSH,haulaer01,Erik Haula,0
202310250NJD,WSH,hischni01,Nico Hischier,1
202310250NJD,WSH,holtzal01,Alexander Holtz,0
202310250NJD,WSH,hugheja03,Jack Hughes,0
202310250NJD,WSH,hughelu01,Luke Hughes,0
202310250NJD,WSH,lazarcu01,Curtis Lazar,0
202310250NJD,WSH,marinjo01,John Marino,0
202310250NJD,WSH,mcleomi01,Michael McLeod,0
202310250NJD,WSH,meierti01,Timo Meier,1
202310250NJD,WSH,merceda01,Dawson Mercer,0
202310250NJD,WSH,palaton01,OndÅej PalÃ¡t,0
202310250NJD,WSH,siegejo01,Jonas Siegenthaler,0
202310250NJD,WSH,smithbr05,Brendan Smith,0
202310250NJD,WSH,toffoty01,Tyler Toffoli,1
202310250NJD,WSH,schmiak01,Akira Schmid,0
202310250NJD,WSH,vanecvi01,VÃ­tek VanÄÄek,0
