game_id,opponent,player_id,player_name,scored
202312070CGY,CGY,ahose01,Sebastian Aho,0
202312070CGY,CGY,buntimi01,Michael Bunting,1
202312070CGY,CGY,burnsbr01,Brent Burns,0
202312070CGY,CGY,chatfja01,Jalen Chatfield,0
202312070CGY,CGY,druryja01,Jack Drury,0
202312070CGY,CGY,fastje01,Jesper Fast,0
202312070CGY,CGY,jarvise01,Seth Jarvis,0
202312070CGY,CGY,kotkaje01,Jesperi Kotkaniemi,0
202312070CGY,CGY,lemiebr01,Brendan Lemieux,0
202312070CGY,CGY,martijo01,Jordan Martinook,0
202312070CGY,CGY,necasma01,Martin NeÄas,0
202312070CGY,CGY,noesest01,Stefan Noesen,1
202312070CGY,CGY,orlovdm01,Dmitry Orlov,0
202312070CGY,CGY,pescebr01,Brett Pesce,0
202312070CGY,CGY,skjeibr01,Brady Skjei,0
202312070CGY,CGY,slavija01,Jaccob Slavin,0
202312070CGY,CGY,staaljo01,Jordan Staal,0
202312070CGY,CGY,teravte01,Teuvo TerÃ¤vÃ¤inen,0
202312070CGY,CGY,kochepy01,Pyotr Kochetkov,0
202312070CGY,CAR,anderra01,Rasmus Andersson,1
202312070CGY,CAR,backlmi01,Mikael Backlund,0
202312070CGY,CAR,colembl01,Blake Coleman,1
202312070CGY,CAR,dubedi01,Dillon DubÃ©,0
202312070CGY,CAR,gilbede01,Dennis Gilbert,0
202312070CGY,CAR,greeraj01,A.J. Greer,0
202312070CGY,CAR,hanifno01,Noah Hanifin,0
202312070CGY,CAR,huberjo01,Jonathan Huberdeau,0
202312070CGY,CAR,kadrina01,Nazem Kadri,0
202312070CGY,CAR,lindhel01,Elias Lindholm,0
202312070CGY,CAR,mangian01,Andrew Mangiapane,0
202312070CGY,CAR,pospima01,Martin Pospisil,0
202312070CGY,CAR,ruzicad01,Adam RuÅ¾iÄka,0
202312070CGY,CAR,sharaye01,Yegor Sharangovich,0
202312070CGY,CAR,solovil01,Ilya Solovyov,0
202312070CGY,CAR,tanevch01,Chris Tanev,0
202312070CGY,CAR,weegama01,MacKenzie Weegar,0
202312070CGY,CAR,zaryco01,Connor Zary,1
202312070CGY,CAR,wolfdu01,Dustin Wolf,0
