game_id,opponent,player_id,player_name,scored
202311240WSH,WSH,bouchev01,Evan Bouchard,1
202311240WSH,WSH,brownco02,Connor Brown,0
202311240WSH,WSH,cecico01,Cody Ceci,0
202311240WSH,WSH,deshavi01,Vincent Desharnais,0
202311240WSH,WSH,draisle01,Leon Draisaitl,1
202311240WSH,WSH,ekholma01,Mattias Ekholm,0
202311240WSH,WSH,ernead01,Adam Erne,0
202311240WSH,WSH,foegewa01,Warren Foegele,0
202311240WSH,WSH,hamblja01,James Hamblin,0
202311240WSH,WSH,hymanza01,Zach Hyman,0
202311240WSH,WSH,janmama02,Mattias Janmark,0
202311240WSH,WSH,kaneev01,Evander Kane,1
202311240WSH,WSH,kulakbr01,Brett Kulak,0
202311240WSH,WSH,mcdavco01,Connor McDavid,0
202311240WSH,WSH,mcleory01,Ryan McLeod,0
202311240WSH,WSH,nugenry01,Ryan Nugent-Hopkins,1
202311240WSH,WSH,nurseda01,Darnell Nurse,0
202311240WSH,WSH,ryande01,Derek Ryan,0
202311240WSH,WSH,skinnst01,Stuart Skinner,0
202311240WSH,EDM,alexeal01,Alexander Alexeyev,0
202311240WSH,EDM,aubekni01,Nicolas AubÃ©-Kubel,0
202311240WSH,EDM,carlsjo01,John Carlson,0
202311240WSH,EDM,dowdni01,Nic Dowd,0
202311240WSH,EDM,edmunjo01,Joel Edmundson,0
202311240WSH,EDM,jenseni02,Nick Jensen,0
202311240WSH,EDM,kuzneev01,Evgeny Kuznetsov,0
202311240WSH,EDM,malenbe01,Beck Malenstyn,0
202311240WSH,EDM,manthan01,Anthony Mantha,0
202311240WSH,EDM,mcmicco01,Connor McMichael,0
202311240WSH,EDM,milanso01,Sonny Milano,0
202311240WSH,EDM,oshietj01,T.J. Oshie,0
202311240WSH,EDM,ovechal01,Alex Ovechkin,0
202311240WSH,EDM,protaal01,Aliaksei Protas,0
202311240WSH,EDM,sandira01,Rasmus Sandin,0
202311240WSH,EDM,stromdy01,Dylan Strome,0
202311240WSH,EDM,vanritr01,Trevor van Riemsdyk,0
202311240WSH,EDM,wilsoto01,Tom Wilson,0
202311240WSH,EDM,lindgch01,Charlie Lindgren,0
