game_id,opponent,player_id,player_name,scored
202311240DAL,DAL,anderra01,Rasmus Andersson,0
202311240DAL,DAL,backlmi01,Mikael Backlund,1
202311240DAL,DAL,colembl01,Blake Coleman,1
202311240DAL,DAL,dubedi01,Dillon DubÃ©,0
202311240DAL,DAL,gilbede01,Dennis Gilbert,0
202311240DAL,DAL,greeraj01,A.J. Greer,1
202311240DAL,DAL,hanifno01,Noah Hanifin,0
202311240DAL,DAL,huberjo01,Jonathan Huberdeau,0
202311240DAL,DAL,kadrina01,Nazem Kadri,1
202311240DAL,DAL,lindhel01,Elias Lindholm,1
202311240DAL,DAL,mangian01,Andrew Mangiapane,0
202311240DAL,DAL,pospima01,Martin Pospisil,0
202311240DAL,DAL,ruzicad01,Adam RuÅ¾iÄka,1
202311240DAL,DAL,sharaye01,Yegor Sharangovich,1
202311240DAL,DAL,tanevch01,Chris Tanev,0
202311240DAL,DAL,weegama01,MacKenzie Weegar,0
202311240DAL,DAL,zadorni01,Nikita Zadorov,0
202311240DAL,DAL,zaryco01,Connor Zary,0
202311240DAL,DAL,marksja02,Jacob MarkstrÃ¶m,0
202311240DAL,CGY,bennja01,Jamie Benn,0
202311240DAL,CGY,dadonev01,Evgenii Dadonov,0
202311240DAL,CGY,dellaty01,Ty Dellandrea,0
202311240DAL,CGY,duchema01,Matt Duchene,0
202311240DAL,CGY,faksara01,Radek Faksa,0
202311240DAL,CGY,hakanja01,Jani HakanpÃ¤Ã¤,0
202311240DAL,CGY,harleth01,Thomas Harley,0
202311240DAL,CGY,heiskmi01,Miro Heiskanen,0
202311240DAL,CGY,hintzro01,Roope Hintz,0
202311240DAL,CGY,johnswy01,Wyatt Johnston,1
202311240DAL,CGY,lindees01,Esa Lindell,0
202311240DAL,CGY,lundkni01,Nils Lundkvist,0
202311240DAL,CGY,marchma01,Mason Marchment,0
202311240DAL,CGY,paveljo01,Joe Pavelski,1
202311240DAL,CGY,roberja01,Jason Robertson,1
202311240DAL,CGY,seguity01,Tyler Seguin,0
202311240DAL,CGY,steelsa01,Sam Steel,0
202311240DAL,CGY,suterry01,Ryan Suter,0
202311240DAL,CGY,oettija01,Jake Oettinger,0
