game_id,opponent,player_id,player_name,scored
202311300TOR,TOR,bellepi01,Pierre-Ãdouard Bellemare,0
202311300TOR,TOR,beniema01,Matthew Beniers,0
202311300TOR,TOR,bjorkol01,Oliver Bjorkstrand,0
202311300TOR,TOR,borgewi01,William Borgen,0
202311300TOR,TOR,dumoubr01,Brian Dumoulin,0
202311300TOR,TOR,dunnvi02,Vince Dunn,0
202311300TOR,TOR,eberljo01,Jordan Eberle,0
202311300TOR,TOR,gourdya01,Yanni Gourde,0
202311300TOR,TOR,kartyty01,Tye Kartye,0
202311300TOR,TOR,larssad01,Adam Larsson,0
202311300TOR,TOR,mccanja01,Jared McCann,1
202311300TOR,TOR,oleksja01,Jamie Oleksiak,0
202311300TOR,TOR,poturan01,Andrew Poturalski,0
202311300TOR,TOR,schulju01,Justin Schultz,0
202311300TOR,TOR,studema01,MariÃ¡n StudeniÄ,0
202311300TOR,TOR,tolvaee01,Eeli Tolvanen,1
202311300TOR,TOR,wennbal01,Alexander Wennberg,0
202311300TOR,TOR,yamamka01,Kailer Yamamoto,0
202311300TOR,TOR,grubaph01,Philipp Grubauer,0
202311300TOR,SEA,benoisi01,Simon Benoit,0
202311300TOR,SEA,bertuty01,Tyler Bertuzzi,0
202311300TOR,SEA,broditj01,T.J. Brodie,0
202311300TOR,SEA,domima01,Max Domi,0
202311300TOR,SEA,gregono01,Noah Gregor,0
202311300TOR,SEA,jarnkca01,Calle JÃ¤rnkrok,0
202311300TOR,SEA,kampfda01,David KÃ¤mpf,0
202311300TOR,SEA,kniesma01,Matthew Knies,0
202311300TOR,SEA,lageswi01,William Lagesson,0
202311300TOR,SEA,marnemi01,Mitch Marner,1
202311300TOR,SEA,matthau01,Auston Matthews,0
202311300TOR,SEA,mccabja01,Jake McCabe,0
202311300TOR,SEA,mcmanbo02,Bobby McMann,0
202311300TOR,SEA,nylanwi01,William Nylander,0
202311300TOR,SEA,riellmo01,Morgan Rielly,0
202311300TOR,SEA,roberni01,Nicholas Robertson,0
202311300TOR,SEA,tavarjo01,John Tavares,0
202311300TOR,SEA,timmico01,Conor Timmins,0
202311300TOR,SEA,wolljo01,Joseph Woll,0
