game_id,opponent,player_id,player_name,scored
202311110OTT,OTT,anderra01,Rasmus Andersson,0
202311110OTT,OTT,backlmi01,Mikael Backlund,0
202311110OTT,OTT,colembl01,Blake Coleman,1
202311110OTT,OTT,desimni01,Nick DeSimone,0
202311110OTT,OTT,dubedi01,Dillon DubÃ©,0
202311110OTT,OTT,greeraj01,A.J. Greer,0
202311110OTT,OTT,hanifno01,Noah Hanifin,0
202311110OTT,OTT,huberjo01,Jonathan Huberdeau,0
202311110OTT,OTT,kadrina01,Nazem Kadri,0
202311110OTT,OTT,lindhel01,Elias Lindholm,0
202311110OTT,OTT,mangian01,Andrew Mangiapane,0
202311110OTT,OTT,pospima01,Martin Pospisil,0
202311110OTT,OTT,ruzicad01,Adam RuÅ¾iÄka,0
202311110OTT,OTT,sharaye01,Yegor Sharangovich,0
202311110OTT,OTT,tanevch01,Chris Tanev,0
202311110OTT,OTT,weegama01,MacKenzie Weegar,0
202311110OTT,OTT,zadorni01,Nikita Zadorov,0
202311110OTT,OTT,zaryco01,Connor Zary,0
202311110OTT,OTT,wolfdu01,Dustin Wolf,0
202311110OTT,CGY,bathedr01,Drake Batherson,1
202311110OTT,CGY,bernaja01,Jacob Bernard-Docker,0
202311110OTT,CGY,branner01,Erik BrÃ¤nnstrÃ¶m,0
202311110OTT,CGY,chartro01,Rourke Chartier,1
202311110OTT,CGY,chychja01,Jakob Chychrun,0
202311110OTT,CGY,giroucl01,Claude Giroux,0
202311110OTT,CGY,hamontr01,Travis Hamonic,1
202311110OTT,CGY,highmma01,Matthew Highmore,0
202311110OTT,CGY,jarvero01,Roby Jarventie,0
202311110OTT,CGY,josepma01,Mathieu Joseph,1
202311110OTT,CGY,kellypa01,Parker Kelly,0
202311110OTT,CGY,kubaldo01,Dominik KubalÃ­k,0
202311110OTT,CGY,norrijo01,Joshua Norris,0
202311110OTT,CGY,sandeja01,Jake Sanderson,0
202311110OTT,CGY,stuetti02,Tim StÃ¼tzle,0
202311110OTT,CGY,tarasvl01,Vladimir Tarasenko,0
202311110OTT,CGY,tkachbr01,Brady Tkachuk,0
202311110OTT,CGY,zubar01,Artem Zub,0
202311110OTT,CGY,korpijo01,Joonas Korpisalo,0
