game_id,opponent,player_id,player_name,scored
202310270VEG,VEG,bedarco01,Connor Bedard,1
202310270VEG,VEG,dickija01,Jason Dickinson,0
202310270VEG,VEG,donatry01,Ryan Donato,1
202310270VEG,VEG,entwima01,Mackenzie Entwistle,0
202310270VEG,VEG,foligni01,Nick Foligno,0
202310270VEG,VEG,johnsre01,Reese Johnson,0
202310270VEG,VEG,johnsty01,Tyler Johnson,0
202310270VEG,VEG,jonesse01,Seth Jones,0
202310270VEG,VEG,kaisewy01,Wyatt Kaiser,0
202310270VEG,VEG,katchbo01,Boris Katchouk,0
202310270VEG,VEG,korchke01,Kevin Korchinski,0
202310270VEG,VEG,kurasph01,Philipp Kurashev,1
202310270VEG,VEG,murphco02,Connor Murphy,0
202310270VEG,VEG,perryco01,Corey Perry,0
202310270VEG,VEG,raddyta01,Taylor Raddysh,1
202310270VEG,VEG,reichlu01,Lukas Reichel,0
202310270VEG,VEG,tinorja01,Jarred Tinordi,0
202310270VEG,VEG,vlasial01,Alex Vlasic,0
202310270VEG,VEG,mrazepe01,Petr MrÃ¡zek,0
202310270VEG,CHI,amadimi01,Michael Amadio,0
202310270VEG,CHI,barbaiv01,Ivan Barbashev,0
202310270VEG,CHI,carriwi01,William Carrier,0
202310270VEG,CHI,cottepa01,Paul Cotter,0
202310270VEG,CHI,dorofpa01,Pavel Dorofeyev,1
202310270VEG,CHI,eicheja01,Jack Eichel,0
202310270VEG,CHI,hagueni01,Nicolas Hague,0
202310270VEG,CHI,howdebr01,Brett Howden,0
202310270VEG,CHI,karlswi01,William Karlsson,1
202310270VEG,CHI,koleske01,Keegan Kolesar,0
202310270VEG,CHI,korczka01,Kaedan Korczak,0
202310270VEG,CHI,audymjo01,Jonathan Marchessault,0
202310270VEG,CHI,martial01,Alec Martinez,0
202310270VEG,CHI,mcnabbr01,Brayden McNabb,0
202310270VEG,CHI,pietral01,Alex Pietrangelo,0
202310270VEG,CHI,stephch02,Chandler Stephenson,0
202310270VEG,CHI,stonema01,Mark Stone,0
202310270VEG,CHI,theodsh01,Shea Theodore,1
202310270VEG,CHI,hillad01,Adin Hill,0
