game_id,opponent,player_id,player_name,scored
202310110VAN,VAN,bouchev01,Evan Bouchard,0
202310110VAN,VAN,brobeph01,Philip Broberg,0
202310110VAN,VAN,brownco02,Connor Brown,0
202310110VAN,VAN,cecico01,Cody Ceci,0
202310110VAN,VAN,deshavi01,Vincent Desharnais,0
202310110VAN,VAN,draisle01,Leon Draisaitl,1
202310110VAN,VAN,foegewa01,Warren Foegele,0
202310110VAN,VAN,hollody01,Dylan Holloway,0
202310110VAN,VAN,hymanza01,Zach Hyman,0
202310110VAN,VAN,janmama02,Mattias Janmark,0
202310110VAN,VAN,kaneev01,Evander Kane,0
202310110VAN,VAN,kulakbr01,Brett Kulak,0
202310110VAN,VAN,mcdavco01,Connor McDavid,0
202310110VAN,VAN,mcleory01,Ryan McLeod,0
202310110VAN,VAN,nugenry01,Ryan Nugent-Hopkins,0
202310110VAN,VAN,nurseda01,Darnell Nurse,0
202310110VAN,VAN,ryande01,Derek Ryan,0
202310110VAN,VAN,campbja01,Jack Campbell,0
202310110VAN,VAN,skinnst01,Stuart Skinner,0
202310110VAN,EDM,beauvan01,Anthony Beauvillier,0
202310110VAN,EDM,boesebr01,Brock Boeser,1
202310110VAN,EDM,coleia01,Ian Cole,0
202310110VAN,EDM,digiuph01,Phillip Di Giuseppe,0
202310110VAN,EDM,garlaco01,Conor Garland,1
202310110VAN,EDM,hirosak01,Akito Hirose,0
202310110VAN,EDM,hoglani01,Nils HÃ¶glander,0
202310110VAN,EDM,hronefi01,Filip Hronek,0
202310110VAN,EDM,hughequ01,Quinn Hughes,0
202310110VAN,EDM,joshuda01,Dakota Joshua,1
202310110VAN,EDM,juulsno01,Noah Juulsen,0
202310110VAN,EDM,kuzmean01,Andrei Kuzmenko,0
202310110VAN,EDM,laffesa01,Sam Lafferty,0
202310110VAN,EDM,millejt01,J.T. Miller,1
202310110VAN,EDM,myersty01,Tyler Myers,0
202310110VAN,EDM,petteel01,Elias Pettersson,1
202310110VAN,EDM,suterpi01,Pius Suter,0
202310110VAN,EDM,demkoth01,Thatcher Demko,0
202310110VAN,EDM,desmica01,Casey DeSmith,0
