game_id,opponent,player_id,player_name,scored
202310240OTT,OTT,bensoza01,Zach Benson,0
202310240OTT,OTT,cliftco01,Connor Clifton,0
202310240OTT,OTT,cozendy01,Dylan Cozens,0
202310240OTT,OTT,dahlira01,Rasmus Dahlin,0
202310240OTT,OTT,girgeze01,Zemgus Girgensons,1
202310240OTT,OTT,greenjo02,Jordan Greenway,0
202310240OTT,OTT,johnser01,Erik Johnson,0
202310240OTT,OTT,jokihhe01,Henri Jokiharju,0
202310240OTT,OTT,krebspe01,Peyton Krebs,0
202310240OTT,OTT,mitteca01,Casey Mittelstadt,0
202310240OTT,OTT,okposky01,Kyle Okposo,0
202310240OTT,OTT,olofsvi01,Victor Olofsson,0
202310240OTT,OTT,peterjo01,John-Jason Peterka,0
202310240OTT,OTT,powerow01,Owen Power,0
202310240OTT,OTT,samuema02,Mattias Samuelsson,0
202310240OTT,OTT,skinnje01,Jeff Skinner,1
202310240OTT,OTT,thompta01,Tage Thompson,1
202310240OTT,OTT,tuchal01,Alex Tuch,1
202310240OTT,OTT,luukkuk01,Ukko-Pekka Luukkonen,0
202310240OTT,BUF,bathedr01,Drake Batherson,0
202310240OTT,BUF,bernaja01,Jacob Bernard-Docker,0
202310240OTT,BUF,branner01,Erik BrÃ¤nnstrÃ¶m,0
202310240OTT,BUF,chaboth01,Thomas Chabot,0
202310240OTT,BUF,chartro01,Rourke Chartier,0
202310240OTT,BUF,chychja01,Jakob Chychrun,1
202310240OTT,BUF,giroucl01,Claude Giroux,0
202310240OTT,BUF,greigri01,Ridly Greig,0
202310240OTT,BUF,hamontr01,Travis Hamonic,0
202310240OTT,BUF,josepma01,Mathieu Joseph,1
202310240OTT,BUF,kastema01,Mark Kastelic,0
202310240OTT,BUF,kellypa01,Parker Kelly,0
202310240OTT,BUF,kubaldo01,Dominik KubalÃ­k,0
202310240OTT,BUF,norrijo01,Joshua Norris,1
202310240OTT,BUF,sandeja01,Jake Sanderson,0
202310240OTT,BUF,stuetti02,Tim StÃ¼tzle,0
202310240OTT,BUF,tarasvl01,Vladimir Tarasenko,1
202310240OTT,BUF,tkachbr01,Brady Tkachuk,0
202310240OTT,BUF,forsban01,Anton Forsberg,0
202310240OTT,BUF,korpijo01,Joonas Korpisalo,0
