game_id,opponent,player_id,player_name,scored
202310300PHI,PHI,ahose01,Sebastian Aho,0
202310300PHI,PHI,buntimi01,Michael Bunting,1
202310300PHI,PHI,burnsbr01,Brent Burns,0
202310300PHI,PHI,chatfja01,Jalen Chatfield,0
202310300PHI,PHI,deangan01,Tony DeAngelo,0
202310300PHI,PHI,druryja01,Jack Drury,0
202310300PHI,PHI,fastje01,Jesper Fast,0
202310300PHI,PHI,jarvise01,Seth Jarvis,0
202310300PHI,PHI,kotkaje01,Jesperi Kotkaniemi,0
202310300PHI,PHI,martijo01,Jordan Martinook,0
202310300PHI,PHI,necasma01,Martin NeÄas,0
202310300PHI,PHI,noesest01,Stefan Noesen,1
202310300PHI,PHI,orlovdm01,Dmitry Orlov,0
202310300PHI,PHI,skjeibr01,Brady Skjei,0
202310300PHI,PHI,slavija01,Jaccob Slavin,0
202310300PHI,PHI,staaljo01,Jordan Staal,0
202310300PHI,PHI,svechan01,Andrei Svechnikov,0
202310300PHI,PHI,teravte01,Teuvo TerÃ¤vÃ¤inen,1
202310300PHI,PHI,anderfr01,Frederik Andersen,0
202310300PHI,CAR,atkinca01,Cam Atkinson,0
202310300PHI,CAR,belpelo01,Louis Belpedio,0
202310300PHI,CAR,brinkbo01,Bobby Brink,0
202310300PHI,CAR,catesno01,Noah Cates,0
202310300PHI,CAR,coutuse01,Sean Couturier,0
202310300PHI,CAR,deslani01,Nicolas Deslauriers,0
202310300PHI,CAR,farabjo01,Joel Farabee,0
202310300PHI,CAR,foersty01,Tyson Foerster,0
202310300PHI,CAR,frostmo01,Morgan Frost,0
202310300PHI,CAR,hathaga01,Garnet Hathaway,1
202310300PHI,CAR,konectr01,Travis Konecny,0
202310300PHI,CAR,laughsc01,Scott Laughton,0
202310300PHI,CAR,sanhetr01,Travis Sanheim,0
202310300PHI,CAR,seeleni01,Nick Seeler,0
202310300PHI,CAR,tippeow01,Owen Tippett,1
202310300PHI,CAR,walkese01,Sean Walker,0
202310300PHI,CAR,yorkca01,Cameron York,0
202310300PHI,CAR,zamulye01,Yegor Zamula,0
202310300PHI,CAR,hartca01,Carter Hart,0
