game_id,opponent,player_id,player_name,scored
202311040SJS,SJS,acciano01,Noel Acciari,0
202311040SJS,SJS,crosbsi01,Sidney Crosby,0
202311040SJS,SJS,ellerla01,Lars Eller,0
202311040SJS,SJS,gravery01,Ryan Graves,0
202311040SJS,SJS,guentja01,Jake Guentzel,1
202311040SJS,SJS,hinosvi01,Vinnie Hinostroza,1
202311040SJS,SJS,joseppi01,Pierre-Olivier Joseph,0
202311040SJS,SJS,karlser01,Erik Karlsson,0
202311040SJS,SJS,letankr01,Kris Letang,1
202311040SJS,SJS,malkiev01,Evgeni Malkin,1
202311040SJS,SJS,nietoma01,Matthew Nieto,1
202311040SJS,SJS,oconndr01,Drew O'Connor,0
202311040SJS,SJS,pettema01,Marcus Pettersson,0
202311040SJS,SJS,rakelri01,Rickard Rakell,0
202311040SJS,SJS,rustbr01,Bryan Rust,1
202311040SJS,SJS,sheary01,Ryan Shea,0
202311040SJS,SJS,smithre01,Reilly Smith,1
202311040SJS,SJS,zohorra01,Radim Zohorna,0
202311040SJS,SJS,jarrytr01,Tristan Jarry,0
202311040SJS,PIT,burroky01,Kyle Burroughs,0
202311040SJS,PIT,carpery01,Ryan Carpenter,0
202311040SJS,PIT,duclaan01,Anthony Duclair,1
202311040SJS,PIT,eklunwi01,William Eklund,0
202311040SJS,PIT,ferrama01,Mario Ferraro,0
202311040SJS,PIT,granlmi01,Mikael Granlund,0
202311040SJS,PIT,hertlto01,TomÃ¡Å¡ Hertl,0
202311040SJS,PIT,hoffmmi02,Mike Hoffman,0
202311040SJS,PIT,knyzhni01,Nikolai Knyzhov,0
202311040SJS,PIT,kuninlu01,Luke Kunin,0
202311040SJS,PIT,macdoja02,Jacob MacDonald,1
202311040SJS,PIT,okhotni01,Nikita Okhotyuk,0
202311040SJS,PIT,ruttaja02,Jan Rutta,0
202311040SJS,PIT,smithgi01,Givani Smith,0
202311040SJS,PIT,sturmni01,Nico Sturm,0
202311040SJS,PIT,vlasima01,Marc-Ãdouard Vlasic,0
202311040SJS,PIT,zadinfi01,Filip Zadina,0
202311040SJS,PIT,zettefa01,Fabian Zetterlund,0
202311040SJS,PIT,blackma01,Mackenzie Blackwood,0
202311040SJS,PIT,chronma01,Magnus Chrona,0
