game_id,opponent,player_id,player_name,scored
202311130SEA,SEA,byrambo01,Bowen Byram,0
202311130SEA,SEA,coltoro01,Ross Colton,1
202311130SEA,SEA,drouijo01,Jonathan Drouin,1
202311130SEA,SEA,johanry01,Ryan Johansen,0
202311130SEA,SEA,johnsja02,Jack Johnson,0
202311130SEA,SEA,jonesca01,Caleb Jones,0
202311130SEA,SEA,kivirjo01,Joel Kiviranta,0
202311130SEA,SEA,macdeku01,Kurtis MacDermid,0
202311130SEA,SEA,mackina01,Nathan MacKinnon,0
202311130SEA,SEA,makarca01,Cale Makar,1
202311130SEA,SEA,malinsa01,Sam Malinski,0
202311130SEA,SEA,nichuva01,Valeri Nichushkin,1
202311130SEA,SEA,oconnlo01,Logan O'Connor,0
202311130SEA,SEA,olofsfr01,Fredrik Olofsson,0
202311130SEA,SEA,rantami01,Mikko Rantanen,1
202311130SEA,SEA,tatarto01,TomÃ¡Å¡ Tatar,0
202311130SEA,SEA,toewsde01,Devon Toews,0
202311130SEA,SEA,woodmi01,Miles Wood,0
202311130SEA,SEA,georgal01,Alexandar Georgiev,0
202311130SEA,COL,beniema01,Matthew Beniers,0
202311130SEA,COL,bjorkol01,Oliver Bjorkstrand,0
202311130SEA,COL,borgewi01,William Borgen,0
202311130SEA,COL,dumoubr01,Brian Dumoulin,0
202311130SEA,COL,dunnvi02,Vince Dunn,0
202311130SEA,COL,gourdya01,Yanni Gourde,0
202311130SEA,COL,kartyty01,Tye Kartye,0
202311130SEA,COL,larssad01,Adam Larsson,0
202311130SEA,COL,mccanja01,Jared McCann,0
202311130SEA,COL,oleksja01,Jamie Oleksiak,0
202311130SEA,COL,schulju01,Justin Schultz,0
202311130SEA,COL,schwaja01,Jaden Schwartz,0
202311130SEA,COL,tanevbr01,Brandon Tanev,1
202311130SEA,COL,tolvaee01,Eeli Tolvanen,0
202311130SEA,COL,wennbal01,Alexander Wennberg,0
202311130SEA,COL,wintery01,Ryan Winterton,0
202311130SEA,COL,wrighsh01,Shane Wright,0
202311130SEA,COL,yamamka01,Kailer Yamamoto,0
202311130SEA,COL,daccojo01,Joey Daccord,0
