game_id,opponent,player_id,player_name,scored
202311140WSH,WSH,amadimi01,Michael Amadio,0
202311140WSH,WSH,barbaiv01,Ivan Barbashev,0
202311140WSH,WSH,carriwi01,William Carrier,0
202311140WSH,WSH,cottepa01,Paul Cotter,0
202311140WSH,WSH,dorofpa01,Pavel Dorofeyev,0
202311140WSH,WSH,eicheja01,Jack Eichel,0
202311140WSH,WSH,howdebr01,Brett Howden,0
202311140WSH,WSH,huttobe01,Ben Hutton,0
202311140WSH,WSH,karlswi01,William Karlsson,0
202311140WSH,WSH,koleske01,Keegan Kolesar,0
202311140WSH,WSH,audymjo01,Jonathan Marchessault,0
202311140WSH,WSH,martial01,Alec Martinez,0
202311140WSH,WSH,mcnabbr01,Brayden McNabb,0
202311140WSH,WSH,pietral01,Alex Pietrangelo,0
202311140WSH,WSH,rondbjo01,Jonas RÃ¸ndbjerg,0
202311140WSH,WSH,stonema01,Mark Stone,0
202311140WSH,WSH,theodsh01,Shea Theodore,0
202311140WSH,WSH,whiteza01,Zach Whitecloud,0
202311140WSH,WSH,thomplo01,Logan Thompson,0
202311140WSH,VEG,alexeal01,Alexander Alexeyev,0
202311140WSH,VEG,aubekni01,Nicolas AubÃ©-Kubel,0
202311140WSH,VEG,carlsjo01,John Carlson,0
202311140WSH,VEG,dowdni01,Nic Dowd,0
202311140WSH,VEG,jenseni02,Nick Jensen,0
202311140WSH,VEG,johanlu01,Lucas Johansen,0
202311140WSH,VEG,kuzneev01,Evgeny Kuznetsov,0
202311140WSH,VEG,malenbe01,Beck Malenstyn,1
202311140WSH,VEG,mcilrdy01,Dylan McIlrath,0
202311140WSH,VEG,mcmicco01,Connor McMichael,1
202311140WSH,VEG,milanso01,Sonny Milano,0
202311140WSH,VEG,oshietj01,T.J. Oshie,0
202311140WSH,VEG,ovechal01,Alex Ovechkin,0
202311140WSH,VEG,phillma01,Matthew Phillips,0
202311140WSH,VEG,protaal01,Aliaksei Protas,0
202311140WSH,VEG,sandira01,Rasmus Sandin,0
202311140WSH,VEG,stromdy01,Dylan Strome,1
202311140WSH,VEG,wilsoto01,Tom Wilson,0
202311140WSH,VEG,lindgch01,Charlie Lindgren,0
