game_id,opponent,player_id,player_name,scored
202310280MTL,MTL,applema01,Mason Appleton,0
202310280MTL,MTL,barromo01,Morgan Barron,0
202310280MTL,MTL,connoky01,Kyle Connor,0
202310280MTL,MTL,demeldy01,Dylan DeMelo,0
202310280MTL,MTL,dillobr01,Brenden Dillon,0
202310280MTL,MTL,ehlerni01,Nikolaj Ehlers,0
202310280MTL,MTL,gustada01,David Gustafsson,0
202310280MTL,MTL,iafalal01,Alex Iafallo,0
202310280MTL,MTL,kuparra01,Rasmus Kupari,0
202310280MTL,MTL,lowryad01,Adam Lowry,1
202310280MTL,MTL,morrijo04,Josh Morrissey,0
202310280MTL,MTL,namesvl01,Vladislav Namestnikov,0
202310280MTL,MTL,niedeni01,Nino Niederreiter,1
202310280MTL,MTL,perfeco01,Cole Perfetti,0
202310280MTL,MTL,pionkne01,Neal Pionk,0
202310280MTL,MTL,sambedy01,Dylan Samberg,0
202310280MTL,MTL,scheima01,Mark Scheifele,0
202310280MTL,MTL,schmina01,Nate Schmidt,0
202310280MTL,MTL,brossla01,Laurent Brossoit,0
202310280MTL,WPG,anderjo05,Josh Anderson,0
202310280MTL,WPG,armiajo01,Joel Armia,1
202310280MTL,WPG,barroju01,Justin Barron,1
202310280MTL,WPG,caufico01,Cole Caufield,0
202310280MTL,WPG,evansja02,Jake Evans,0
202310280MTL,WPG,gallabr01,Brendan Gallagher,0
202310280MTL,WPG,guhleka01,Kaiden Guhle,0
202310280MTL,WPG,harrijo01,Jordan Harris,0
202310280MTL,WPG,harvera01,RafaÃ«l Harvey-Pinard,0
202310280MTL,WPG,kovacjo01,Johnathan Kovacevic,0
202310280MTL,WPG,mathemi01,Mike Matheson,0
202310280MTL,WPG,monahse01,Sean Monahan,1
202310280MTL,WPG,newhoal01,Alex Newhook,0
202310280MTL,WPG,pearsta01,Tanner Pearson,0
202310280MTL,WPG,pezzemi01,Michael Pezzetta,0
202310280MTL,WPG,slafkju01,Juraj Slafkovsky,0
202310280MTL,WPG,suzukni01,Nick Suzuki,0
202310280MTL,WPG,xhekaar01,Arber Xhekaj,0
202310280MTL,WPG,allenja01,Jake Allen,0
