game_id,opponent,player_id,player_name,scored
202311120MIN,MIN,bennja01,Jamie Benn,0
202311120MIN,MIN,dadonev01,Evgenii Dadonov,1
202311120MIN,MIN,duchema01,Matt Duchene,1
202311120MIN,MIN,faksara01,Radek Faksa,1
202311120MIN,MIN,hakanja01,Jani HakanpÃ¤Ã¤,0
202311120MIN,MIN,harleth01,Thomas Harley,0
202311120MIN,MIN,heiskmi01,Miro Heiskanen,0
202311120MIN,MIN,hintzro01,Roope Hintz,0
202311120MIN,MIN,johnswy01,Wyatt Johnston,1
202311120MIN,MIN,lindees01,Esa Lindell,0
202311120MIN,MIN,lundkni01,Nils Lundkvist,0
202311120MIN,MIN,marchma01,Mason Marchment,0
202311120MIN,MIN,paveljo01,Joe Pavelski,1
202311120MIN,MIN,roberja01,Jason Robertson,1
202311120MIN,MIN,seguity01,Tyler Seguin,0
202311120MIN,MIN,smithcr01,Craig Smith,0
202311120MIN,MIN,steelsa01,Sam Steel,0
202311120MIN,MIN,suterry01,Ryan Suter,0
202311120MIN,MIN,oettija01,Jake Oettinger,0
202311120MIN,DAL,bogosza01,Zach Bogosian,0
202311120MIN,DAL,boldyma01,Matt Boldy,0
202311120MIN,DAL,brodijo01,Jonas Brodin,0
202311120MIN,DAL,dewarco01,Connor Dewar,0
202311120MIN,DAL,duhaibr01,Brandon Duhaime,1
202311120MIN,DAL,eriksjo02,Joel Eriksson Ek,0
202311120MIN,DAL,faberbr01,Brock Faber,0
202311120MIN,DAL,foligma01,Marcus Foligno,0
202311120MIN,DAL,hartmry01,Ryan Hartman,0
202311120MIN,DAL,johanma03,Marcus Johansson,0
202311120MIN,DAL,kapriki01,Kirill Kaprizov,0
202311120MIN,DAL,lettivi01,Vinni Lettieri,1
202311120MIN,DAL,maroopa01,Pat Maroon,0
202311120MIN,DAL,mermida01,Dakota Mermis,0
202311120MIN,DAL,middlja01,Jacob Middleton,0
202311120MIN,DAL,rossima01,Marco Rossi,0
202311120MIN,DAL,spurgja01,Jared Spurgeon,0
202311120MIN,DAL,zuccama01,Mats Zuccarello,1
202311120MIN,DAL,fleurma01,Marc-AndrÃ© Fleury,0
