game_id,opponent,player_id,player_name,scored
202311090BOS,BOS,ahose02,Sebastian Aho,0
202311090BOS,BOS,barzama01,Mathew Barzal,0
202311090BOS,BOS,boldusa01,Samuel Bolduc,0
202311090BOS,BOS,cizikca01,Casey Cizikas,0
202311090BOS,BOS,cluttca01,Cal Clutterbuck,0
202311090BOS,BOS,dobsono01,Noah Dobson,0
202311090BOS,BOS,faschhu01,Hudson Fasching,0
202311090BOS,BOS,holmssi01,Simon HolmstrÃ¶m,1
202311090BOS,BOS,horvabo01,Bo Horvat,0
202311090BOS,BOS,leean01,Anders Lee,0
202311090BOS,BOS,martima02,Matt Martin,0
202311090BOS,BOS,mayfisc01,Scott Mayfield,0
202311090BOS,BOS,nelsobr01,Brock Nelson,1
202311090BOS,BOS,pageaje01,Jean-Gabriel Pageau,0
202311090BOS,BOS,palmiky01,Kyle Palmieri,0
202311090BOS,BOS,pulocry01,Ryan Pulock,0
202311090BOS,BOS,romanal01,Alexander Romanov,0
202311090BOS,BOS,wahlsol01,Oliver Wahlstrom,0
202311090BOS,BOS,sorokil01,Ilya Sorokin,0
202311090BOS,NYI,beechjo01,John Beecher,0
202311090BOS,NYI,brownpa02,Patrick Brown,0
202311090BOS,NYI,carlobr01,Brandon Carlo,0
202311090BOS,NYI,coylech01,Charlie Coyle,1
202311090BOS,NYI,debruja01,Jake DeBrusk,0
202311090BOS,NYI,forbode01,Derek Forbort,0
202311090BOS,NYI,fredetr01,Trent Frederic,1
202311090BOS,NYI,heineda01,Danton Heinen,0
202311090BOS,NYI,lindhha01,Hampus Lindholm,0
202311090BOS,NYI,lohrema01,Mason Lohrei,0
202311090BOS,NYI,marchbr03,Brad Marchand,0
202311090BOS,NYI,mitchia01,Ian Mitchell,0
202311090BOS,NYI,pastrda01,David PastrÅÃ¡k,1
202311090BOS,NYI,poitrma01,Matthew Poitras,0
202311090BOS,NYI,shattke01,Kevin Shattenkirk,0
202311090BOS,NYI,steenos01,Oskar Steen,0
202311090BOS,NYI,vanrija01,James van Riemsdyk,0
202311090BOS,NYI,zachapa01,Pavel Zacha,0
202311090BOS,NYI,ullmali01,Linus Ullmark,0
