game_id,opponent,player_id,player_name,scored
202310140WPG,WPG,balinuv01,Uvis Balinskis,0
202310140WPG,WPG,barkoal01,Aleksander Barkov,0
202310140WPG,WPG,cousini01,Nick Cousins,0
202310140WPG,WPG,ekmanol01,Oliver Ekman-Larsson,0
202310140WPG,WPG,forslgu02,Gustav Forsling,0
202310140WPG,WPG,kulikdm01,Dmitry Kulikov,0
202310140WPG,WPG,lombery01,Ryan Lomberg,0
202310140WPG,WPG,lorenst01,Steven Lorentz,0
202310140WPG,WPG,lundean01,Anton Lundell,0
202310140WPG,WPG,luostee01,Eetu Luostarinen,0
202310140WPG,WPG,mahurjo01,Josh Mahura,0
202310140WPG,WPG,mikkoni01,Niko Mikkola,0
202310140WPG,WPG,reinhsa01,Sam Reinhart,1
202310140WPG,WPG,rodriev01,Evan Rodrigues,1
202310140WPG,WPG,samosma01,Mackie Samoskevich,0
202310140WPG,WPG,stenlke01,Kevin Stenlund,0
202310140WPG,WPG,tkachma01,Matthew Tkachuk,0
202310140WPG,WPG,verhaca01,Carter Verhaeghe,1
202310140WPG,WPG,bobrose01,Sergei Bobrovsky,0
202310140WPG,FLA,applema01,Mason Appleton,1
202310140WPG,FLA,barromo01,Morgan Barron,1
202310140WPG,FLA,connoky01,Kyle Connor,1
202310140WPG,FLA,demeldy01,Dylan DeMelo,1
202310140WPG,FLA,dillobr01,Brenden Dillon,0
202310140WPG,FLA,ehlerni01,Nikolaj Ehlers,0
202310140WPG,FLA,iafalal01,Alex Iafallo,0
202310140WPG,FLA,kuparra01,Rasmus Kupari,0
202310140WPG,FLA,lowryad01,Adam Lowry,0
202310140WPG,FLA,morrijo04,Josh Morrissey,0
202310140WPG,FLA,namesvl01,Vladislav Namestnikov,0
202310140WPG,FLA,niedeni01,Nino Niederreiter,0
202310140WPG,FLA,perfeco01,Cole Perfetti,0
202310140WPG,FLA,pionkne01,Neal Pionk,0
202310140WPG,FLA,sambedy01,Dylan Samberg,0
202310140WPG,FLA,scheima01,Mark Scheifele,1
202310140WPG,FLA,schmina01,Nate Schmidt,0
202310140WPG,FLA,vilarga01,Gabriel Vilardi,0
202310140WPG,FLA,helleco01,Connor Hellebuyck,0
