game_id,opponent,player_id,player_name,scored
202310240FLA,FLA,barabal01,Alexander Barabanov,0
202310240FLA,FLA,bennima01,Matt Benning,0
202310240FLA,FLA,bordeth01,Thomas Bordeleau,0
202310240FLA,FLA,burroky01,Kyle Burroughs,0
202310240FLA,FLA,duclaan01,Anthony Duclair,0
202310240FLA,FLA,eklunwi01,William Eklund,0
202310240FLA,FLA,emberty01,Ty Emberson,0
202310240FLA,FLA,ferrama01,Mario Ferraro,0
202310240FLA,FLA,hertlto01,TomÃ¡Å¡ Hertl,0
202310240FLA,FLA,hoffmmi02,Mike Hoffman,0
202310240FLA,FLA,knyzhni01,Nikolai Knyzhov,0
202310240FLA,FLA,kuninlu01,Luke Kunin,0
202310240FLA,FLA,labanke01,Kevin Labanc,0
202310240FLA,FLA,peterja01,Jacob Peterson,0
202310240FLA,FLA,ruttaja02,Jan Rutta,0
202310240FLA,FLA,sturmni01,Nico Sturm,0
202310240FLA,FLA,zadinfi01,Filip Zadina,0
202310240FLA,FLA,zettefa01,Fabian Zetterlund,1
202310240FLA,FLA,blackma01,Mackenzie Blackwood,0
202310240FLA,SJS,balinuv01,Uvis Balinskis,0
202310240FLA,SJS,cousini01,Nick Cousins,0
202310240FLA,SJS,ekmanol01,Oliver Ekman-Larsson,0
202310240FLA,SJS,forslgu02,Gustav Forsling,0
202310240FLA,SJS,kulikdm01,Dmitry Kulikov,0
202310240FLA,SJS,lockwwi01,William Lockwood,0
202310240FLA,SJS,lombery01,Ryan Lomberg,0
202310240FLA,SJS,lorenst01,Steven Lorentz,0
202310240FLA,SJS,lundean01,Anton Lundell,0
202310240FLA,SJS,luostee01,Eetu Luostarinen,0
202310240FLA,SJS,mahurjo01,Josh Mahura,0
202310240FLA,SJS,mikkoni01,Niko Mikkola,0
202310240FLA,SJS,reinhsa01,Sam Reinhart,1
202310240FLA,SJS,rodriev01,Evan Rodrigues,0
202310240FLA,SJS,samosma01,Mackie Samoskevich,0
202310240FLA,SJS,stenlke01,Kevin Stenlund,1
202310240FLA,SJS,tkachma01,Matthew Tkachuk,0
202310240FLA,SJS,verhaca01,Carter Verhaeghe,1
202310240FLA,SJS,stolaan01,Anthony Stolarz,0
