game_id,opponent,player_id,player_name,scored
202311040MIN,MIN,boninni01,Nick Bonino,0
202311040MIN,MIN,brodzjo01,Jonny Brodzinski,0
202311040MIN,MIN,cuyllwi01,William Cuylle,0
202311040MIN,MIN,gustaer02,Erik Gustafsson,1
202311040MIN,MIN,jonesza01,Zachary Jones,0
202311040MIN,MIN,kakkoka01,Kaapo Kakko,0
202311040MIN,MIN,kreidch01,Chris Kreider,1
202311040MIN,MIN,lafreal01,Alexis LafreniÃ¨re,0
202311040MIN,MIN,lindgry01,Ryan Lindgren,0
202311040MIN,MIN,milleka01,K'Andre Miller,0
202311040MIN,MIN,panarar01,Artemi Panarin,1
202311040MIN,MIN,pitlity01,Tyler Pitlick,0
202311040MIN,MIN,schnebr01,Braden Schneider,0
202311040MIN,MIN,trochvi01,Vincent Trocheck,0
202311040MIN,MIN,troubja01,Jacob Trouba,0
202311040MIN,MIN,veseyji02,Jimmy Vesey,1
202311040MIN,MIN,wheelbl01,Blake Wheeler,0
202311040MIN,MIN,zibanmi01,Mika Zibanejad,0
202311040MIN,MIN,quickjo01,Jonathan Quick,0
202311040MIN,NYR,addisca01,Calen Addison,0
202311040MIN,NYR,boldyma01,Matt Boldy,0
202311040MIN,NYR,brodijo01,Jonas Brodin,0
202311040MIN,NYR,dewarco01,Connor Dewar,0
202311040MIN,NYR,duhaibr01,Brandon Duhaime,0
202311040MIN,NYR,eriksjo02,Joel Eriksson Ek,1
202311040MIN,NYR,faberbr01,Brock Faber,0
202311040MIN,NYR,foligma01,Marcus Foligno,0
202311040MIN,NYR,hartmry01,Ryan Hartman,1
202311040MIN,NYR,huntda01,Daemon Hunt,0
202311040MIN,NYR,johanma03,Marcus Johansson,0
202311040MIN,NYR,kapriki01,Kirill Kaprizov,0
202311040MIN,NYR,lettivi01,Vinni Lettieri,0
202311040MIN,NYR,maroopa01,Pat Maroon,0
202311040MIN,NYR,mermida01,Dakota Mermis,0
202311040MIN,NYR,middlja01,Jacob Middleton,0
202311040MIN,NYR,rossima01,Marco Rossi,1
202311040MIN,NYR,zuccama01,Mats Zuccarello,1
202311040MIN,NYR,fleurma01,Marc-AndrÃ© Fleury,0
202311040MIN,NYR,gustafi01,Filip Gustavsson,0
