game_id,opponent,player_id,player_name,scored
202312200WPG,WPG,chiarbe01,Ben Chiarot,0
202312200WPG,WPG,comphj.01,J.T. Compher,0
202312200WPG,WPG,coppan01,Andrew Copp,0
202312200WPG,WPG,czarnau01,Austin Czarnik,0
202312200WPG,WPG,debrial01,Alex DeBrincat,0
202312200WPG,WPG,fabbrro01,Robby Fabbri,0
202312200WPG,WPG,fischch01,Christian Fischer,0
202312200WPG,WPG,gostish01,Shayne Gostisbehere,0
202312200WPG,WPG,kanepa01,Patrick Kane,1
202312200WPG,WPG,larkidy01,Dylan Larkin,0
202312200WPG,WPG,maattol01,Olli MÃ¤Ã¤ttÃ¤,1
202312200WPG,WPG,petryje01,Jeff Petry,0
202312200WPG,WPG,rasmumi01,Michael Rasmussen,0
202312200WPG,WPG,raymolu01,Lucas Raymond,0
202312200WPG,WPG,seidemo01,Moritz Seider,0
202312200WPG,WPG,spronda01,Daniel Sprong,0
202312200WPG,WPG,velenjo01,Joe Veleno,0
202312200WPG,WPG,walmaja01,Jake Walman,0
202312200WPG,WPG,reimeja01,James Reimer,0
202312200WPG,DET,applema01,Mason Appleton,0
202312200WPG,DET,barromo01,Morgan Barron,0
202312200WPG,DET,demeldy01,Dylan DeMelo,0
202312200WPG,DET,dillobr01,Brenden Dillon,0
202312200WPG,DET,ehlerni01,Nikolaj Ehlers,1
202312200WPG,DET,gustada01,David Gustafsson,0
202312200WPG,DET,iafalal01,Alex Iafallo,0
202312200WPG,DET,jonssax01,Axel Jonsson-FjÃ¤llby,1
202312200WPG,DET,lowryad01,Adam Lowry,0
202312200WPG,DET,morrijo04,Josh Morrissey,0
202312200WPG,DET,namesvl01,Vladislav Namestnikov,0
202312200WPG,DET,niedeni01,Nino Niederreiter,0
202312200WPG,DET,perfeco01,Cole Perfetti,0
202312200WPG,DET,pionkne01,Neal Pionk,1
202312200WPG,DET,sambedy01,Dylan Samberg,0
202312200WPG,DET,scheima01,Mark Scheifele,1
202312200WPG,DET,schmina01,Nate Schmidt,0
202312200WPG,DET,vilarga01,Gabriel Vilardi,1
202312200WPG,DET,brossla01,Laurent Brossoit,0
