game_id,opponent,player_id,player_name,scored
202311300TBL,TBL,acciano01,Noel Acciari,0
202311300TBL,TBL,carteje01,Jeff Carter,1
202311300TBL,TBL,crosbsi01,Sidney Crosby,1
202311300TBL,TBL,ellerla01,Lars Eller,0
202311300TBL,TBL,gravery01,Ryan Graves,0
202311300TBL,TBL,guentja01,Jake Guentzel,0
202311300TBL,TBL,harkija01,Jansen Harkins,0
202311300TBL,TBL,karlser01,Erik Karlsson,0
202311300TBL,TBL,letankr01,Kris Letang,0
202311300TBL,TBL,ludvijo01,John Ludvig,0
202311300TBL,TBL,malkiev01,Evgeni Malkin,0
202311300TBL,TBL,nietoma01,Matthew Nieto,0
202311300TBL,TBL,oconndr01,Drew O'Connor,1
202311300TBL,TBL,pettema01,Marcus Pettersson,0
202311300TBL,TBL,rustbr01,Bryan Rust,0
202311300TBL,TBL,sheary01,Ryan Shea,0
202311300TBL,TBL,smithre01,Reilly Smith,0
202311300TBL,TBL,zohorra01,Radim Zohorna,0
202311300TBL,TBL,jarrytr01,Tristan Jarry,1
202311300TBL,PIT,barreal01,Alex BarrÃ©-Boulet,0
202311300TBL,PIT,cernaer01,Erik ÄernÃ¡k,0
202311300TBL,PIT,cirelan01,Anthony Cirelli,0
202311300TBL,PIT,dehaaca01,Calvin de Haan,0
202311300TBL,PIT,eyssimi01,Michael Eyssimont,0
202311300TBL,PIT,glendlu01,Luke Glendening,0
202311300TBL,PIT,hagelbr01,Brandon Hagel,0
202311300TBL,PIT,hedmavi01,Victor Hedman,0
202311300TBL,PIT,jeannta01,Tanner Jeannot,1
202311300TBL,PIT,koepkco01,Cole Koepke,0
202311300TBL,PIT,kucheni01,Nikita Kucherov,0
202311300TBL,PIT,mottety01,Tyler Motte,0
202311300TBL,PIT,paulni01,Nick Paul,0
202311300TBL,PIT,perbini01,Nicklaus Perbix,0
202311300TBL,PIT,pointbr01,Brayden Point,0
202311300TBL,PIT,raddyda01,Darren Raddysh,0
202311300TBL,PIT,sergami01,Mikhail Sergachev,0
202311300TBL,PIT,stamkst01,Steven Stamkos,1
202311300TBL,PIT,vasilan02,Andrei Vasilevskiy,0
