game_id,opponent,player_id,player_name,scored
202311200TBL,TBL,beechjo01,John Beecher,1
202311200TBL,TBL,carlobr01,Brandon Carlo,0
202311200TBL,TBL,coylech01,Charlie Coyle,1
202311200TBL,TBL,debruja01,Jake DeBrusk,0
202311200TBL,TBL,forbode01,Derek Forbort,0
202311200TBL,TBL,fredetr01,Trent Frederic,0
202311200TBL,TBL,heineda01,Danton Heinen,0
202311200TBL,TBL,laukoja01,Jakub Lauko,0
202311200TBL,TBL,lindhha01,Hampus Lindholm,0
202311200TBL,TBL,lohrema01,Mason Lohrei,0
202311200TBL,TBL,marchbr03,Brad Marchand,0
202311200TBL,TBL,mcavoch01,Charlie McAvoy,0
202311200TBL,TBL,mitchia01,Ian Mitchell,0
202311200TBL,TBL,pastrda01,David PastrÅÃ¡k,1
202311200TBL,TBL,poitrma01,Matthew Poitras,0
202311200TBL,TBL,steenos01,Oskar Steen,0
202311200TBL,TBL,vanrija01,James van Riemsdyk,0
202311200TBL,TBL,zachapa01,Pavel Zacha,1
202311200TBL,TBL,swaymje01,Jeremy Swayman,0
202311200TBL,BOS,cernaer01,Erik ÄernÃ¡k,0
202311200TBL,BOS,cirelan01,Anthony Cirelli,0
202311200TBL,BOS,dehaaca01,Calvin de Haan,0
202311200TBL,BOS,eyssimi01,Michael Eyssimont,0
202311200TBL,BOS,glendlu01,Luke Glendening,0
202311200TBL,BOS,hagelbr01,Brandon Hagel,1
202311200TBL,BOS,hedmavi01,Victor Hedman,0
202311200TBL,BOS,jeannta01,Tanner Jeannot,1
202311200TBL,BOS,koepkco01,Cole Koepke,0
202311200TBL,BOS,kucheni01,Nikita Kucherov,0
202311200TBL,BOS,mottety01,Tyler Motte,0
202311200TBL,BOS,paulni01,Nick Paul,1
202311200TBL,BOS,perbini01,Nicklaus Perbix,0
202311200TBL,BOS,pointbr01,Brayden Point,0
202311200TBL,BOS,raddyda01,Darren Raddysh,0
202311200TBL,BOS,sergami01,Mikhail Sergachev,0
202311200TBL,BOS,stamkst01,Steven Stamkos,1
202311200TBL,BOS,watsoau01,Austin Watson,1
202311200TBL,BOS,johanjo03,Jonas Johansson,0
