game_id,opponent,player_id,player_name,scored
202311280WPG,WPG,bennja01,Jamie Benn,0
202311280WPG,WPG,dadonev01,Evgenii Dadonov,0
202311280WPG,WPG,duchema01,Matt Duchene,0
202311280WPG,WPG,faksara01,Radek Faksa,0
202311280WPG,WPG,hakanja01,Jani HakanpÃ¤Ã¤,0
202311280WPG,WPG,harleth01,Thomas Harley,0
202311280WPG,WPG,heiskmi01,Miro Heiskanen,0
202311280WPG,WPG,hintzro01,Roope Hintz,0
202311280WPG,WPG,johnswy01,Wyatt Johnston,0
202311280WPG,WPG,lindees01,Esa Lindell,0
202311280WPG,WPG,lundkni01,Nils Lundkvist,0
202311280WPG,WPG,marchma01,Mason Marchment,0
202311280WPG,WPG,paveljo01,Joe Pavelski,1
202311280WPG,WPG,roberja01,Jason Robertson,0
202311280WPG,WPG,seguity01,Tyler Seguin,1
202311280WPG,WPG,smithcr01,Craig Smith,0
202311280WPG,WPG,steelsa01,Sam Steel,0
202311280WPG,WPG,suterry01,Ryan Suter,0
202311280WPG,WPG,oettija01,Jake Oettinger,0
202311280WPG,DAL,applema01,Mason Appleton,0
202311280WPG,DAL,barromo01,Morgan Barron,0
202311280WPG,DAL,connoky01,Kyle Connor,0
202311280WPG,DAL,demeldy01,Dylan DeMelo,0
202311280WPG,DAL,dillobr01,Brenden Dillon,0
202311280WPG,DAL,ehlerni01,Nikolaj Ehlers,0
202311280WPG,DAL,gustada01,David Gustafsson,0
202311280WPG,DAL,iafalal01,Alex Iafallo,0
202311280WPG,DAL,jonssax01,Axel Jonsson-FjÃ¤llby,0
202311280WPG,DAL,lowryad01,Adam Lowry,0
202311280WPG,DAL,morrijo04,Josh Morrissey,0
202311280WPG,DAL,namesvl01,Vladislav Namestnikov,0
202311280WPG,DAL,niedeni01,Nino Niederreiter,0
202311280WPG,DAL,perfeco01,Cole Perfetti,0
202311280WPG,DAL,pionkne01,Neal Pionk,0
202311280WPG,DAL,sambedy01,Dylan Samberg,0
202311280WPG,DAL,scheima01,Mark Scheifele,0
202311280WPG,DAL,schmina01,Nate Schmidt,0
202311280WPG,DAL,helleco01,Connor Hellebuyck,0
