game_id,opponent,player_id,player_name,scored
202311040WSH,WSH,beanja01,Jake Bean,0
202311040WSH,WSH,bemstem01,Emil BemstrÃ¶m,0
202311040WSH,WSH,chinaye01,Yegor Chinakhov,0
202311040WSH,WSH,danfoju01,Justin Danforth,0
202311040WSH,WSH,fantiad01,Adam Fantilli,0
202311040WSH,WSH,gaudrjo01,Johnny Gaudreau,0
202311040WSH,WSH,gudbrer01,Erik Gudbranson,0
202311040WSH,WSH,jennebo01,Boone Jenner,0
202311040WSH,WSH,jiricda01,David JiÅÃ­Äek,0
202311040WSH,WSH,kuralse01,Sean Kuraly,0
202311040WSH,WSH,marchki01,Kirill Marchenko,0
202311040WSH,WSH,provoiv01,Ivan Provorov,0
202311040WSH,WSH,rosloja01,Jack Roslovic,0
202311040WSH,WSH,severda01,Damon Severson,0
202311040WSH,WSH,sillico01,Cole Sillinger,0
202311040WSH,WSH,texieal01,Alexandre Texier,0
202311040WSH,WSH,vorondi01,Dmitri Voronkov,1
202311040WSH,WSH,werenza01,Zach Werenski,0
202311040WSH,WSH,merzlel01,Elvis MerzÄ¼ikins,0
202311040WSH,CBJ,alexeal01,Alexander Alexeyev,0
202311040WSH,CBJ,carlsjo01,John Carlson,0
202311040WSH,CBJ,feherma01,Martin FehÃ©rvÃ¡ry,0
202311040WSH,CBJ,jenseni02,Nick Jensen,0
202311040WSH,CBJ,kuzneev01,Evgeny Kuznetsov,0
202311040WSH,CBJ,lapiehe01,Hendrix Lapierre,0
202311040WSH,CBJ,malenbe01,Beck Malenstyn,0
202311040WSH,CBJ,manthan01,Anthony Mantha,0
202311040WSH,CBJ,mcmicco01,Connor McMichael,0
202311040WSH,CBJ,milanso01,Sonny Milano,1
202311040WSH,CBJ,oshietj01,T.J. Oshie,0
202311040WSH,CBJ,ovechal01,Alex Ovechkin,0
202311040WSH,CBJ,phillma01,Matthew Phillips,0
202311040WSH,CBJ,protaal01,Aliaksei Protas,0
202311040WSH,CBJ,sandira01,Rasmus Sandin,0
202311040WSH,CBJ,stromdy01,Dylan Strome,0
202311040WSH,CBJ,vanritr01,Trevor van Riemsdyk,0
202311040WSH,CBJ,wilsoto01,Tom Wilson,1
202311040WSH,CBJ,lindgch01,Charlie Lindgren,0
