game_id,opponent,player_id,player_name,scored
202311020MIN,MIN,bahlke01,Kevin Bahl,0
202311020MIN,MIN,bastina01,Nathan Bastian,0
202311020MIN,MIN,brattje01,Jesper Bratt,1
202311020MIN,MIN,hamildo01,Dougie Hamilton,1
202311020MIN,MIN,haulaer01,Erik Haula,0
202311020MIN,MIN,holtzal01,Alexander Holtz,1
202311020MIN,MIN,hugheja03,Jack Hughes,0
202311020MIN,MIN,hughelu01,Luke Hughes,0
202311020MIN,MIN,lazarcu01,Curtis Lazar,0
202311020MIN,MIN,marinjo01,John Marino,0
202311020MIN,MIN,mcleomi01,Michael McLeod,1
202311020MIN,MIN,meierti01,Timo Meier,1
202311020MIN,MIN,merceda01,Dawson Mercer,0
202311020MIN,MIN,palaton01,OndÅej PalÃ¡t,0
202311020MIN,MIN,siegejo01,Jonas Siegenthaler,0
202311020MIN,MIN,smithbr05,Brendan Smith,0
202311020MIN,MIN,tiernch01,Chris Tierney,0
202311020MIN,MIN,toffoty01,Tyler Toffoli,0
202311020MIN,MIN,vanecvi01,VÃ­tek VanÄÄek,0
202311020MIN,NJD,addisca01,Calen Addison,0
202311020MIN,NJD,boldyma01,Matt Boldy,0
202311020MIN,NJD,brodijo01,Jonas Brodin,0
202311020MIN,NJD,dewarco01,Connor Dewar,0
202311020MIN,NJD,duhaibr01,Brandon Duhaime,0
202311020MIN,NJD,eriksjo02,Joel Eriksson Ek,0
202311020MIN,NJD,faberbr01,Brock Faber,0
202311020MIN,NJD,foligma01,Marcus Foligno,0
202311020MIN,NJD,hartmry01,Ryan Hartman,0
202311020MIN,NJD,johanma03,Marcus Johansson,0
202311020MIN,NJD,kapriki01,Kirill Kaprizov,1
202311020MIN,NJD,lettivi01,Vinni Lettieri,0
202311020MIN,NJD,maroopa01,Pat Maroon,0
202311020MIN,NJD,mermida01,Dakota Mermis,0
202311020MIN,NJD,merrijo01,Jonathon Merrill,0
202311020MIN,NJD,middlja01,Jacob Middleton,1
202311020MIN,NJD,rossima01,Marco Rossi,1
202311020MIN,NJD,zuccama01,Mats Zuccarello,0
202311020MIN,NJD,gustafi01,Filip Gustavsson,0
