game_id,opponent,player_id,player_name,scored
202311150EDM,EDM,bellepi01,Pierre-Ãdouard Bellemare,1
202311150EDM,EDM,beniema01,Matthew Beniers,0
202311150EDM,EDM,bjorkol01,Oliver Bjorkstrand,0
202311150EDM,EDM,borgewi01,William Borgen,0
202311150EDM,EDM,dumoubr01,Brian Dumoulin,0
202311150EDM,EDM,dunnvi02,Vince Dunn,0
202311150EDM,EDM,eberljo01,Jordan Eberle,0
202311150EDM,EDM,gourdya01,Yanni Gourde,0
202311150EDM,EDM,kartyty01,Tye Kartye,0
202311150EDM,EDM,larssad01,Adam Larsson,0
202311150EDM,EDM,mccanja01,Jared McCann,1
202311150EDM,EDM,oleksja01,Jamie Oleksiak,0
202311150EDM,EDM,schulju01,Justin Schultz,0
202311150EDM,EDM,schwaja01,Jaden Schwartz,0
202311150EDM,EDM,tanevbr01,Brandon Tanev,0
202311150EDM,EDM,tolvaee01,Eeli Tolvanen,0
202311150EDM,EDM,wennbal01,Alexander Wennberg,1
202311150EDM,EDM,yamamka01,Kailer Yamamoto,0
202311150EDM,EDM,daccojo01,Joey Daccord,0
202311150EDM,SEA,bouchev01,Evan Bouchard,0
202311150EDM,SEA,cecico01,Cody Ceci,0
202311150EDM,SEA,deshavi01,Vincent Desharnais,0
202311150EDM,SEA,draisle01,Leon Draisaitl,0
202311150EDM,SEA,ekholma01,Mattias Ekholm,0
202311150EDM,SEA,ernead01,Adam Erne,0
202311150EDM,SEA,foegewa01,Warren Foegele,0
202311150EDM,SEA,gagnesa01,Sam Gagner,0
202311150EDM,SEA,hamblja01,James Hamblin,0
202311150EDM,SEA,hymanza01,Zach Hyman,0
202311150EDM,SEA,kaneev01,Evander Kane,1
202311150EDM,SEA,kulakbr01,Brett Kulak,0
202311150EDM,SEA,lavoira01,Raphael Lavoie,0
202311150EDM,SEA,mcdavco01,Connor McDavid,1
202311150EDM,SEA,mcleory01,Ryan McLeod,0
202311150EDM,SEA,nugenry01,Ryan Nugent-Hopkins,0
202311150EDM,SEA,nurseda01,Darnell Nurse,0
202311150EDM,SEA,ryande01,Derek Ryan,0
202311150EDM,SEA,skinnst01,Stuart Skinner,0
