game_id,opponent,player_id,player_name,scored
202311050ANA,ANA,amadimi01,Michael Amadio,0
202311050ANA,ANA,barbaiv01,Ivan Barbashev,1
202311050ANA,ANA,carriwi01,William Carrier,0
202311050ANA,ANA,cottepa01,Paul Cotter,0
202311050ANA,ANA,dorofpa01,Pavel Dorofeyev,0
202311050ANA,ANA,eicheja01,Jack Eichel,1
202311050ANA,ANA,howdebr01,Brett Howden,0
202311050ANA,ANA,huttobe01,Ben Hutton,0
202311050ANA,ANA,karlswi01,William Karlsson,0
202311050ANA,ANA,koleske01,Keegan Kolesar,0
202311050ANA,ANA,korczka01,Kaedan Korczak,0
202311050ANA,ANA,audymjo01,Jonathan Marchessault,0
202311050ANA,ANA,mcnabbr01,Brayden McNabb,0
202311050ANA,ANA,pachabr01,Brayden Pachal,0
202311050ANA,ANA,pietral01,Alex Pietrangelo,0
202311050ANA,ANA,stephch02,Chandler Stephenson,0
202311050ANA,ANA,stonema01,Mark Stone,0
202311050ANA,ANA,theodsh01,Shea Theodore,0
202311050ANA,ANA,thomplo01,Logan Thompson,0
202311050ANA,VEG,carlsle01,Leo Carlsson,0
202311050ANA,VEG,carrisa01,Sam Carrick,1
202311050ANA,VEG,fowleca01,Cam Fowler,0
202311050ANA,VEG,gudasra01,Radko Gudas,0
202311050ANA,VEG,henriad01,Adam Henrique,1
202311050ANA,VEG,johnsro02,Ross Johnston,0
202311050ANA,VEG,killoal01,Alex Killorn,0
202311050ANA,VEG,lacomja01,Jackson LaCombe,0
202311050ANA,VEG,leasobr01,Brett Leason,0
202311050ANA,VEG,lyubuil01,Ilya Lyubushkin,0
202311050ANA,VEG,mctavma01,Mason McTavish,1
202311050ANA,VEG,mintypa01,Pavel Mintyukov,0
202311050ANA,VEG,silfvja01,Jakob Silfverberg,0
202311050ANA,VEG,stromry01,Ryan Strome,0
202311050ANA,VEG,terrytr01,Troy Terry,0
202311050ANA,VEG,vaakaur01,Urho Vaakanainen,0
202311050ANA,VEG,vatrafr01,Frank Vatrano,0
202311050ANA,VEG,zegratr01,Trevor Zegras,0
202311050ANA,VEG,gibsojo02,John Gibson,0
