game_id,opponent,player_id,player_name,scored
202310260PIT,PIT,byrambo01,Bowen Byram,0
202310260PIT,PIT,coglian01,Andrew Cogliano,0
202310260PIT,PIT,coltoro01,Ross Colton,0
202310260PIT,PIT,drouijo01,Jonathan Drouin,0
202310260PIT,PIT,girarsa01,Samuel Girard,0
202310260PIT,PIT,johanry01,Ryan Johansen,0
202310260PIT,PIT,johnsja02,Jack Johnson,0
202310260PIT,PIT,lehkoar01,Artturi Lehkonen,0
202310260PIT,PIT,mackina01,Nathan MacKinnon,0
202310260PIT,PIT,makarca01,Cale Makar,0
202310260PIT,PIT,mansojo01,Josh Manson,0
202310260PIT,PIT,nichuva01,Valeri Nichushkin,0
202310260PIT,PIT,oconnlo01,Logan O'Connor,0
202310260PIT,PIT,olofsfr01,Fredrik Olofsson,0
202310260PIT,PIT,rantami01,Mikko Rantanen,0
202310260PIT,PIT,tatarto01,TomÃ¡Å¡ Tatar,0
202310260PIT,PIT,toewsde01,Devon Toews,0
202310260PIT,PIT,woodmi01,Miles Wood,0
202310260PIT,PIT,georgal01,Alexandar Georgiev,0
202310260PIT,PIT,prosviv01,Ivan Prosvetov,0
202310260PIT,COL,acciano01,Noel Acciari,0
202310260PIT,COL,carteje01,Jeff Carter,0
202310260PIT,COL,crosbsi01,Sidney Crosby,1
202310260PIT,COL,ellerla01,Lars Eller,1
202310260PIT,COL,gravery01,Ryan Graves,0
202310260PIT,COL,guentja01,Jake Guentzel,0
202310260PIT,COL,karlser01,Erik Karlsson,0
202310260PIT,COL,letankr01,Kris Letang,0
202310260PIT,COL,malkiev01,Evgeni Malkin,0
202310260PIT,COL,nietoma01,Matthew Nieto,0
202310260PIT,COL,oconndr01,Drew O'Connor,0
202310260PIT,COL,pettema01,Marcus Pettersson,0
202310260PIT,COL,rakelri01,Rickard Rakell,0
202310260PIT,COL,ruhwech01,Chad Ruhwedel,0
202310260PIT,COL,rustbr01,Bryan Rust,0
202310260PIT,COL,sheary01,Ryan Shea,0
202310260PIT,COL,smithre01,Reilly Smith,1
202310260PIT,COL,zohorra01,Radim Zohorna,0
202310260PIT,COL,jarrytr01,Tristan Jarry,0
