game_id,opponent,player_id,player_name,scored
202310190FLA,FLA,bertuty01,Tyler Bertuzzi,0
202310190FLA,FLA,broditj01,T.J. Brodie,0
202310190FLA,FLA,domima01,Max Domi,0
202310190FLA,FLA,giordma01,Mark Giordano,0
202310190FLA,FLA,gregono01,Noah Gregor,0
202310190FLA,FLA,jarnkca01,Calle JÃ¤rnkrok,0
202310190FLA,FLA,kampfda01,David KÃ¤mpf,0
202310190FLA,FLA,klingjo01,John Klingberg,0
202310190FLA,FLA,kniesma01,Matthew Knies,0
202310190FLA,FLA,liljeti01,Timothy Liljegren,0
202310190FLA,FLA,marnemi01,Mitch Marner,1
202310190FLA,FLA,matthau01,Auston Matthews,0
202310190FLA,FLA,mccabja01,Jake McCabe,0
202310190FLA,FLA,mintefr01,Fraser Minten,0
202310190FLA,FLA,nylanwi01,William Nylander,0
202310190FLA,FLA,reavery01,Ryan Reaves,0
202310190FLA,FLA,riellmo01,Morgan Rielly,0
202310190FLA,FLA,tavarjo01,John Tavares,0
202310190FLA,FLA,samsoil01,Ilya Samsonov,0
202310190FLA,TOR,balinuv01,Uvis Balinskis,0
202310190FLA,TOR,barkoal01,Aleksander Barkov,0
202310190FLA,TOR,cousini01,Nick Cousins,0
202310190FLA,TOR,ekmanol01,Oliver Ekman-Larsson,1
202310190FLA,TOR,forslgu02,Gustav Forsling,0
202310190FLA,TOR,kulikdm01,Dmitry Kulikov,0
202310190FLA,TOR,lombery01,Ryan Lomberg,0
202310190FLA,TOR,lorenst01,Steven Lorentz,0
202310190FLA,TOR,lundean01,Anton Lundell,0
202310190FLA,TOR,luostee01,Eetu Luostarinen,0
202310190FLA,TOR,mahurjo01,Josh Mahura,0
202310190FLA,TOR,mikkoni01,Niko Mikkola,0
202310190FLA,TOR,reinhsa01,Sam Reinhart,1
202310190FLA,TOR,rodriev01,Evan Rodrigues,0
202310190FLA,TOR,sourdju01,Justin Sourdif,0
202310190FLA,TOR,stenlke01,Kevin Stenlund,1
202310190FLA,TOR,tkachma01,Matthew Tkachuk,0
202310190FLA,TOR,verhaca01,Carter Verhaeghe,0
202310190FLA,TOR,bobrose01,Sergei Bobrovsky,0
