game_id,opponent,player_id,player_name,scored
202311070ANA,ANA,acciano01,Noel Acciari,0
202311070ANA,ANA,crosbsi01,Sidney Crosby,1
202311070ANA,ANA,ellerla01,Lars Eller,0
202311070ANA,ANA,gravery01,Ryan Graves,0
202311070ANA,ANA,guentja01,Jake Guentzel,0
202311070ANA,ANA,hinosvi01,Vinnie Hinostroza,0
202311070ANA,ANA,karlser01,Erik Karlsson,0
202311070ANA,ANA,letankr01,Kris Letang,0
202311070ANA,ANA,malkiev01,Evgeni Malkin,0
202311070ANA,ANA,nietoma01,Matthew Nieto,0
202311070ANA,ANA,oconndr01,Drew O'Connor,0
202311070ANA,ANA,pettema01,Marcus Pettersson,0
202311070ANA,ANA,rakelri01,Rickard Rakell,0
202311070ANA,ANA,ruhwech01,Chad Ruhwedel,0
202311070ANA,ANA,rustbr01,Bryan Rust,0
202311070ANA,ANA,sheary01,Ryan Shea,0
202311070ANA,ANA,smithre01,Reilly Smith,0
202311070ANA,ANA,zohorra01,Radim Zohorna,1
202311070ANA,ANA,hellbma01,Magnus Hellberg,0
202311070ANA,ANA,jarrytr01,Tristan Jarry,0
202311070ANA,PIT,carlsle01,Leo Carlsson,0
202311070ANA,PIT,carrisa01,Sam Carrick,0
202311070ANA,PIT,fowleca01,Cam Fowler,0
202311070ANA,PIT,gudasra01,Radko Gudas,0
202311070ANA,PIT,henriad01,Adam Henrique,0
202311070ANA,PIT,johnsro02,Ross Johnston,0
202311070ANA,PIT,killoal01,Alex Killorn,0
202311070ANA,PIT,lacomja01,Jackson LaCombe,0
202311070ANA,PIT,leasobr01,Brett Leason,0
202311070ANA,PIT,lyubuil01,Ilya Lyubushkin,0
202311070ANA,PIT,mctavma01,Mason McTavish,0
202311070ANA,PIT,mintypa01,Pavel Mintyukov,0
202311070ANA,PIT,silfvja01,Jakob Silfverberg,0
202311070ANA,PIT,stromry01,Ryan Strome,0
202311070ANA,PIT,terrytr01,Troy Terry,0
202311070ANA,PIT,vaakaur01,Urho Vaakanainen,0
202311070ANA,PIT,vatrafr01,Frank Vatrano,0
202311070ANA,PIT,zegratr01,Trevor Zegras,0
202311070ANA,PIT,gibsojo02,John Gibson,0
