game_id,opponent,player_id,player_name,scored
202311180DAL,DAL,byrambo01,Bowen Byram,0
202311180DAL,DAL,coglian01,Andrew Cogliano,1
202311180DAL,DAL,coltoro01,Ross Colton,1
202311180DAL,DAL,drouijo01,Jonathan Drouin,0
202311180DAL,DAL,girarsa01,Samuel Girard,0
202311180DAL,DAL,johanry01,Ryan Johansen,1
202311180DAL,DAL,johnsja02,Jack Johnson,0
202311180DAL,DAL,jonesca01,Caleb Jones,0
202311180DAL,DAL,kivirjo01,Joel Kiviranta,0
202311180DAL,DAL,mackina01,Nathan MacKinnon,0
202311180DAL,DAL,makarca01,Cale Makar,0
202311180DAL,DAL,nichuva01,Valeri Nichushkin,1
202311180DAL,DAL,oconnlo01,Logan O'Connor,0
202311180DAL,DAL,olofsfr01,Fredrik Olofsson,0
202311180DAL,DAL,rantami01,Mikko Rantanen,1
202311180DAL,DAL,tatarto01,TomÃ¡Å¡ Tatar,0
202311180DAL,DAL,toewsde01,Devon Toews,0
202311180DAL,DAL,woodmi01,Miles Wood,1
202311180DAL,DAL,georgal01,Alexandar Georgiev,0
202311180DAL,COL,bennja01,Jamie Benn,0
202311180DAL,COL,dadonev01,Evgenii Dadonov,0
202311180DAL,COL,duchema01,Matt Duchene,0
202311180DAL,COL,faksara01,Radek Faksa,0
202311180DAL,COL,hakanja01,Jani HakanpÃ¤Ã¤,0
202311180DAL,COL,hanlejo01,Joel Hanley,0
202311180DAL,COL,heiskmi01,Miro Heiskanen,0
202311180DAL,COL,hintzro01,Roope Hintz,0
202311180DAL,COL,johnswy01,Wyatt Johnston,0
202311180DAL,COL,lindees01,Esa Lindell,0
202311180DAL,COL,lundkni01,Nils Lundkvist,0
202311180DAL,COL,marchma01,Mason Marchment,0
202311180DAL,COL,paveljo01,Joe Pavelski,1
202311180DAL,COL,roberja01,Jason Robertson,0
202311180DAL,COL,seguity01,Tyler Seguin,1
202311180DAL,COL,smithcr01,Craig Smith,0
202311180DAL,COL,steelsa01,Sam Steel,0
202311180DAL,COL,suterry01,Ryan Suter,0
202311180DAL,COL,oettija01,Jake Oettinger,0
