game_id,opponent,player_id,player_name,scored
202311100VEG,VEG,addisca01,Calen Addison,0
202311100VEG,VEG,burroky01,Kyle Burroughs,0
202311100VEG,VEG,carpery01,Ryan Carpenter,0
202311100VEG,VEG,eklunwi01,William Eklund,0
202311100VEG,VEG,ferrama01,Mario Ferraro,0
202311100VEG,VEG,granlmi01,Mikael Granlund,0
202311100VEG,VEG,hertlto01,TomÃ¡Å¡ Hertl,0
202311100VEG,VEG,hoffmmi02,Mike Hoffman,0
202311100VEG,VEG,kuninlu01,Luke Kunin,0
202311100VEG,VEG,labanke01,Kevin Labanc,0
202311100VEG,VEG,lindbos01,Oskar Lindblom,0
202311100VEG,VEG,okhotni01,Nikita Okhotyuk,0
202311100VEG,VEG,ruttaja02,Jan Rutta,0
202311100VEG,VEG,smithgi01,Givani Smith,0
202311100VEG,VEG,sturmni01,Nico Sturm,0
202311100VEG,VEG,vlasima01,Marc-Ãdouard Vlasic,0
202311100VEG,VEG,zadinfi01,Filip Zadina,0
202311100VEG,VEG,zettefa01,Fabian Zetterlund,0
202311100VEG,VEG,kahkoka01,Kaapo KÃ¤hkÃ¶nen,0
202311100VEG,SJS,amadimi01,Michael Amadio,0
202311100VEG,SJS,barbaiv01,Ivan Barbashev,0
202311100VEG,SJS,carriwi01,William Carrier,0
202311100VEG,SJS,cottepa01,Paul Cotter,0
202311100VEG,SJS,dorofpa01,Pavel Dorofeyev,0
202311100VEG,SJS,eicheja01,Jack Eichel,0
202311100VEG,SJS,howdebr01,Brett Howden,1
202311100VEG,SJS,huttobe01,Ben Hutton,0
202311100VEG,SJS,karlswi01,William Karlsson,1
202311100VEG,SJS,koleske01,Keegan Kolesar,0
202311100VEG,SJS,audymjo01,Jonathan Marchessault,0
202311100VEG,SJS,martial01,Alec Martinez,1
202311100VEG,SJS,mcnabbr01,Brayden McNabb,0
202311100VEG,SJS,pietral01,Alex Pietrangelo,1
202311100VEG,SJS,rondbjo01,Jonas RÃ¸ndbjerg,0
202311100VEG,SJS,stonema01,Mark Stone,0
202311100VEG,SJS,theodsh01,Shea Theodore,0
202311100VEG,SJS,whiteza01,Zach Whitecloud,0
202311100VEG,SJS,hillad01,Adin Hill,0
