game_id,opponent,player_id,player_name,scored
202311110SEA,SEA,bouchev01,Evan Bouchard,0
202311110SEA,SEA,cecico01,Cody Ceci,0
202311110SEA,SEA,deshavi01,Vincent Desharnais,0
202311110SEA,SEA,draisle01,Leon Draisaitl,0
202311110SEA,SEA,ekholma01,Mattias Ekholm,0
202311110SEA,SEA,foegewa01,Warren Foegele,0
202311110SEA,SEA,gagnesa01,Sam Gagner,0
202311110SEA,SEA,hamblja01,James Hamblin,0
202311110SEA,SEA,hollody01,Dylan Holloway,1
202311110SEA,SEA,hymanza01,Zach Hyman,1
202311110SEA,SEA,kaneev01,Evander Kane,0
202311110SEA,SEA,kulakbr01,Brett Kulak,0
202311110SEA,SEA,lavoira01,Raphael Lavoie,0
202311110SEA,SEA,mcdavco01,Connor McDavid,0
202311110SEA,SEA,mcleory01,Ryan McLeod,0
202311110SEA,SEA,nugenry01,Ryan Nugent-Hopkins,0
202311110SEA,SEA,nurseda01,Darnell Nurse,0
202311110SEA,SEA,ryande01,Derek Ryan,0
202311110SEA,SEA,skinnst01,Stuart Skinner,0
202311110SEA,EDM,beniema01,Matthew Beniers,0
202311110SEA,EDM,bjorkol01,Oliver Bjorkstrand,0
202311110SEA,EDM,borgewi01,William Borgen,0
202311110SEA,EDM,dumoubr01,Brian Dumoulin,0
202311110SEA,EDM,dunnvi02,Vince Dunn,0
202311110SEA,EDM,gourdya01,Yanni Gourde,0
202311110SEA,EDM,kartyty01,Tye Kartye,0
202311110SEA,EDM,larssad01,Adam Larsson,0
202311110SEA,EDM,mccanja01,Jared McCann,0
202311110SEA,EDM,oleksja01,Jamie Oleksiak,0
202311110SEA,EDM,schulju01,Justin Schultz,0
202311110SEA,EDM,schwaja01,Jaden Schwartz,1
202311110SEA,EDM,shorede01,Devin Shore,0
202311110SEA,EDM,tolvaee01,Eeli Tolvanen,0
202311110SEA,EDM,wennbal01,Alexander Wennberg,0
202311110SEA,EDM,wintery01,Ryan Winterton,0
202311110SEA,EDM,wrighsh01,Shane Wright,0
202311110SEA,EDM,yamamka01,Kailer Yamamoto,0
202311110SEA,EDM,daccojo01,Joey Daccord,0
202311110SEA,EDM,grubaph01,Philipp Grubauer,0
