game_id,opponent,player_id,player_name,scored
202312030NYR,NYR,addisca01,Calen Addison,0
202312030NYR,NYR,baileju01,Justin Bailey,0
202312030NYR,NYR,barabal01,Alexander Barabanov,1
202312030NYR,NYR,bennima01,Matt Benning,0
202312030NYR,NYR,burroky01,Kyle Burroughs,0
202312030NYR,NYR,carpery01,Ryan Carpenter,1
202312030NYR,NYR,duclaan01,Anthony Duclair,1
202312030NYR,NYR,eklunwi01,William Eklund,0
202312030NYR,NYR,ferrama01,Mario Ferraro,0
202312030NYR,NYR,granlmi01,Mikael Granlund,0
202312030NYR,NYR,hertlto01,TomÃ¡Å¡ Hertl,0
202312030NYR,NYR,hoffmmi02,Mike Hoffman,0
202312030NYR,NYR,labanke01,Kevin Labanc,0
202312030NYR,NYR,macdoja02,Jacob MacDonald,1
202312030NYR,NYR,okhotni01,Nikita Okhotyuk,0
202312030NYR,NYR,ruttaja02,Jan Rutta,0
202312030NYR,NYR,smithgi01,Givani Smith,0
202312030NYR,NYR,zettefa01,Fabian Zetterlund,1
202312030NYR,NYR,blackma01,Mackenzie Blackwood,0
202312030NYR,SJS,boninni01,Nick Bonino,0
202312030NYR,SJS,brodzjo01,Jonny Brodzinski,0
202312030NYR,SJS,cuyllwi01,William Cuylle,1
202312030NYR,SJS,foxad01,Adam Fox,0
202312030NYR,SJS,goodrba01,Barclay Goodrow,0
202312030NYR,SJS,gustaer02,Erik Gustafsson,0
202312030NYR,SJS,kreidch01,Chris Kreider,0
202312030NYR,SJS,lafreal01,Alexis LafreniÃ¨re,0
202312030NYR,SJS,lindgry01,Ryan Lindgren,0
202312030NYR,SJS,milleka01,K'Andre Miller,1
202312030NYR,SJS,panarar01,Artemi Panarin,1
202312030NYR,SJS,pitlity01,Tyler Pitlick,0
202312030NYR,SJS,schnebr01,Braden Schneider,0
202312030NYR,SJS,trochvi01,Vincent Trocheck,0
202312030NYR,SJS,troubja01,Jacob Trouba,0
202312030NYR,SJS,veseyji02,Jimmy Vesey,0
202312030NYR,SJS,wheelbl01,Blake Wheeler,0
202312030NYR,SJS,zibanmi01,Mika Zibanejad,1
202312030NYR,SJS,quickjo01,Jonathan Quick,0
