game_id,opponent,player_id,player_name,scored
202312140EDM,EDM,barreal01,Alex BarrÃ©-Boulet,0
202312140EDM,EDM,cernaer01,Erik ÄernÃ¡k,0
202312140EDM,EDM,cirelan01,Anthony Cirelli,1
202312140EDM,EDM,dehaaca01,Calvin de Haan,0
202312140EDM,EDM,eyssimi01,Michael Eyssimont,0
202312140EDM,EDM,fleurha01,Haydn Fleury,0
202312140EDM,EDM,glendlu01,Luke Glendening,0
202312140EDM,EDM,hagelbr01,Brandon Hagel,0
202312140EDM,EDM,jeannta01,Tanner Jeannot,0
202312140EDM,EDM,kucheni01,Nikita Kucherov,1
202312140EDM,EDM,mottety01,Tyler Motte,1
202312140EDM,EDM,paulni01,Nick Paul,0
202312140EDM,EDM,perbini01,Nicklaus Perbix,0
202312140EDM,EDM,pointbr01,Brayden Point,0
202312140EDM,EDM,raddyda01,Darren Raddysh,0
202312140EDM,EDM,sergami01,Mikhail Sergachev,0
202312140EDM,EDM,shearco01,Conor Sheary,0
202312140EDM,EDM,stamkst01,Steven Stamkos,1
202312140EDM,EDM,vasilan02,Andrei Vasilevskiy,0
202312140EDM,TBL,bouchev01,Evan Bouchard,0
202312140EDM,TBL,brownco02,Connor Brown,0
202312140EDM,TBL,cecico01,Cody Ceci,0
202312140EDM,TBL,deshavi01,Vincent Desharnais,0
202312140EDM,TBL,draisle01,Leon Draisaitl,0
202312140EDM,TBL,ekholma01,Mattias Ekholm,0
202312140EDM,TBL,foegewa01,Warren Foegele,0
202312140EDM,TBL,gagnesa01,Sam Gagner,0
202312140EDM,TBL,hamblja01,James Hamblin,0
202312140EDM,TBL,hymanza01,Zach Hyman,1
202312140EDM,TBL,janmama02,Mattias Janmark,0
202312140EDM,TBL,kaneev01,Evander Kane,0
202312140EDM,TBL,kulakbr01,Brett Kulak,0
202312140EDM,TBL,mcdavco01,Connor McDavid,1
202312140EDM,TBL,mcleory01,Ryan McLeod,0
202312140EDM,TBL,nugenry01,Ryan Nugent-Hopkins,1
202312140EDM,TBL,nurseda01,Darnell Nurse,1
202312140EDM,TBL,ryande01,Derek Ryan,0
202312140EDM,TBL,skinnst01,Stuart Skinner,0
