game_id,opponent,player_id,player_name,scored
202311300CAR,CAR,barzama01,Mathew Barzal,1
202311300CAR,CAR,boldusa01,Samuel Bolduc,0
202311300CAR,CAR,cizikca01,Casey Cizikas,0
202311300CAR,CAR,cluttca01,Cal Clutterbuck,0
202311300CAR,CAR,dobsono01,Noah Dobson,0
202311300CAR,CAR,engvapi01,Pierre Engvall,1
202311300CAR,CAR,gauthju01,Julien Gauthier,0
202311300CAR,CAR,holmssi01,Simon HolmstrÃ¶m,1
202311300CAR,CAR,horvabo01,Bo Horvat,1
202311300CAR,CAR,leean01,Anders Lee,0
202311300CAR,CAR,mayfisc01,Scott Mayfield,0
202311300CAR,CAR,nelsobr01,Brock Nelson,0
202311300CAR,CAR,pageaje01,Jean-Gabriel Pageau,0
202311300CAR,CAR,palmiky01,Kyle Palmieri,1
202311300CAR,CAR,pulocry01,Ryan Pulock,0
202311300CAR,CAR,reillmi01,Mike Reilly,0
202311300CAR,CAR,romanal01,Alexander Romanov,0
202311300CAR,CAR,wahlsol01,Oliver Wahlstrom,0
202311300CAR,CAR,varlasi01,Semyon Varlamov,0
202311300CAR,NYI,ahose01,Sebastian Aho,1
202311300CAR,NYI,buntimi01,Michael Bunting,0
202311300CAR,NYI,burnsbr01,Brent Burns,0
202311300CAR,NYI,chatfja01,Jalen Chatfield,1
202311300CAR,NYI,druryja01,Jack Drury,1
202311300CAR,NYI,fastje01,Jesper Fast,0
202311300CAR,NYI,jarvise01,Seth Jarvis,0
202311300CAR,NYI,kotkaje01,Jesperi Kotkaniemi,0
202311300CAR,NYI,martijo01,Jordan Martinook,0
202311300CAR,NYI,necasma01,Martin NeÄas,0
202311300CAR,NYI,noesest01,Stefan Noesen,0
202311300CAR,NYI,orlovdm01,Dmitry Orlov,0
202311300CAR,NYI,pescebr01,Brett Pesce,0
202311300CAR,NYI,skjeibr01,Brady Skjei,0
202311300CAR,NYI,slavija01,Jaccob Slavin,0
202311300CAR,NYI,staaljo01,Jordan Staal,1
202311300CAR,NYI,svechan01,Andrei Svechnikov,0
202311300CAR,NYI,teravte01,Teuvo TerÃ¤vÃ¤inen,0
202311300CAR,NYI,kochepy01,Pyotr Kochetkov,0
