game_id,opponent,player_id,player_name,scored
202312190CHI,CHI,byrambo01,Bowen Byram,0
202312190CHI,CHI,coltoro01,Ross Colton,0
202312190CHI,CHI,drouijo01,Jonathan Drouin,0
202312190CHI,CHI,johanry01,Ryan Johansen,0
202312190CHI,CHI,johnsja02,Jack Johnson,0
202312190CHI,CHI,jonesca01,Caleb Jones,0
202312190CHI,CHI,kivirjo01,Joel Kiviranta,0
202312190CHI,CHI,macdeku01,Kurtis MacDermid,0
202312190CHI,CHI,mackina01,Nathan MacKinnon,0
202312190CHI,CHI,malinsa01,Sam Malinski,0
202312190CHI,CHI,mansojo01,Josh Manson,0
202312190CHI,CHI,meyerbe01,Ben Meyers,0
202312190CHI,CHI,nichuva01,Valeri Nichushkin,1
202312190CHI,CHI,oconnlo01,Logan O'Connor,0
202312190CHI,CHI,olofsfr01,Fredrik Olofsson,0
202312190CHI,CHI,rantami01,Mikko Rantanen,0
202312190CHI,CHI,toewsde01,Devon Toews,0
202312190CHI,CHI,woodmi01,Miles Wood,0
202312190CHI,CHI,georgal01,Alexandar Georgiev,0
202312190CHI,COL,beauvan01,Anthony Beauvillier,0
202312190CHI,COL,bedarco01,Connor Bedard,0
202312190CHI,COL,blackco01,Colin Blackwell,0
202312190CHI,COL,crevilo01,Louis Crevier,0
202312190CHI,COL,dickija01,Jason Dickinson,0
202312190CHI,COL,donatry01,Ryan Donato,1
202312190CHI,COL,entwima01,Mackenzie Entwistle,0
202312190CHI,COL,foligni01,Nick Foligno,0
202312190CHI,COL,guttmco01,Cole Guttman,0
202312190CHI,COL,johnsre01,Reese Johnson,0
202312190CHI,COL,johnsty01,Tyler Johnson,1
202312190CHI,COL,kaisewy01,Wyatt Kaiser,0
202312190CHI,COL,murphco02,Connor Murphy,0
202312190CHI,COL,phillis01,Isaak Phillips,0
202312190CHI,COL,raddyta01,Taylor Raddysh,0
202312190CHI,COL,reichlu01,Lukas Reichel,1
202312190CHI,COL,roosfi01,Filip Roos,0
202312190CHI,COL,zaitsni01,Nikita Zaitsev,0
202312190CHI,COL,mrazepe01,Petr MrÃ¡zek,0
