game_id,opponent,player_id,player_name,scored
202312020FLA,FLA,boldusa01,Samuel Bolduc,0
202312020FLA,FLA,cizikca01,Casey Cizikas,0
202312020FLA,FLA,cluttca01,Cal Clutterbuck,0
202312020FLA,FLA,dobsono01,Noah Dobson,0
202312020FLA,FLA,engvapi01,Pierre Engvall,1
202312020FLA,FLA,faschhu01,Hudson Fasching,0
202312020FLA,FLA,gauthju01,Julien Gauthier,1
202312020FLA,FLA,holmssi01,Simon HolmstrÃ¶m,1
202312020FLA,FLA,horvabo01,Bo Horvat,0
202312020FLA,FLA,leean01,Anders Lee,1
202312020FLA,FLA,mayfisc01,Scott Mayfield,0
202312020FLA,FLA,nelsobr01,Brock Nelson,0
202312020FLA,FLA,pageaje01,Jean-Gabriel Pageau,0
202312020FLA,FLA,palmiky01,Kyle Palmieri,0
202312020FLA,FLA,pulocry01,Ryan Pulock,0
202312020FLA,FLA,reillmi01,Mike Reilly,0
202312020FLA,FLA,romanal01,Alexander Romanov,0
202312020FLA,FLA,wahlsol01,Oliver Wahlstrom,0
202312020FLA,FLA,sorokil01,Ilya Sorokin,0
202312020FLA,NYI,barkoal01,Aleksander Barkov,0
202312020FLA,NYI,bennesa01,Sam Bennett,0
202312020FLA,NYI,cousini01,Nick Cousins,0
202312020FLA,NYI,ekblaaa01,Aaron Ekblad,0
202312020FLA,NYI,ekmanol01,Oliver Ekman-Larsson,0
202312020FLA,NYI,forslgu02,Gustav Forsling,0
202312020FLA,NYI,kulikdm01,Dmitry Kulikov,0
202312020FLA,NYI,lombery01,Ryan Lomberg,0
202312020FLA,NYI,lorenst01,Steven Lorentz,0
202312020FLA,NYI,lundean01,Anton Lundell,0
202312020FLA,NYI,luostee01,Eetu Luostarinen,0
202312020FLA,NYI,mikkoni01,Niko Mikkola,0
202312020FLA,NYI,montobr01,Brandon Montour,0
202312020FLA,NYI,reinhsa01,Sam Reinhart,1
202312020FLA,NYI,rodriev01,Evan Rodrigues,0
202312020FLA,NYI,stenlke01,Kevin Stenlund,0
202312020FLA,NYI,tkachma01,Matthew Tkachuk,1
202312020FLA,NYI,verhaca01,Carter Verhaeghe,1
202312020FLA,NYI,stolaan01,Anthony Stolarz,0
