game_id,opponent,player_id,player_name,scored
202310290NJD,NJD,addisca01,Calen Addison,0
202310290NJD,NJD,brodijo01,Jonas Brodin,0
202310290NJD,NJD,dewarco01,Connor Dewar,0
202310290NJD,NJD,duhaibr01,Brandon Duhaime,0
202310290NJD,NJD,eriksjo02,Joel Eriksson Ek,0
202310290NJD,NJD,faberbr01,Brock Faber,0
202310290NJD,NJD,foligma01,Marcus Foligno,0
202310290NJD,NJD,hartmry01,Ryan Hartman,1
202310290NJD,NJD,huntda01,Daemon Hunt,0
202310290NJD,NJD,johanma03,Marcus Johansson,0
202310290NJD,NJD,kapriki01,Kirill Kaprizov,0
202310290NJD,NJD,lettivi01,Vinni Lettieri,0
202310290NJD,NJD,maroopa01,Pat Maroon,1
202310290NJD,NJD,mermida01,Dakota Mermis,0
202310290NJD,NJD,merrijo01,Jonathon Merrill,0
202310290NJD,NJD,middlja01,Jacob Middleton,1
202310290NJD,NJD,rossima01,Marco Rossi,0
202310290NJD,NJD,zuccama01,Mats Zuccarello,0
202310290NJD,NJD,fleurma01,Marc-AndrÃ© Fleury,0
202310290NJD,MIN,bahlke01,Kevin Bahl,0
202310290NJD,MIN,bastina01,Nathan Bastian,0
202310290NJD,MIN,brattje01,Jesper Bratt,1
202310290NJD,MIN,hamildo01,Dougie Hamilton,0
202310290NJD,MIN,haulaer01,Erik Haula,1
202310290NJD,MIN,holtzal01,Alexander Holtz,0
202310290NJD,MIN,hugheja03,Jack Hughes,0
202310290NJD,MIN,hughelu01,Luke Hughes,0
202310290NJD,MIN,lazarcu01,Curtis Lazar,0
202310290NJD,MIN,marinjo01,John Marino,0
202310290NJD,MIN,mcleomi01,Michael McLeod,0
202310290NJD,MIN,meierti01,Timo Meier,0
202310290NJD,MIN,merceda01,Dawson Mercer,0
202310290NJD,MIN,palaton01,OndÅej PalÃ¡t,0
202310290NJD,MIN,siegejo01,Jonas Siegenthaler,0
202310290NJD,MIN,smithbr05,Brendan Smith,0
202310290NJD,MIN,tiernch01,Chris Tierney,0
202310290NJD,MIN,toffoty01,Tyler Toffoli,1
202310290NJD,MIN,vanecvi01,VÃ­tek VanÄÄek,0
