game_id,opponent,player_id,player_name,scored
202311060FLA,FLA,beanja01,Jake Bean,0
202311060FLA,FLA,chinaye01,Yegor Chinakhov,0
202311060FLA,FLA,danfoju01,Justin Danforth,0
202311060FLA,FLA,fantiad01,Adam Fantilli,0
202311060FLA,FLA,gaudrjo01,Johnny Gaudreau,0
202311060FLA,FLA,gudbrer01,Erik Gudbranson,0
202311060FLA,FLA,jennebo01,Boone Jenner,1
202311060FLA,FLA,kuralse01,Sean Kuraly,1
202311060FLA,FLA,marchki01,Kirill Marchenko,1
202311060FLA,FLA,olivima01,Mathieu Olivier,0
202311060FLA,FLA,peekean01,Andrew Peeke,0
202311060FLA,FLA,provoiv01,Ivan Provorov,0
202311060FLA,FLA,rosloja01,Jack Roslovic,0
202311060FLA,FLA,severda01,Damon Severson,0
202311060FLA,FLA,sillico01,Cole Sillinger,0
202311060FLA,FLA,texieal01,Alexandre Texier,1
202311060FLA,FLA,vorondi01,Dmitri Voronkov,0
202311060FLA,FLA,werenza01,Zach Werenski,0
202311060FLA,FLA,martisp01,Spencer Martin,0
202311060FLA,FLA,merzlel01,Elvis MerzÄ¼ikins,0
202311060FLA,CBJ,barkoal01,Aleksander Barkov,1
202311060FLA,CBJ,cousini01,Nick Cousins,1
202311060FLA,CBJ,ekmanol01,Oliver Ekman-Larsson,0
202311060FLA,CBJ,forslgu02,Gustav Forsling,1
202311060FLA,CBJ,kulikdm01,Dmitry Kulikov,0
202311060FLA,CBJ,lockwwi01,William Lockwood,0
202311060FLA,CBJ,lombery01,Ryan Lomberg,1
202311060FLA,CBJ,lorenst01,Steven Lorentz,0
202311060FLA,CBJ,lundean01,Anton Lundell,0
202311060FLA,CBJ,luostee01,Eetu Luostarinen,0
202311060FLA,CBJ,mahurjo01,Josh Mahura,0
202311060FLA,CBJ,mikkoni01,Niko Mikkola,0
202311060FLA,CBJ,reillmi01,Mike Reilly,0
202311060FLA,CBJ,reinhsa01,Sam Reinhart,0
202311060FLA,CBJ,rodriev01,Evan Rodrigues,0
202311060FLA,CBJ,stenlke01,Kevin Stenlund,0
202311060FLA,CBJ,tkachma01,Matthew Tkachuk,0
202311060FLA,CBJ,verhaca01,Carter Verhaeghe,1
202311060FLA,CBJ,bobrose01,Sergei Bobrovsky,0
