game_id,opponent,player_id,player_name,scored
202311270SJS,SJS,carlsjo01,John Carlson,0
202311270SJS,SJS,dowdni01,Nic Dowd,0
202311270SJS,SJS,edmunjo01,Joel Edmundson,0
202311270SJS,SJS,feherma01,Martin FehÃ©rvÃ¡ry,0
202311270SJS,SJS,jenseni02,Nick Jensen,0
202311270SJS,SJS,kuzneev01,Evgeny Kuznetsov,1
202311270SJS,SJS,lapiehe01,Hendrix Lapierre,0
202311270SJS,SJS,malenbe01,Beck Malenstyn,0
202311270SJS,SJS,manthan01,Anthony Mantha,0
202311270SJS,SJS,mcmicco01,Connor McMichael,0
202311270SJS,SJS,milanso01,Sonny Milano,0
202311270SJS,SJS,ovechal01,Alex Ovechkin,0
202311270SJS,SJS,phillma01,Matthew Phillips,0
202311270SJS,SJS,protaal01,Aliaksei Protas,0
202311270SJS,SJS,sandira01,Rasmus Sandin,0
202311270SJS,SJS,stromdy01,Dylan Strome,0
202311270SJS,SJS,vanritr01,Trevor van Riemsdyk,0
202311270SJS,SJS,wilsoto01,Tom Wilson,0
202311270SJS,SJS,kuempda01,Darcy Kuemper,0
202311270SJS,WSH,addisca01,Calen Addison,0
202311270SJS,WSH,baileju01,Justin Bailey,0
202311270SJS,WSH,bennima01,Matt Benning,0
202311270SJS,WSH,burroky01,Kyle Burroughs,0
202311270SJS,WSH,carpery01,Ryan Carpenter,0
202311270SJS,WSH,duclaan01,Anthony Duclair,0
202311270SJS,WSH,eklunwi01,William Eklund,0
202311270SJS,WSH,emberty01,Ty Emberson,0
202311270SJS,WSH,ferrama01,Mario Ferraro,0
202311270SJS,WSH,granlmi01,Mikael Granlund,0
202311270SJS,WSH,hoffmmi02,Mike Hoffman,0
202311270SJS,WSH,kuninlu01,Luke Kunin,1
202311270SJS,WSH,labanke01,Kevin Labanc,0
202311270SJS,WSH,macdoja02,Jacob MacDonald,0
202311270SJS,WSH,okhotni01,Nikita Okhotyuk,0
202311270SJS,WSH,smithgi01,Givani Smith,0
202311270SJS,WSH,sturmni01,Nico Sturm,0
202311270SJS,WSH,zettefa01,Fabian Zetterlund,1
202311270SJS,WSH,blackma01,Mackenzie Blackwood,0
