game_id,opponent,player_id,player_name,scored
202312150NYR,NYR,carlsle01,Leo Carlsson,0
202312150NYR,NYR,carrisa01,Sam Carrick,0
202312150NYR,NYR,fowleca01,Cam Fowler,0
202312150NYR,NYR,groulbe01,Benoit-Olivier Groulx,0
202312150NYR,NYR,gudasra01,Radko Gudas,0
202312150NYR,NYR,henriad01,Adam Henrique,0
202312150NYR,NYR,jonesma03,Max Jones,0
202312150NYR,NYR,killoal01,Alex Killorn,0
202312150NYR,NYR,lacomja01,Jackson LaCombe,0
202312150NYR,NYR,leasobr01,Brett Leason,1
202312150NYR,NYR,lyubuil01,Ilya Lyubushkin,0
202312150NYR,NYR,mcginbr01,Brock McGinn,0
202312150NYR,NYR,mintypa01,Pavel Mintyukov,0
202312150NYR,NYR,silfvja01,Jakob Silfverberg,0
202312150NYR,NYR,stromry01,Ryan Strome,0
202312150NYR,NYR,terrytr01,Troy Terry,0
202312150NYR,NYR,vaakaur01,Urho Vaakanainen,0
202312150NYR,NYR,vatrafr01,Frank Vatrano,0
202312150NYR,NYR,dostalu01,LukÃ¡Å¡ DostÃ¡l,0
202312150NYR,ANA,brodzjo01,Jonny Brodzinski,0
202312150NYR,ANA,cuyllwi01,William Cuylle,0
202312150NYR,ANA,edstrad01,Adam Edstrom,1
202312150NYR,ANA,foxad01,Adam Fox,0
202312150NYR,ANA,goodrba01,Barclay Goodrow,0
202312150NYR,ANA,gustaer02,Erik Gustafsson,0
202312150NYR,ANA,jonesza01,Zachary Jones,0
202312150NYR,ANA,kreidch01,Chris Kreider,1
202312150NYR,ANA,lafreal01,Alexis LafreniÃ¨re,0
202312150NYR,ANA,lindgry01,Ryan Lindgren,0
202312150NYR,ANA,panarar01,Artemi Panarin,0
202312150NYR,ANA,pitlity01,Tyler Pitlick,0
202312150NYR,ANA,schnebr01,Braden Schneider,0
202312150NYR,ANA,trochvi01,Vincent Trocheck,0
202312150NYR,ANA,troubja01,Jacob Trouba,0
202312150NYR,ANA,veseyji02,Jimmy Vesey,1
202312150NYR,ANA,wheelbl01,Blake Wheeler,0
202312150NYR,ANA,zibanmi01,Mika Zibanejad,1
202312150NYR,ANA,quickjo01,Jonathan Quick,0
