game_id,opponent,player_id,player_name,scored
202311010COL,COL,blaissa01,Sammy Blais,0
202311010COL,COL,buchnpa01,Pavel Buchnevich,0
202311010COL,COL,faulkju01,Justin Faulk,0
202311010COL,COL,hayeske01,Kevin Hayes,0
202311010COL,COL,kapanka01,Kasperi Kapanen,0
202311010COL,COL,krugto01,Torey Krug,0
202311010COL,COL,kyroujo01,Jordan Kyrou,0
202311010COL,COL,leddyni01,Nick Leddy,0
202311010COL,COL,neighja01,Jake Neighbours,0
202311010COL,COL,parayco01,Colton Parayko,0
202311010COL,COL,saadbr01,Brandon Saad,0
202311010COL,COL,scandma01,Marco Scandella,0
202311010COL,COL,schenbr01,Brayden Schenn,0
202311010COL,COL,sundqos01,Oskar Sundqvist,0
202311010COL,COL,thomaro01,Robert Thomas,1
202311010COL,COL,toropal01,Alexey Toropchenko,0
202311010COL,COL,tuckety01,Tyler Tucker,0
202311010COL,COL,vranaja01,Jakub VrÃ¡na,0
202311010COL,COL,binnijo01,Jordan Binnington,0
202311010COL,STL,byrambo01,Bowen Byram,1
202311010COL,STL,coglian01,Andrew Cogliano,0
202311010COL,STL,coltoro01,Ross Colton,1
202311010COL,STL,girarsa01,Samuel Girard,0
202311010COL,STL,johanry01,Ryan Johansen,0
202311010COL,STL,johnsja02,Jack Johnson,0
202311010COL,STL,lehkoar01,Artturi Lehkonen,1
202311010COL,STL,macdeku01,Kurtis MacDermid,0
202311010COL,STL,mackina01,Nathan MacKinnon,0
202311010COL,STL,makarca01,Cale Makar,0
202311010COL,STL,mansojo01,Josh Manson,0
202311010COL,STL,nichuva01,Valeri Nichushkin,0
202311010COL,STL,oconnlo01,Logan O'Connor,0
202311010COL,STL,olofsfr01,Fredrik Olofsson,0
202311010COL,STL,rantami01,Mikko Rantanen,1
202311010COL,STL,toewsde01,Devon Toews,0
202311010COL,STL,tufteri01,Riley Tufte,0
202311010COL,STL,woodmi01,Miles Wood,0
202311010COL,STL,prosviv01,Ivan Prosvetov,0
