game_id,opponent,player_id,player_name,scored
202311140STL,STL,barreal01,Alex BarrÃ©-Boulet,0
202311140STL,STL,cirelan01,Anthony Cirelli,0
202311140STL,STL,dehaaca01,Calvin de Haan,0
202311140STL,STL,eyssimi01,Michael Eyssimont,0
202311140STL,STL,glendlu01,Luke Glendening,0
202311140STL,STL,hagelbr01,Brandon Hagel,0
202311140STL,STL,hedmavi01,Victor Hedman,0
202311140STL,STL,jeannta01,Tanner Jeannot,0
202311140STL,STL,kucheni01,Nikita Kucherov,0
202311140STL,STL,merelwa01,Waltteri Merela,0
202311140STL,STL,mottety01,Tyler Motte,0
202311140STL,STL,myersph01,Philippe Myers,0
202311140STL,STL,paulni01,Nick Paul,0
202311140STL,STL,perbini01,Nicklaus Perbix,0
202311140STL,STL,pointbr01,Brayden Point,0
202311140STL,STL,raddyda01,Darren Raddysh,0
202311140STL,STL,sergami01,Mikhail Sergachev,0
202311140STL,STL,stamkst01,Steven Stamkos,0
202311140STL,STL,johanjo03,Jonas Johansson,0
202311140STL,TBL,blaissa01,Sammy Blais,0
202311140STL,TBL,buchnpa01,Pavel Buchnevich,0
202311140STL,TBL,faulkju01,Justin Faulk,0
202311140STL,TBL,hayeske01,Kevin Hayes,0
202311140STL,TBL,kapanka01,Kasperi Kapanen,1
202311140STL,TBL,krugto01,Torey Krug,0
202311140STL,TBL,kyroujo01,Jordan Kyrou,1
202311140STL,TBL,leddyni01,Nick Leddy,0
202311140STL,TBL,neighja01,Jake Neighbours,0
202311140STL,TBL,parayco01,Colton Parayko,1
202311140STL,TBL,perunsc01,Scott Perunovich,0
202311140STL,TBL,saadbr01,Brandon Saad,0
202311140STL,TBL,scandma01,Marco Scandella,0
202311140STL,TBL,schenbr01,Brayden Schenn,0
202311140STL,TBL,sundqos01,Oskar Sundqvist,0
202311140STL,TBL,thomaro01,Robert Thomas,0
202311140STL,TBL,toropal01,Alexey Toropchenko,0
202311140STL,TBL,vranaja01,Jakub VrÃ¡na,1
202311140STL,TBL,binnijo01,Jordan Binnington,0
