game_id,opponent,player_id,player_name,scored
202311220TBL,TBL,applema01,Mason Appleton,0
202311220TBL,TBL,barromo01,Morgan Barron,0
202311220TBL,TBL,connoky01,Kyle Connor,0
202311220TBL,TBL,demeldy01,Dylan DeMelo,0
202311220TBL,TBL,dillobr01,Brenden Dillon,0
202311220TBL,TBL,ehlerni01,Nikolaj Ehlers,0
202311220TBL,TBL,gustada01,David Gustafsson,0
202311220TBL,TBL,iafalal01,Alex Iafallo,0
202311220TBL,TBL,jonssax01,Axel Jonsson-FjÃ¤llby,0
202311220TBL,TBL,lowryad01,Adam Lowry,1
202311220TBL,TBL,morrijo04,Josh Morrissey,1
202311220TBL,TBL,namesvl01,Vladislav Namestnikov,0
202311220TBL,TBL,niedeni01,Nino Niederreiter,0
202311220TBL,TBL,perfeco01,Cole Perfetti,0
202311220TBL,TBL,pionkne01,Neal Pionk,0
202311220TBL,TBL,sambedy01,Dylan Samberg,0
202311220TBL,TBL,scheima01,Mark Scheifele,1
202311220TBL,TBL,schmina01,Nate Schmidt,0
202311220TBL,TBL,helleco01,Connor Hellebuyck,0
202311220TBL,WPG,cernaer01,Erik ÄernÃ¡k,0
202311220TBL,WPG,cirelan01,Anthony Cirelli,0
202311220TBL,WPG,dehaaca01,Calvin de Haan,0
202311220TBL,WPG,eyssimi01,Michael Eyssimont,0
202311220TBL,WPG,glendlu01,Luke Glendening,0
202311220TBL,WPG,hagelbr01,Brandon Hagel,0
202311220TBL,WPG,hedmavi01,Victor Hedman,0
202311220TBL,WPG,jeannta01,Tanner Jeannot,0
202311220TBL,WPG,koepkco01,Cole Koepke,0
202311220TBL,WPG,kucheni01,Nikita Kucherov,0
202311220TBL,WPG,mottety01,Tyler Motte,0
202311220TBL,WPG,paulni01,Nick Paul,0
202311220TBL,WPG,perbini01,Nicklaus Perbix,0
202311220TBL,WPG,pointbr01,Brayden Point,1
202311220TBL,WPG,raddyda01,Darren Raddysh,0
202311220TBL,WPG,sergami01,Mikhail Sergachev,0
202311220TBL,WPG,stamkst01,Steven Stamkos,1
202311220TBL,WPG,watsoau01,Austin Watson,0
202311220TBL,WPG,johanjo03,Jonas Johansson,0
