game_id,opponent,player_id,player_name,scored
202311040VAN,VAN,bennja01,Jamie Benn,0
202311040VAN,VAN,dadonev01,Evgenii Dadonov,0
202311040VAN,VAN,dellaty01,Ty Dellandrea,0
202311040VAN,VAN,duchema01,Matt Duchene,0
202311040VAN,VAN,hakanja01,Jani HakanpÃ¤Ã¤,0
202311040VAN,VAN,harleth01,Thomas Harley,0
202311040VAN,VAN,heiskmi01,Miro Heiskanen,0
202311040VAN,VAN,hintzro01,Roope Hintz,0
202311040VAN,VAN,johnswy01,Wyatt Johnston,0
202311040VAN,VAN,lindees01,Esa Lindell,0
202311040VAN,VAN,lundkni01,Nils Lundkvist,0
202311040VAN,VAN,marchma01,Mason Marchment,0
202311040VAN,VAN,paveljo01,Joe Pavelski,0
202311040VAN,VAN,roberja01,Jason Robertson,0
202311040VAN,VAN,seguity01,Tyler Seguin,0
202311040VAN,VAN,smithcr01,Craig Smith,0
202311040VAN,VAN,steelsa01,Sam Steel,0
202311040VAN,VAN,suterry01,Ryan Suter,0
202311040VAN,VAN,oettija01,Jake Oettinger,0
202311040VAN,DAL,beauvan01,Anthony Beauvillier,0
202311040VAN,DAL,boesebr01,Brock Boeser,0
202311040VAN,DAL,coleia01,Ian Cole,0
202311040VAN,DAL,digiuph01,Phillip Di Giuseppe,0
202311040VAN,DAL,friedma01,Mark Friedman,0
202311040VAN,DAL,garlaco01,Conor Garland,0
202311040VAN,DAL,hoglani01,Nils HÃ¶glander,0
202311040VAN,DAL,hronefi01,Filip Hronek,0
202311040VAN,DAL,hughequ01,Quinn Hughes,0
202311040VAN,DAL,joshuda01,Dakota Joshua,0
202311040VAN,DAL,kuzmean01,Andrei Kuzmenko,0
202311040VAN,DAL,laffesa01,Sam Lafferty,0
202311040VAN,DAL,mikheil01,Ilya Mikheyev,0
202311040VAN,DAL,millejt01,J.T. Miller,0
202311040VAN,DAL,myersty01,Tyler Myers,0
202311040VAN,DAL,petteel01,Elias Pettersson,1
202311040VAN,DAL,soucyca01,Carson Soucy,0
202311040VAN,DAL,suterpi01,Pius Suter,1
202311040VAN,DAL,demkoth01,Thatcher Demko,0
