game_id,opponent,player_id,player_name,scored
202310280PIT,PIT,bathedr01,Drake Batherson,1
202310280PIT,PIT,bernaja01,Jacob Bernard-Docker,0
202310280PIT,PIT,chartro01,Rourke Chartier,0
202310280PIT,PIT,chychja01,Jakob Chychrun,0
202310280PIT,PIT,giroucl01,Claude Giroux,0
202310280PIT,PIT,greigri01,Ridly Greig,1
202310280PIT,PIT,hamontr01,Travis Hamonic,0
202310280PIT,PIT,josepma01,Mathieu Joseph,0
202310280PIT,PIT,kastema01,Mark Kastelic,0
202310280PIT,PIT,kellypa01,Parker Kelly,0
202310280PIT,PIT,klevety01,Tyler Kleven,0
202310280PIT,PIT,kubaldo01,Dominik KubalÃ­k,1
202310280PIT,PIT,matinni01,Nikolas Matinpalo,0
202310280PIT,PIT,norrijo01,Joshua Norris,0
202310280PIT,PIT,sandeja01,Jake Sanderson,0
202310280PIT,PIT,stuetti02,Tim StÃ¼tzle,0
202310280PIT,PIT,tarasvl01,Vladimir Tarasenko,0
202310280PIT,PIT,tkachbr01,Brady Tkachuk,1
202310280PIT,PIT,korpijo01,Joonas Korpisalo,0
202310280PIT,OTT,acciano01,Noel Acciari,0
202310280PIT,OTT,carteje01,Jeff Carter,0
202310280PIT,OTT,crosbsi01,Sidney Crosby,1
202310280PIT,OTT,ellerla01,Lars Eller,0
202310280PIT,OTT,gravery01,Ryan Graves,0
202310280PIT,OTT,guentja01,Jake Guentzel,1
202310280PIT,OTT,karlser01,Erik Karlsson,0
202310280PIT,OTT,letankr01,Kris Letang,0
202310280PIT,OTT,malkiev01,Evgeni Malkin,0
202310280PIT,OTT,nietoma01,Matthew Nieto,0
202310280PIT,OTT,oconndr01,Drew O'Connor,0
202310280PIT,OTT,pettema01,Marcus Pettersson,0
202310280PIT,OTT,rakelri01,Rickard Rakell,0
202310280PIT,OTT,ruhwech01,Chad Ruhwedel,0
202310280PIT,OTT,rustbr01,Bryan Rust,0
202310280PIT,OTT,sheary01,Ryan Shea,0
202310280PIT,OTT,smithre01,Reilly Smith,0
202310280PIT,OTT,zohorra01,Radim Zohorna,0
202310280PIT,OTT,hellbma01,Magnus Hellberg,0
202310280PIT,OTT,jarrytr01,Tristan Jarry,0
