game_id,opponent,player_id,player_name,scored
202311160SJS,SJS,blaissa01,Sammy Blais,0
202311160SJS,SJS,buchnpa01,Pavel Buchnevich,1
202311160SJS,SJS,faulkju01,Justin Faulk,0
202311160SJS,SJS,hayeske01,Kevin Hayes,0
202311160SJS,SJS,kapanka01,Kasperi Kapanen,0
202311160SJS,SJS,krugto01,Torey Krug,0
202311160SJS,SJS,kyroujo01,Jordan Kyrou,0
202311160SJS,SJS,leddyni01,Nick Leddy,0
202311160SJS,SJS,neighja01,Jake Neighbours,0
202311160SJS,SJS,parayco01,Colton Parayko,0
202311160SJS,SJS,perunsc01,Scott Perunovich,0
202311160SJS,SJS,saadbr01,Brandon Saad,0
202311160SJS,SJS,scandma01,Marco Scandella,0
202311160SJS,SJS,schenbr01,Brayden Schenn,0
202311160SJS,SJS,sundqos01,Oskar Sundqvist,0
202311160SJS,SJS,thomaro01,Robert Thomas,0
202311160SJS,SJS,toropal01,Alexey Toropchenko,0
202311160SJS,SJS,vranaja01,Jakub VrÃ¡na,0
202311160SJS,SJS,binnijo01,Jordan Binnington,0
202311160SJS,SJS,hoferjo01,Joel Hofer,0
202311160SJS,STL,addisca01,Calen Addison,0
202311160SJS,STL,burroky01,Kyle Burroughs,0
202311160SJS,STL,carpery01,Ryan Carpenter,0
202311160SJS,STL,duclaan01,Anthony Duclair,0
202311160SJS,STL,eklunwi01,William Eklund,1
202311160SJS,STL,emberty01,Ty Emberson,0
202311160SJS,STL,ferrama01,Mario Ferraro,0
202311160SJS,STL,granlmi01,Mikael Granlund,0
202311160SJS,STL,gushcda01,Daniil Gushchin,0
202311160SJS,STL,hertlto01,TomÃ¡Å¡ Hertl,0
202311160SJS,STL,hoffmmi02,Mike Hoffman,1
202311160SJS,STL,kuninlu01,Luke Kunin,1
202311160SJS,STL,okhotni01,Nikita Okhotyuk,0
202311160SJS,STL,ruttaja02,Jan Rutta,0
202311160SJS,STL,smithgi01,Givani Smith,1
202311160SJS,STL,sturmni01,Nico Sturm,0
202311160SJS,STL,zadinfi01,Filip Zadina,0
202311160SJS,STL,zettefa01,Fabian Zetterlund,0
202311160SJS,STL,kahkoka01,Kaapo KÃ¤hkÃ¶nen,0
