game_id,opponent,player_id,player_name,scored
202312190BOS,BOS,bogosza01,Zach Bogosian,0
202312190BOS,BOS,boldyma01,Matt Boldy,0
202312190BOS,BOS,dewarco01,Connor Dewar,0
202312190BOS,BOS,duhaibr01,Brandon Duhaime,0
202312190BOS,BOS,eriksjo02,Joel Eriksson Ek,0
202312190BOS,BOS,faberbr01,Brock Faber,0
202312190BOS,BOS,foligma01,Marcus Foligno,0
202312190BOS,BOS,gaudrfr01,FrÃ©dÃ©rick Gaudreau,0
202312190BOS,BOS,goligal01,Alex Goligoski,0
202312190BOS,BOS,hartmry01,Ryan Hartman,1
202312190BOS,BOS,huntda01,Daemon Hunt,0
202312190BOS,BOS,johanma03,Marcus Johansson,1
202312190BOS,BOS,kapriki01,Kirill Kaprizov,1
202312190BOS,BOS,lettivi01,Vinni Lettieri,0
202312190BOS,BOS,maroopa01,Pat Maroon,0
202312190BOS,BOS,merrijo01,Jonathon Merrill,0
202312190BOS,BOS,middlja01,Jacob Middleton,0
202312190BOS,BOS,rossima01,Marco Rossi,0
202312190BOS,BOS,fleurma01,Marc-AndrÃ© Fleury,0
202312190BOS,MIN,beechjo01,John Beecher,0
202312190BOS,MIN,carlobr01,Brandon Carlo,0
202312190BOS,MIN,coylech01,Charlie Coyle,0
202312190BOS,MIN,debruja01,Jake DeBrusk,0
202312190BOS,MIN,fredetr01,Trent Frederic,0
202312190BOS,MIN,geekimo01,Morgan Geekie,0
202312190BOS,MIN,grzelma01,Matt Grzelcyk,0
202312190BOS,MIN,heineda01,Danton Heinen,0
202312190BOS,MIN,laukoja01,Jakub Lauko,0
202312190BOS,MIN,lindhha01,Hampus Lindholm,0
202312190BOS,MIN,marchbr03,Brad Marchand,1
202312190BOS,MIN,mcavoch01,Charlie McAvoy,0
202312190BOS,MIN,pastrda01,David PastrÅÃ¡k,1
202312190BOS,MIN,shattke01,Kevin Shattenkirk,0
202312190BOS,MIN,steenos01,Oskar Steen,0
202312190BOS,MIN,vanrija01,James van Riemsdyk,0
202312190BOS,MIN,wothepa01,Parker Wotherspoon,0
202312190BOS,MIN,zachapa01,Pavel Zacha,0
202312190BOS,MIN,ullmali01,Linus Ullmark,0
