game_id,opponent,player_id,player_name,scored
202310190COL,COL,athanan01,Andreas Athanasiou,0
202310190COL,COL,bedarco01,Connor Bedard,0
202310190COL,COL,dickija01,Jason Dickinson,0
202310190COL,COL,donatry01,Ryan Donato,0
202310190COL,COL,entwima01,Mackenzie Entwistle,0
202310190COL,COL,foligni01,Nick Foligno,0
202310190COL,COL,hallta02,Taylor Hall,0
202310190COL,COL,johnsty01,Tyler Johnson,0
202310190COL,COL,jonesse01,Seth Jones,0
202310190COL,COL,kaisewy01,Wyatt Kaiser,0
202310190COL,COL,katchbo01,Boris Katchouk,0
202310190COL,COL,korchke01,Kevin Korchinski,0
202310190COL,COL,murphco02,Connor Murphy,0
202310190COL,COL,perryco01,Corey Perry,0
202310190COL,COL,raddyta01,Taylor Raddysh,0
202310190COL,COL,reichlu01,Lukas Reichel,0
202310190COL,COL,vlasial01,Alex Vlasic,0
202310190COL,COL,zaitsni01,Nikita Zaitsev,0
202310190COL,COL,mrazepe01,Petr MrÃ¡zek,0
202310190COL,CHI,byrambo01,Bowen Byram,0
202310190COL,CHI,coglian01,Andrew Cogliano,0
202310190COL,CHI,coltoro01,Ross Colton,0
202310190COL,CHI,drouijo01,Jonathan Drouin,0
202310190COL,CHI,girarsa01,Samuel Girard,0
202310190COL,CHI,johanry01,Ryan Johansen,1
202310190COL,CHI,johnsja02,Jack Johnson,0
202310190COL,CHI,lehkoar01,Artturi Lehkonen,0
202310190COL,CHI,mackina01,Nathan MacKinnon,1
202310190COL,CHI,makarca01,Cale Makar,0
202310190COL,CHI,mansojo01,Josh Manson,0
202310190COL,CHI,nichuva01,Valeri Nichushkin,0
202310190COL,CHI,oconnlo01,Logan O'Connor,1
202310190COL,CHI,olofsfr01,Fredrik Olofsson,0
202310190COL,CHI,rantami01,Mikko Rantanen,0
202310190COL,CHI,tatarto01,TomÃ¡Å¡ Tatar,0
202310190COL,CHI,toewsde01,Devon Toews,1
202310190COL,CHI,woodmi01,Miles Wood,0
202310190COL,CHI,georgal01,Alexandar Georgiev,0
