game_id,opponent,player_id,player_name,scored
202311220COL,COL,beauvan01,Anthony Beauvillier,0
202311220COL,COL,bluegte01,Teddy Blueger,0
202311220COL,COL,boesebr01,Brock Boeser,0
202311220COL,COL,coleia01,Ian Cole,0
202311220COL,COL,digiuph01,Phillip Di Giuseppe,0
202311220COL,COL,friedma01,Mark Friedman,0
202311220COL,COL,garlaco01,Conor Garland,0
202311220COL,COL,hoglani01,Nils HÃ¶glander,1
202311220COL,COL,hronefi01,Filip Hronek,0
202311220COL,COL,hughequ01,Quinn Hughes,0
202311220COL,COL,joshuda01,Dakota Joshua,0
202311220COL,COL,juulsno01,Noah Juulsen,0
202311220COL,COL,kuzmean01,Andrei Kuzmenko,0
202311220COL,COL,laffesa01,Sam Lafferty,0
202311220COL,COL,mikheil01,Ilya Mikheyev,0
202311220COL,COL,millejt01,J.T. Miller,1
202311220COL,COL,myersty01,Tyler Myers,0
202311220COL,COL,petteel01,Elias Pettersson,0
202311220COL,COL,demkoth01,Thatcher Demko,0
202311220COL,VAN,byrambo01,Bowen Byram,0
202311220COL,VAN,coglian01,Andrew Cogliano,0
202311220COL,VAN,coltoro01,Ross Colton,0
202311220COL,VAN,drouijo01,Jonathan Drouin,1
202311220COL,VAN,johanry01,Ryan Johansen,0
202311220COL,VAN,johnsja02,Jack Johnson,0
202311220COL,VAN,jonesca01,Caleb Jones,0
202311220COL,VAN,kivirjo01,Joel Kiviranta,0
202311220COL,VAN,mackina01,Nathan MacKinnon,0
202311220COL,VAN,makarca01,Cale Makar,1
202311220COL,VAN,mansojo01,Josh Manson,0
202311220COL,VAN,nichuva01,Valeri Nichushkin,1
202311220COL,VAN,olofsfr01,Fredrik Olofsson,0
202311220COL,VAN,rantami01,Mikko Rantanen,1
202311220COL,VAN,tatarto01,TomÃ¡Å¡ Tatar,0
202311220COL,VAN,toewsde01,Devon Toews,0
202311220COL,VAN,tufteri01,Riley Tufte,1
202311220COL,VAN,woodmi01,Miles Wood,0
202311220COL,VAN,georgal01,Alexandar Georgiev,0
