game_id,opponent,player_id,player_name,scored
202311020OTT,OTT,andermi02,Michael Anderson,0
202311020OTT,OTT,byfiequ01,Quinton Byfield,0
202311020OTT,OTT,danauph01,Phillip Danault,1
202311020OTT,OTT,doughdr01,Drew Doughty,0
202311020OTT,OTT,duboipi01,Pierre-Luc Dubois,0
202311020OTT,OTT,engluan01,Andreas Englund,0
202311020OTT,OTT,fialake01,Kevin Fiala,0
202311020OTT,OTT,gavrivl01,Vladislav Gavrikov,0
202311020OTT,OTT,grundca01,Carl GrundstrÃ¶m,1
202311020OTT,OTT,kaliyar01,Arthur Kaliyev,0
202311020OTT,OTT,kempead01,Adrian Kempe,0
202311020OTT,OTT,kopitan01,AnÅ¾e Kopitar,1
202311020OTT,OTT,laferal01,Alex Laferriere,0
202311020OTT,OTT,lewistr01,Trevor Lewis,0
202311020OTT,OTT,lizotbl01,Blake Lizotte,0
202311020OTT,OTT,mooretr01,Trevor Moore,0
202311020OTT,OTT,royma04,Matt Roy,0
202311020OTT,OTT,spencjo01,Jordan Spence,0
202311020OTT,OTT,talboca01,Cam Talbot,0
202311020OTT,LAK,bathedr01,Drake Batherson,0
202311020OTT,LAK,bernaja01,Jacob Bernard-Docker,0
202311020OTT,LAK,chartro01,Rourke Chartier,0
202311020OTT,LAK,chychja01,Jakob Chychrun,0
202311020OTT,LAK,giroucl01,Claude Giroux,0
202311020OTT,LAK,greigri01,Ridly Greig,0
202311020OTT,LAK,hamontr01,Travis Hamonic,0
202311020OTT,LAK,josepma01,Mathieu Joseph,0
202311020OTT,LAK,kastema01,Mark Kastelic,0
202311020OTT,LAK,kellypa01,Parker Kelly,0
202311020OTT,LAK,klevety01,Tyler Kleven,0
202311020OTT,LAK,kubaldo01,Dominik KubalÃ­k,1
202311020OTT,LAK,matinni01,Nikolas Matinpalo,0
202311020OTT,LAK,norrijo01,Joshua Norris,1
202311020OTT,LAK,sandeja01,Jake Sanderson,0
202311020OTT,LAK,stuetti02,Tim StÃ¼tzle,0
202311020OTT,LAK,tarasvl01,Vladimir Tarasenko,0
202311020OTT,LAK,tkachbr01,Brady Tkachuk,0
202311020OTT,LAK,korpijo01,Joonas Korpisalo,0
