game_id,opponent,player_id,player_name,scored
202310210BUF,BUF,ahose02,Sebastian Aho,0
202310210BUF,BUF,barzama01,Mathew Barzal,0
202310210BUF,BUF,boldusa01,Samuel Bolduc,0
202310210BUF,BUF,cizikca01,Casey Cizikas,0
202310210BUF,BUF,cluttca01,Cal Clutterbuck,0
202310210BUF,BUF,dobsono01,Noah Dobson,1
202310210BUF,BUF,engvapi01,Pierre Engvall,0
202310210BUF,BUF,gauthju01,Julien Gauthier,0
202310210BUF,BUF,horvabo01,Bo Horvat,0
202310210BUF,BUF,leean01,Anders Lee,0
202310210BUF,BUF,martima02,Matt Martin,0
202310210BUF,BUF,nelsobr01,Brock Nelson,0
202310210BUF,BUF,pageaje01,Jean-Gabriel Pageau,0
202310210BUF,BUF,palmiky01,Kyle Palmieri,0
202310210BUF,BUF,pelecad01,Adam Pelech,0
202310210BUF,BUF,pulocry01,Ryan Pulock,0
202310210BUF,BUF,romanal01,Alexander Romanov,0
202310210BUF,BUF,wahlsol01,Oliver Wahlstrom,0
202310210BUF,BUF,varlasi01,Semyon Varlamov,0
202310210BUF,NYI,cliftco01,Connor Clifton,0
202310210BUF,NYI,cozendy01,Dylan Cozens,1
202310210BUF,NYI,dahlira01,Rasmus Dahlin,0
202310210BUF,NYI,girgeze01,Zemgus Girgensons,0
202310210BUF,NYI,greenjo02,Jordan Greenway,0
202310210BUF,NYI,johnser01,Erik Johnson,0
202310210BUF,NYI,jokihhe01,Henri Jokiharju,0
202310210BUF,NYI,jostty01,Tyson Jost,0
202310210BUF,NYI,krebspe01,Peyton Krebs,0
202310210BUF,NYI,mitteca01,Casey Mittelstadt,0
202310210BUF,NYI,okposky01,Kyle Okposo,0
202310210BUF,NYI,olofsvi01,Victor Olofsson,0
202310210BUF,NYI,peterjo01,John-Jason Peterka,0
202310210BUF,NYI,powerow01,Owen Power,0
202310210BUF,NYI,samuema02,Mattias Samuelsson,1
202310210BUF,NYI,skinnje01,Jeff Skinner,1
202310210BUF,NYI,thompta01,Tage Thompson,0
202310210BUF,NYI,tuchal01,Alex Tuch,0
202310210BUF,NYI,comrier01,Eric Comrie,0
