game_id,opponent,player_id,player_name,scored
202312090WSH,WSH,boninni01,Nick Bonino,0
202312090WSH,WSH,brodzjo01,Jonny Brodzinski,0
202312090WSH,WSH,cuyllwi01,William Cuylle,0
202312090WSH,WSH,foxad01,Adam Fox,0
202312090WSH,WSH,gustaer02,Erik Gustafsson,0
202312090WSH,WSH,kreidch01,Chris Kreider,0
202312090WSH,WSH,lafreal01,Alexis LafreniÃ¨re,0
202312090WSH,WSH,lindgry01,Ryan Lindgren,0
202312090WSH,WSH,milleka01,K'Andre Miller,0
202312090WSH,WSH,nashri02,Riley Nash,0
202312090WSH,WSH,panarar01,Artemi Panarin,0
202312090WSH,WSH,pitlity01,Tyler Pitlick,0
202312090WSH,WSH,schnebr01,Braden Schneider,0
202312090WSH,WSH,trochvi01,Vincent Trocheck,0
202312090WSH,WSH,troubja01,Jacob Trouba,0
202312090WSH,WSH,veseyji02,Jimmy Vesey,0
202312090WSH,WSH,wheelbl01,Blake Wheeler,0
202312090WSH,WSH,zibanmi01,Mika Zibanejad,0
202312090WSH,WSH,shestig01,Igor Shesterkin,0
202312090WSH,NYR,aubekni01,Nicolas AubÃ©-Kubel,1
202312090WSH,NYR,carlsjo01,John Carlson,0
202312090WSH,NYR,dowdni01,Nic Dowd,0
202312090WSH,NYR,edmunjo01,Joel Edmundson,0
202312090WSH,NYR,feherma01,Martin FehÃ©rvÃ¡ry,0
202312090WSH,NYR,jenseni02,Nick Jensen,0
202312090WSH,NYR,kuzneev01,Evgeny Kuznetsov,0
202312090WSH,NYR,malenbe01,Beck Malenstyn,0
202312090WSH,NYR,manthan01,Anthony Mantha,1
202312090WSH,NYR,mcmicco01,Connor McMichael,0
202312090WSH,NYR,milanso01,Sonny Milano,1
202312090WSH,NYR,oshietj01,T.J. Oshie,0
202312090WSH,NYR,ovechal01,Alex Ovechkin,0
202312090WSH,NYR,protaal01,Aliaksei Protas,0
202312090WSH,NYR,sandira01,Rasmus Sandin,0
202312090WSH,NYR,stromdy01,Dylan Strome,0
202312090WSH,NYR,vanritr01,Trevor van Riemsdyk,0
202312090WSH,NYR,wilsoto01,Tom Wilson,1
202312090WSH,NYR,lindgch01,Charlie Lindgren,0
